ProductCode,Name,Category,UnitPrice,MinimumStock,ReorderQuantity,Supplier,SupplierPartNo,Weight_kg,Location,Description
PRD-000001,Motion Sensor Light XL 150,Lighting,1791.63,5,10,Allied Electronics,SP-382370,29.21,"Aisle H, Shelf 3","High-quality motion sensor light xl 150 suitable for industrial and commercial use. Meets ISO standards. Compliant with EN, ISO 9001, and OSHA workplace standards. Includes manufacturer warranty and full technical documentation. Suitable for continuous industrial duty cycles and harsh environments."
PRD-000002,Logic Analyzer Advanced 150,Electronics,808.97,15,30,Würth Group,SP-366131,3.36,"Aisle A, Shelf 19","High-quality logic analyzer advanced 150 suitable for industrial and commercial use. Meets ISO standards. Compliant with EN, ISO 9001, and OSHA workplace standards. Includes manufacturer warranty and full technical documentation. Suitable for continuous industrial duty cycles and harsh environments."
PRD-000003,Mop System Advanced 300,Cleaning,1938.41,20,40,Bosch GmbH,SP-526417,74.96,"Aisle F, Shelf 15","High-quality mop system advanced 300 suitable for industrial and commercial use. Meets ISO standards. Compliant with EN, ISO 9001, and OSHA workplace standards. Includes manufacturer warranty and full technical documentation. Suitable for continuous industrial duty cycles and harsh environments."
PRD-000004,Pipe Fitting Set Elite 150,Plumbing,2490.37,15,30,Allied Electronics,SP-998195,1.97,"Aisle B, Shelf 7","High-quality pipe fitting set elite 150 suitable for industrial and commercial use. Meets ISO standards. Compliant with EN, ISO 9001, and OSHA workplace standards. Includes manufacturer warranty and full technical documentation. Suitable for continuous industrial duty cycles and harsh environments."
PRD-000005,Safety Goggles Compact 500,Safety Equipment,325.99,50,150,Honeywell Inc,SP-654241,59.37,"Aisle C, Shelf 5","High-quality safety goggles compact 500 suitable for industrial and commercial use. Meets ISO standards. Compliant with EN, ISO 9001, and OSHA workplace standards. Includes manufacturer warranty and full technical documentation. Suitable for continuous industrial duty cycles and harsh environments."
PRD-000006,Terminal Block Plus 1000,Electrical,2263.3,100,200,Grainger Inc,SP-303637,36.15,"Aisle E, Shelf 15","High-quality terminal block plus 1000 suitable for industrial and commercial use. Meets ISO standards. Compliant with EN, ISO 9001, and OSHA workplace standards. Includes manufacturer warranty and full technical documentation. Suitable for continuous industrial duty cycles and harsh environments."
PRD-000007,Portable Work Light Industrial 750,Lighting,1097.46,5,10,Digi-Key Corp,SP-208116,46.54,"Aisle E, Shelf 9","High-quality portable work light industrial 750 suitable for industrial and commercial use. Meets ISO standards. Compliant with EN, ISO 9001, and OSHA workplace standards. Includes manufacturer warranty and full technical documentation. Suitable for continuous industrial duty cycles and harsh environments."
PRD-000008,Projector Premium 300,Office Supplies,1234.82,5,25,Allied Electronics,SP-880897,4.35,"Aisle A, Shelf 2","High-quality projector premium 300 suitable for industrial and commercial use. Meets ISO standards. Compliant with EN, ISO 9001, and OSHA workplace standards. Includes manufacturer warranty and full technical documentation. Suitable for continuous industrial duty cycles and harsh environments."
PRD-000009,Stretch Wrap Roll Commercial 400,Packaging,390.89,20,60,Fastenal Company,SP-158211,21.12,"Aisle F, Shelf 4","High-quality stretch wrap roll commercial 400 suitable for industrial and commercial use. Meets ISO standards. Compliant with EN, ISO 9001, and OSHA workplace standards. Includes manufacturer warranty and full technical documentation. Suitable for continuous industrial duty cycles and harsh environments."
PRD-000010,Router Heavy-Duty 250,Tools,939.38,50,250,Fastenal Company,SP-284835,67.21,"Aisle F, Shelf 19","High-quality router heavy-duty 250 suitable for industrial and commercial use. Meets ISO standards. Compliant with EN, ISO 9001, and OSHA workplace standards. Includes manufacturer warranty and full technical documentation. Suitable for continuous industrial duty cycles and harsh environments."
PRD-000011,Hex Bolt Box Premium 50,Fasteners,1916.74,100,200,Stanley Black & Decker,SP-766522,73.51,"Aisle G, Shelf 14","High-quality hex bolt box premium 50 suitable for industrial and commercial use. Meets ISO standards. Compliant with EN, ISO 9001, and OSHA workplace standards. Includes manufacturer warranty and full technical documentation. Suitable for continuous industrial duty cycles and harsh environments."
PRD-000012,Sealant Tube Elite 180,Paint & Coating,335.54,5,20,Philips Industries,SP-731310,18.78,"Aisle D, Shelf 17","High-quality sealant tube elite 180 suitable for industrial and commercial use. Meets ISO standards. Compliant with EN, ISO 9001, and OSHA workplace standards. Includes manufacturer warranty and full technical documentation. Suitable for continuous industrial duty cycles and harsh environments."
PRD-000013,Toggle Bolt Box Standard 250,Fasteners,969.12,5,10,Siemens AG,SP-951419,41.67,"Aisle E, Shelf 15","High-quality toggle bolt box standard 250 suitable for industrial and commercial use. Meets ISO standards. Compliant with EN, ISO 9001, and OSHA workplace standards. Includes manufacturer warranty and full technical documentation. Suitable for continuous industrial duty cycles and harsh environments."
PRD-000014,Circuit Breaker Ultra 350,Electrical,778.79,15,30,Honeywell Inc,SP-693029,83.68,"Aisle G, Shelf 8","High-quality circuit breaker ultra 350 suitable for industrial and commercial use. Meets ISO standards. Compliant with EN, ISO 9001, and OSHA workplace standards. Includes manufacturer warranty and full technical documentation. Suitable for continuous industrial duty cycles and harsh environments."
PRD-000015,Pneumatic Valve Industrial 50,Industrial Parts,1574.96,5,15,Siemens AG,SP-963005,72.46,"Aisle E, Shelf 2","High-quality pneumatic valve industrial 50 suitable for industrial and commercial use. Meets ISO standards. Compliant with EN, ISO 9001, and OSHA workplace standards. Includes manufacturer warranty and full technical documentation. Suitable for continuous industrial duty cycles and harsh environments."
PRD-000016,Spray Paint Can Plus 75,Paint & Coating,1645.9,5,10,ABB Ltd,SP-334382,57.23,"Aisle E, Shelf 19","High-quality spray paint can plus 75 suitable for industrial and commercial use. Meets ISO standards. Compliant with EN, ISO 9001, and OSHA workplace standards. Includes manufacturer warranty and full technical documentation. Suitable for continuous industrial duty cycles and harsh environments."
PRD-000017,Air Compressor Plus 1000,HVAC,2175.36,25,125,MSC Industrial,SP-625029,43.07,"Aisle G, Shelf 16","High-quality air compressor plus 1000 suitable for industrial and commercial use. Meets ISO standards. Compliant with EN, ISO 9001, and OSHA workplace standards. Includes manufacturer warranty and full technical documentation. Suitable for continuous industrial duty cycles and harsh environments."
PRD-000018,Humidity Sensor Premium 120,HVAC,1361.78,20,60,RS Components,SP-963349,60.59,"Aisle G, Shelf 16","High-quality humidity sensor premium 120 suitable for industrial and commercial use. Meets ISO standards. Compliant with EN, ISO 9001, and OSHA workplace standards. Includes manufacturer warranty and full technical documentation. Suitable for continuous industrial duty cycles and harsh environments."
PRD-000019,Jigsaw XL 750,Tools,1008.34,10,30,Grainger Inc,SP-284230,72.74,"Aisle E, Shelf 8","High-quality jigsaw xl 750 suitable for industrial and commercial use. Meets ISO standards. Compliant with EN, ISO 9001, and OSHA workplace standards. Includes manufacturer warranty and full technical documentation. Suitable for continuous industrial duty cycles and harsh environments."
PRD-000020,Pallet Rack Mini 500,Storage,525.47,20,40,RS Components,SP-566840,82.31,"Aisle E, Shelf 16","High-quality pallet rack mini 500 suitable for industrial and commercial use. Meets ISO standards. Compliant with EN, ISO 9001, and OSHA workplace standards. Includes manufacturer warranty and full technical documentation. Suitable for continuous industrial duty cycles and harsh environments."
PRD-000021,Clip Assortment Max 250,Fasteners,1638.9,15,75,Bosch GmbH,SP-498331,5.33,"Aisle E, Shelf 18","High-quality clip assortment max 250 suitable for industrial and commercial use. Meets ISO standards. Compliant with EN, ISO 9001, and OSHA workplace standards. Includes manufacturer warranty and full technical documentation. Suitable for continuous industrial duty cycles and harsh environments."
PRD-000022,Floodlight Advanced 250,Lighting,1569.35,15,60,Mouser Electronics,SP-121376,26.93,"Aisle E, Shelf 20","High-quality floodlight advanced 250 suitable for industrial and commercial use. Meets ISO standards. Compliant with EN, ISO 9001, and OSHA workplace standards. Includes manufacturer warranty and full technical documentation. Suitable for continuous industrial duty cycles and harsh environments."
PRD-000023,Cardboard Box Set Max 350,Packaging,1004.66,50,200,Philips Industries,SP-306066,19.75,"Aisle B, Shelf 11","High-quality cardboard box set max 350 suitable for industrial and commercial use. Meets ISO standards. Compliant with EN, ISO 9001, and OSHA workplace standards. Includes manufacturer warranty and full technical documentation. Suitable for continuous industrial duty cycles and harsh environments."
PRD-000024,Industrial Vacuum Compact 200,Cleaning,569.72,25,75,3M Corporation,SP-772437,31.41,"Aisle H, Shelf 6","High-quality industrial vacuum compact 200 suitable for industrial and commercial use. Meets ISO standards. Compliant with EN, ISO 9001, and OSHA workplace standards. Includes manufacturer warranty and full technical documentation. Suitable for continuous industrial duty cycles and harsh environments."
PRD-000025,Emergency Light Industrial 750,Lighting,1150.99,15,75,Digi-Key Corp,SP-414793,12.2,"Aisle C, Shelf 20","High-quality emergency light industrial 750 suitable for industrial and commercial use. Meets ISO standards. Compliant with EN, ISO 9001, and OSHA workplace standards. Includes manufacturer warranty and full technical documentation. Suitable for continuous industrial duty cycles and harsh environments."
PRD-000026,Portable Work Light Compact 750,Lighting,803.48,10,30,3M Corporation,SP-364458,68.81,"Aisle D, Shelf 12","High-quality portable work light compact 750 suitable for industrial and commercial use. Meets ISO standards. Compliant with EN, ISO 9001, and OSHA workplace standards. Includes manufacturer warranty and full technical documentation. Suitable for continuous industrial duty cycles and harsh environments."
PRD-000027,LED Panel Light Commercial 400,Lighting,1844.6,15,45,Mouser Electronics,SP-712314,9.28,"Aisle H, Shelf 15","High-quality led panel light commercial 400 suitable for industrial and commercial use. Meets ISO standards. Compliant with EN, ISO 9001, and OSHA workplace standards. Includes manufacturer warranty and full technical documentation. Suitable for continuous industrial duty cycles and harsh environments."
PRD-000028,Thermostat Premium 120,HVAC,957.63,20,60,Siemens AG,SP-633283,5.84,"Aisle B, Shelf 16","High-quality thermostat premium 120 suitable for industrial and commercial use. Meets ISO standards. Compliant with EN, ISO 9001, and OSHA workplace standards. Includes manufacturer warranty and full technical documentation. Suitable for continuous industrial duty cycles and harsh environments."
PRD-000029,Wire Shelving Ultra 250,Storage,1906.86,5,15,Siemens AG,SP-722456,17.11,"Aisle B, Shelf 1","High-quality wire shelving ultra 250 suitable for industrial and commercial use. Meets ISO standards. Compliant with EN, ISO 9001, and OSHA workplace standards. Includes manufacturer warranty and full technical documentation. Suitable for continuous industrial duty cycles and harsh environments."
PRD-000030,Outlet Box Standard 300,Electrical,462.43,50,200,Makita Corp,SP-676936,74.47,"Aisle A, Shelf 10","High-quality outlet box standard 300 suitable for industrial and commercial use. Meets ISO standards. Compliant with EN, ISO 9001, and OSHA workplace standards. Includes manufacturer warranty and full technical documentation. Suitable for continuous industrial duty cycles and harsh environments."
PRD-000031,Shrink Wrap System Advanced 150,Packaging,2060.61,20,100,DeWalt Tools,SP-389947,73.13,"Aisle A, Shelf 10","High-quality shrink wrap system advanced 150 suitable for industrial and commercial use. Meets ISO standards. Compliant with EN, ISO 9001, and OSHA workplace standards. Includes manufacturer warranty and full technical documentation. Suitable for continuous industrial duty cycles and harsh environments."
PRD-000032,Refrigerant Kit Industrial 75,HVAC,1254.0,100,400,Mouser Electronics,SP-346020,51.59,"Aisle F, Shelf 10","High-quality refrigerant kit industrial 75 suitable for industrial and commercial use. Meets ISO standards. Compliant with EN, ISO 9001, and OSHA workplace standards. Includes manufacturer warranty and full technical documentation. Suitable for continuous industrial duty cycles and harsh environments."
PRD-000033,Ventilation Fan Premium 350,HVAC,561.17,10,30,Siemens AG,SP-324599,42.7,"Aisle D, Shelf 2","High-quality ventilation fan premium 350 suitable for industrial and commercial use. Meets ISO standards. Compliant with EN, ISO 9001, and OSHA workplace standards. Includes manufacturer warranty and full technical documentation. Suitable for continuous industrial duty cycles and harsh environments."
PRD-000034,Ear Protection XL 75,Safety Equipment,1044.13,25,75,Siemens AG,SP-991740,80.9,"Aisle C, Shelf 1","High-quality ear protection xl 75 suitable for industrial and commercial use. Meets ISO standards. Compliant with EN, ISO 9001, and OSHA workplace standards. Includes manufacturer warranty and full technical documentation. Suitable for continuous industrial duty cycles and harsh environments."
PRD-000035,Sealant Tube Premium 350,Paint & Coating,661.32,100,300,ABB Ltd,SP-738609,11.15,"Aisle F, Shelf 19","High-quality sealant tube premium 350 suitable for industrial and commercial use. Meets ISO standards. Compliant with EN, ISO 9001, and OSHA workplace standards. Includes manufacturer warranty and full technical documentation. Suitable for continuous industrial duty cycles and harsh environments."
PRD-000036,Jigsaw Advanced 300,Tools,1027.47,15,75,Allied Electronics,SP-407436,43.51,"Aisle G, Shelf 2","High-quality jigsaw advanced 300 suitable for industrial and commercial use. Meets ISO standards. Compliant with EN, ISO 9001, and OSHA workplace standards. Includes manufacturer warranty and full technical documentation. Suitable for continuous industrial duty cycles and harsh environments."
PRD-000037,Heat Exchanger Advanced 250,HVAC,1844.16,100,500,Stanley Black & Decker,SP-690518,69.07,"Aisle A, Shelf 13","High-quality heat exchanger advanced 250 suitable for industrial and commercial use. Meets ISO standards. Compliant with EN, ISO 9001, and OSHA workplace standards. Includes manufacturer warranty and full technical documentation. Suitable for continuous industrial duty cycles and harsh environments."
PRD-000038,Circular Saw Standard 180,Tools,874.78,50,100,Würth Group,SP-562859,47.51,"Aisle C, Shelf 1","High-quality circular saw standard 180 suitable for industrial and commercial use. Meets ISO standards. Compliant with EN, ISO 9001, and OSHA workplace standards. Includes manufacturer warranty and full technical documentation. Suitable for continuous industrial duty cycles and harsh environments."
PRD-000039,Bin Organizer Compact 75,Storage,111.98,15,60,Grainger Inc,SP-524172,42.24,"Aisle G, Shelf 13","High-quality bin organizer compact 75 suitable for industrial and commercial use. Meets ISO standards. Compliant with EN, ISO 9001, and OSHA workplace standards. Includes manufacturer warranty and full technical documentation. Suitable for continuous industrial duty cycles and harsh environments."
PRD-000040,Circular Saw Pro 750,Tools,79.98,100,400,MSC Industrial,SP-672016,57.72,"Aisle C, Shelf 10","High-quality circular saw pro 750 suitable for industrial and commercial use. Meets ISO standards. Compliant with EN, ISO 9001, and OSHA workplace standards. Includes manufacturer warranty and full technical documentation. Suitable for continuous industrial duty cycles and harsh environments."
PRD-000041,Steam Cleaner Standard 120,Cleaning,954.16,10,20,Honeywell Inc,SP-516721,39.79,"Aisle H, Shelf 5","High-quality steam cleaner standard 120 suitable for industrial and commercial use. Meets ISO standards. Compliant with EN, ISO 9001, and OSHA workplace standards. Includes manufacturer warranty and full technical documentation. Suitable for continuous industrial duty cycles and harsh environments."
PRD-000042,Hex Bolt Box Plus 100,Fasteners,1289.57,20,80,Allied Electronics,SP-402517,66.59,"Aisle H, Shelf 15","High-quality hex bolt box plus 100 suitable for industrial and commercial use. Meets ISO standards. Compliant with EN, ISO 9001, and OSHA workplace standards. Includes manufacturer warranty and full technical documentation. Suitable for continuous industrial duty cycles and harsh environments."
PRD-000043,Hex Bolt Box Heavy-Duty 180,Fasteners,1946.04,5,25,RS Components,SP-995547,62.06,"Aisle G, Shelf 20","High-quality hex bolt box heavy-duty 180 suitable for industrial and commercial use. Meets ISO standards. Compliant with EN, ISO 9001, and OSHA workplace standards. Includes manufacturer warranty and full technical documentation. Suitable for continuous industrial duty cycles and harsh environments."
PRD-000044,Mop System Heavy-Duty 600,Cleaning,1315.76,10,50,Siemens AG,SP-471169,65.85,"Aisle A, Shelf 3","High-quality mop system heavy-duty 600 suitable for industrial and commercial use. Meets ISO standards. Compliant with EN, ISO 9001, and OSHA workplace standards. Includes manufacturer warranty and full technical documentation. Suitable for continuous industrial duty cycles and harsh environments."
PRD-000045,Coupling Heavy-Duty 350,Industrial Parts,269.83,5,10,RS Components,SP-653673,56.48,"Aisle H, Shelf 3","High-quality coupling heavy-duty 350 suitable for industrial and commercial use. Meets ISO standards. Compliant with EN, ISO 9001, and OSHA workplace standards. Includes manufacturer warranty and full technical documentation. Suitable for continuous industrial duty cycles and harsh environments."
PRD-000046,Filing Cabinet Commercial 750,Office Supplies,1584.08,20,60,RS Components,SP-108342,64.85,"Aisle F, Shelf 18","High-quality filing cabinet commercial 750 suitable for industrial and commercial use. Meets ISO standards. Compliant with EN, ISO 9001, and OSHA workplace standards. Includes manufacturer warranty and full technical documentation. Suitable for continuous industrial duty cycles and harsh environments."
PRD-000047,Label Maker Advanced 300,Office Supplies,944.42,5,15,RS Components,SP-485793,82.4,"Aisle D, Shelf 20","High-quality label maker advanced 300 suitable for industrial and commercial use. Meets ISO standards. Compliant with EN, ISO 9001, and OSHA workplace standards. Includes manufacturer warranty and full technical documentation. Suitable for continuous industrial duty cycles and harsh environments."
PRD-000048,Planer Heavy-Duty 750,Tools,2499.61,15,60,Stanley Black & Decker,SP-791797,38.03,"Aisle E, Shelf 6","High-quality planer heavy-duty 750 suitable for industrial and commercial use. Meets ISO standards. Compliant with EN, ISO 9001, and OSHA workplace standards. Includes manufacturer warranty and full technical documentation. Suitable for continuous industrial duty cycles and harsh environments."
PRD-000049,High Bay Light Premium 150,Lighting,1607.78,50,250,Makita Corp,SP-872715,69.44,"Aisle B, Shelf 17","High-quality high bay light premium 150 suitable for industrial and commercial use. Meets ISO standards. Compliant with EN, ISO 9001, and OSHA workplace standards. Includes manufacturer warranty and full technical documentation. Suitable for continuous industrial duty cycles and harsh environments."
PRD-000050,Coupling Elite 150,Industrial Parts,1148.03,100,400,Bosch GmbH,SP-326623,54.58,"Aisle G, Shelf 4","High-quality coupling elite 150 suitable for industrial and commercial use. Meets ISO standards. Compliant with EN, ISO 9001, and OSHA workplace standards. Includes manufacturer warranty and full technical documentation. Suitable for continuous industrial duty cycles and harsh environments."
PRD-000051,Sealant Tube Industrial 750,Paint & Coating,2270.43,50,100,Fastenal Company,SP-778892,23.4,"Aisle C, Shelf 2","High-quality sealant tube industrial 750 suitable for industrial and commercial use. Meets ISO standards. Compliant with EN, ISO 9001, and OSHA workplace standards. Includes manufacturer warranty and full technical documentation. Suitable for continuous industrial duty cycles and harsh environments."
PRD-000052,Wire Spool Ultra 750,Electrical,981.03,5,15,RS Components,SP-619469,79.15,"Aisle F, Shelf 17","High-quality wire spool ultra 750 suitable for industrial and commercial use. Meets ISO standards. Compliant with EN, ISO 9001, and OSHA workplace standards. Includes manufacturer warranty and full technical documentation. Suitable for continuous industrial duty cycles and harsh environments."
PRD-000053,Bin Organizer Basic 180,Storage,219.67,15,30,Fastenal Company,SP-449582,75.08,"Aisle C, Shelf 2","High-quality bin organizer basic 180 suitable for industrial and commercial use. Meets ISO standards. Compliant with EN, ISO 9001, and OSHA workplace standards. Includes manufacturer warranty and full technical documentation. Suitable for continuous industrial duty cycles and harsh environments."
PRD-000054,Sump Pump Ultra 300,Plumbing,334.2,15,75,Stanley Black & Decker,SP-385779,9.14,"Aisle C, Shelf 12","High-quality sump pump ultra 300 suitable for industrial and commercial use. Meets ISO standards. Compliant with EN, ISO 9001, and OSHA workplace standards. Includes manufacturer warranty and full technical documentation. Suitable for continuous industrial duty cycles and harsh environments."
PRD-000055,Conduit Pack Elite 350,Electrical,720.8,25,50,Bosch GmbH,SP-452208,70.63,"Aisle D, Shelf 2","High-quality conduit pack elite 350 suitable for industrial and commercial use. Meets ISO standards. Compliant with EN, ISO 9001, and OSHA workplace standards. Includes manufacturer warranty and full technical documentation. Suitable for continuous industrial duty cycles and harsh environments."
PRD-000056,Creeper Advanced 120,Automotive,1144.77,20,60,MSC Industrial,SP-938319,65.15,"Aisle A, Shelf 19","High-quality creeper advanced 120 suitable for industrial and commercial use. Meets ISO standards. Compliant with EN, ISO 9001, and OSHA workplace standards. Includes manufacturer warranty and full technical documentation. Suitable for continuous industrial duty cycles and harsh environments."
PRD-000057,Locker Unit Heavy-Duty 400,Storage,1779.28,10,20,Allied Electronics,SP-616136,77.28,"Aisle B, Shelf 8","High-quality locker unit heavy-duty 400 suitable for industrial and commercial use. Meets ISO standards. Compliant with EN, ISO 9001, and OSHA workplace standards. Includes manufacturer warranty and full technical documentation. Suitable for continuous industrial duty cycles and harsh environments."
PRD-000058,Filing Cabinet Ultra 75,Office Supplies,2190.99,25,50,Makita Corp,SP-228365,24.73,"Aisle H, Shelf 15","High-quality filing cabinet ultra 75 suitable for industrial and commercial use. Meets ISO standards. Compliant with EN, ISO 9001, and OSHA workplace standards. Includes manufacturer warranty and full technical documentation. Suitable for continuous industrial duty cycles and harsh environments."
PRD-000059,Jack Stand Set XL 300,Automotive,25.63,100,200,Makita Corp,SP-386356,83.92,"Aisle E, Shelf 6","High-quality jack stand set xl 300 suitable for industrial and commercial use. Meets ISO standards. Compliant with EN, ISO 9001, and OSHA workplace standards. Includes manufacturer warranty and full technical documentation. Suitable for continuous industrial duty cycles and harsh environments."
PRD-000060,Floor Scrubber Max 300,Cleaning,29.8,5,10,DeWalt Tools,SP-970024,55.26,"Aisle H, Shelf 7","High-quality floor scrubber max 300 suitable for industrial and commercial use. Meets ISO standards. Compliant with EN, ISO 9001, and OSHA workplace standards. Includes manufacturer warranty and full technical documentation. Suitable for continuous industrial duty cycles and harsh environments."
PRD-000061,Steel-toe Boots Advanced 100,Safety Equipment,2221.65,20,60,Allied Electronics,SP-810708,44.55,"Aisle G, Shelf 14","High-quality steel-toe boots advanced 100 suitable for industrial and commercial use. Meets ISO standards. Compliant with EN, ISO 9001, and OSHA workplace standards. Includes manufacturer warranty and full technical documentation. Suitable for continuous industrial duty cycles and harsh environments."
PRD-000062,Brake Pad Set Basic 250,Automotive,1784.45,15,75,Mouser Electronics,SP-134364,60.77,"Aisle F, Shelf 13","High-quality brake pad set basic 250 suitable for industrial and commercial use. Meets ISO standards. Compliant with EN, ISO 9001, and OSHA workplace standards. Includes manufacturer warranty and full technical documentation. Suitable for continuous industrial duty cycles and harsh environments."
PRD-000063,Brake Pad Set Basic 120,Automotive,1235.24,100,200,3M Corporation,SP-446797,26.84,"Aisle E, Shelf 17","High-quality brake pad set basic 120 suitable for industrial and commercial use. Meets ISO standards. Compliant with EN, ISO 9001, and OSHA workplace standards. Includes manufacturer warranty and full technical documentation. Suitable for continuous industrial duty cycles and harsh environments."
PRD-000064,Cardboard Box Set Commercial 250,Packaging,723.77,100,400,Schneider Electric,SP-580103,38.45,"Aisle F, Shelf 4","High-quality cardboard box set commercial 250 suitable for industrial and commercial use. Meets ISO standards. Compliant with EN, ISO 9001, and OSHA workplace standards. Includes manufacturer warranty and full technical documentation. Suitable for continuous industrial duty cycles and harsh environments."
PRD-000065,Ventilation Fan Mini 300,HVAC,1781.58,25,50,ABB Ltd,SP-396876,26.47,"Aisle A, Shelf 1","High-quality ventilation fan mini 300 suitable for industrial and commercial use. Meets ISO standards. Compliant with EN, ISO 9001, and OSHA workplace standards. Includes manufacturer warranty and full technical documentation. Suitable for continuous industrial duty cycles and harsh environments."
PRD-000066,Fuse Kit Max 100,Electrical,341.03,100,400,Digi-Key Corp,SP-639754,44.86,"Aisle E, Shelf 16","High-quality fuse kit max 100 suitable for industrial and commercial use. Meets ISO standards. Compliant with EN, ISO 9001, and OSHA workplace standards. Includes manufacturer warranty and full technical documentation. Suitable for continuous industrial duty cycles and harsh environments."
PRD-000067,Ear Protection XL 150,Safety Equipment,1785.04,5,15,MSC Industrial,SP-516420,0.61,"Aisle F, Shelf 10","High-quality ear protection xl 150 suitable for industrial and commercial use. Meets ISO standards. Compliant with EN, ISO 9001, and OSHA workplace standards. Includes manufacturer warranty and full technical documentation. Suitable for continuous industrial duty cycles and harsh environments."
PRD-000068,Brush Set Ultra 600,Paint & Coating,525.4,15,60,Grainger Inc,SP-272691,13.21,"Aisle E, Shelf 12","High-quality brush set ultra 600 suitable for industrial and commercial use. Meets ISO standards. Compliant with EN, ISO 9001, and OSHA workplace standards. Includes manufacturer warranty and full technical documentation. Suitable for continuous industrial duty cycles and harsh environments."
PRD-000069,Spark Plug Pack Advanced 750,Automotive,553.01,15,75,Hilti AG,SP-299722,22.41,"Aisle D, Shelf 3","High-quality spark plug pack advanced 750 suitable for industrial and commercial use. Meets ISO standards. Compliant with EN, ISO 9001, and OSHA workplace standards. Includes manufacturer warranty and full technical documentation. Suitable for continuous industrial duty cycles and harsh environments."
PRD-000070,Locker Unit Premium 750,Storage,2164.89,20,40,RS Components,SP-190655,73.75,"Aisle E, Shelf 2","High-quality locker unit premium 750 suitable for industrial and commercial use. Meets ISO standards. Compliant with EN, ISO 9001, and OSHA workplace standards. Includes manufacturer warranty and full technical documentation. Suitable for continuous industrial duty cycles and harsh environments."
PRD-000071,Circular Saw Advanced 50,Tools,664.13,20,80,Bosch GmbH,SP-586699,36.93,"Aisle H, Shelf 20","High-quality circular saw advanced 50 suitable for industrial and commercial use. Meets ISO standards. Compliant with EN, ISO 9001, and OSHA workplace standards. Includes manufacturer warranty and full technical documentation. Suitable for continuous industrial duty cycles and harsh environments."
PRD-000072,LED Panel Light Max 750,Lighting,1648.42,10,30,Schneider Electric,SP-669379,13.11,"Aisle B, Shelf 17","High-quality led panel light max 750 suitable for industrial and commercial use. Meets ISO standards. Compliant with EN, ISO 9001, and OSHA workplace standards. Includes manufacturer warranty and full technical documentation. Suitable for continuous industrial duty cycles and harsh environments."
PRD-000073,Whiteboard Mini 350,Office Supplies,724.73,100,400,Grainger Inc,SP-617002,16.82,"Aisle A, Shelf 19","High-quality whiteboard mini 350 suitable for industrial and commercial use. Meets ISO standards. Compliant with EN, ISO 9001, and OSHA workplace standards. Includes manufacturer warranty and full technical documentation. Suitable for continuous industrial duty cycles and harsh environments."
PRD-000074,Power Supply Unit XL 120,Electronics,1169.57,5,25,Honeywell Inc,SP-318192,59.12,"Aisle F, Shelf 7","High-quality power supply unit xl 120 suitable for industrial and commercial use. Meets ISO standards. Compliant with EN, ISO 9001, and OSHA workplace standards. Includes manufacturer warranty and full technical documentation. Suitable for continuous industrial duty cycles and harsh environments."
PRD-000075,Ball Valve Basic 150,Plumbing,1841.98,50,100,Makita Corp,SP-595235,42.39,"Aisle C, Shelf 16","High-quality ball valve basic 150 suitable for industrial and commercial use. Meets ISO standards. Compliant with EN, ISO 9001, and OSHA workplace standards. Includes manufacturer warranty and full technical documentation. Suitable for continuous industrial duty cycles and harsh environments."
PRD-000076,Steel Shelf Unit Max 1000,Storage,2085.46,25,50,Fastenal Company,SP-361068,72.52,"Aisle A, Shelf 5","High-quality steel shelf unit max 1000 suitable for industrial and commercial use. Meets ISO standards. Compliant with EN, ISO 9001, and OSHA workplace standards. Includes manufacturer warranty and full technical documentation. Suitable for continuous industrial duty cycles and harsh environments."
PRD-000077,Floor Scrubber Standard 150,Cleaning,371.89,10,20,Allied Electronics,SP-175362,82.78,"Aisle H, Shelf 16","High-quality floor scrubber standard 150 suitable for industrial and commercial use. Meets ISO standards. Compliant with EN, ISO 9001, and OSHA workplace standards. Includes manufacturer warranty and full technical documentation. Suitable for continuous industrial duty cycles and harsh environments."
PRD-000078,Jigsaw Basic 500,Tools,8.64,50,150,Honeywell Inc,SP-854310,3.5,"Aisle F, Shelf 15","High-quality jigsaw basic 500 suitable for industrial and commercial use. Meets ISO standards. Compliant with EN, ISO 9001, and OSHA workplace standards. Includes manufacturer warranty and full technical documentation. Suitable for continuous industrial duty cycles and harsh environments."
PRD-000079,Waste Container XL 500,Cleaning,1699.61,15,75,Digi-Key Corp,SP-650510,28.03,"Aisle F, Shelf 8","High-quality waste container xl 500 suitable for industrial and commercial use. Meets ISO standards. Compliant with EN, ISO 9001, and OSHA workplace standards. Includes manufacturer warranty and full technical documentation. Suitable for continuous industrial duty cycles and harsh environments."
PRD-000080,Pipe Cutter Standard 600,Plumbing,906.31,10,20,Makita Corp,SP-120882,23.49,"Aisle E, Shelf 4","High-quality pipe cutter standard 600 suitable for industrial and commercial use. Meets ISO standards. Compliant with EN, ISO 9001, and OSHA workplace standards. Includes manufacturer warranty and full technical documentation. Suitable for continuous industrial duty cycles and harsh environments."
PRD-000081,Cable Tester Commercial 1000,Electronics,1138.53,5,10,Grainger Inc,SP-731834,19.5,"Aisle D, Shelf 12","High-quality cable tester commercial 1000 suitable for industrial and commercial use. Meets ISO standards. Compliant with EN, ISO 9001, and OSHA workplace standards. Includes manufacturer warranty and full technical documentation. Suitable for continuous industrial duty cycles and harsh environments."
PRD-000082,Impact Wrench Commercial 75,Tools,42.67,25,50,Allied Electronics,SP-641044,22.38,"Aisle A, Shelf 6","High-quality impact wrench commercial 75 suitable for industrial and commercial use. Meets ISO standards. Compliant with EN, ISO 9001, and OSHA workplace standards. Includes manufacturer warranty and full technical documentation. Suitable for continuous industrial duty cycles and harsh environments."
PRD-000083,Power Supply Unit Compact 400,Electronics,604.41,10,30,Würth Group,SP-172791,20.09,"Aisle G, Shelf 9","High-quality power supply unit compact 400 suitable for industrial and commercial use. Meets ISO standards. Compliant with EN, ISO 9001, and OSHA workplace standards. Includes manufacturer warranty and full technical documentation. Suitable for continuous industrial duty cycles and harsh environments."
PRD-000084,Soldering Station Max 150,Electronics,217.62,10,20,Hilti AG,SP-805827,70.91,"Aisle H, Shelf 12","High-quality soldering station max 150 suitable for industrial and commercial use. Meets ISO standards. Compliant with EN, ISO 9001, and OSHA workplace standards. Includes manufacturer warranty and full technical documentation. Suitable for continuous industrial duty cycles and harsh environments."
PRD-000085,Creeper Commercial 350,Automotive,1324.67,25,125,Arrow Electronics,SP-850228,54.67,"Aisle G, Shelf 1","High-quality creeper commercial 350 suitable for industrial and commercial use. Meets ISO standards. Compliant with EN, ISO 9001, and OSHA workplace standards. Includes manufacturer warranty and full technical documentation. Suitable for continuous industrial duty cycles and harsh environments."
PRD-000086,Duct Section Elite 200,HVAC,897.72,100,300,Würth Group,SP-221919,52.47,"Aisle D, Shelf 7","High-quality duct section elite 200 suitable for industrial and commercial use. Meets ISO standards. Compliant with EN, ISO 9001, and OSHA workplace standards. Includes manufacturer warranty and full technical documentation. Suitable for continuous industrial duty cycles and harsh environments."
PRD-000087,Bin Organizer Ultra 600,Storage,2420.43,100,500,Hilti AG,SP-427705,41.18,"Aisle G, Shelf 11","High-quality bin organizer ultra 600 suitable for industrial and commercial use. Meets ISO standards. Compliant with EN, ISO 9001, and OSHA workplace standards. Includes manufacturer warranty and full technical documentation. Suitable for continuous industrial duty cycles and harsh environments."
PRD-000088,Refrigerant Kit Ultra 500,HVAC,1948.47,100,400,Digi-Key Corp,SP-968784,30.3,"Aisle C, Shelf 16","High-quality refrigerant kit ultra 500 suitable for industrial and commercial use. Meets ISO standards. Compliant with EN, ISO 9001, and OSHA workplace standards. Includes manufacturer warranty and full technical documentation. Suitable for continuous industrial duty cycles and harsh environments."
PRD-000089,Bin Organizer Compact 750,Storage,1505.21,20,60,Arrow Electronics,SP-286413,82.89,"Aisle F, Shelf 8","High-quality bin organizer compact 750 suitable for industrial and commercial use. Meets ISO standards. Compliant with EN, ISO 9001, and OSHA workplace standards. Includes manufacturer warranty and full technical documentation. Suitable for continuous industrial duty cycles and harsh environments."
PRD-000090,Coupling Pro 150,Industrial Parts,1822.31,50,250,Digi-Key Corp,SP-412999,83.72,"Aisle H, Shelf 2","High-quality coupling pro 150 suitable for industrial and commercial use. Meets ISO standards. Compliant with EN, ISO 9001, and OSHA workplace standards. Includes manufacturer warranty and full technical documentation. Suitable for continuous industrial duty cycles and harsh environments."
PRD-000091,Signal Generator Compact 500,Electronics,243.83,20,40,Mouser Electronics,SP-275314,54.13,"Aisle D, Shelf 10","High-quality signal generator compact 500 suitable for industrial and commercial use. Meets ISO standards. Compliant with EN, ISO 9001, and OSHA workplace standards. Includes manufacturer warranty and full technical documentation. Suitable for continuous industrial duty cycles and harsh environments."
PRD-000092,Thermal Camera Elite 300,Electronics,1672.97,5,20,Würth Group,SP-917513,14.04,"Aisle C, Shelf 5","High-quality thermal camera elite 300 suitable for industrial and commercial use. Meets ISO standards. Compliant with EN, ISO 9001, and OSHA workplace standards. Includes manufacturer warranty and full technical documentation. Suitable for continuous industrial duty cycles and harsh environments."
PRD-000093,Angle Grinder Commercial 750,Tools,1871.17,10,40,Honeywell Inc,SP-976655,17.47,"Aisle F, Shelf 19","High-quality angle grinder commercial 750 suitable for industrial and commercial use. Meets ISO standards. Compliant with EN, ISO 9001, and OSHA workplace standards. Includes manufacturer warranty and full technical documentation. Suitable for continuous industrial duty cycles and harsh environments."
PRD-000094,Spill Kit Industrial 400,Cleaning,906.92,20,80,3M Corporation,SP-844375,47.96,"Aisle D, Shelf 3","High-quality spill kit industrial 400 suitable for industrial and commercial use. Meets ISO standards. Compliant with EN, ISO 9001, and OSHA workplace standards. Includes manufacturer warranty and full technical documentation. Suitable for continuous industrial duty cycles and harsh environments."
PRD-000095,Impact Wrench Pro 75,Tools,1116.23,10,50,ABB Ltd,SP-175205,6.44,"Aisle H, Shelf 1","High-quality impact wrench pro 75 suitable for industrial and commercial use. Meets ISO standards. Compliant with EN, ISO 9001, and OSHA workplace standards. Includes manufacturer warranty and full technical documentation. Suitable for continuous industrial duty cycles and harsh environments."
PRD-000096,Steel-toe Boots Mini 100,Safety Equipment,1223.36,15,60,RS Components,SP-283703,77.83,"Aisle A, Shelf 14","High-quality steel-toe boots mini 100 suitable for industrial and commercial use. Meets ISO standards. Compliant with EN, ISO 9001, and OSHA workplace standards. Includes manufacturer warranty and full technical documentation. Suitable for continuous industrial duty cycles and harsh environments."
PRD-000097,Jigsaw Pro 150,Tools,604.42,10,40,ABB Ltd,SP-750189,2.71,"Aisle D, Shelf 14","High-quality jigsaw pro 150 suitable for industrial and commercial use. Meets ISO standards. Compliant with EN, ISO 9001, and OSHA workplace standards. Includes manufacturer warranty and full technical documentation. Suitable for continuous industrial duty cycles and harsh environments."
PRD-000098,Floodlight Heavy-Duty 500,Lighting,1228.62,15,45,3M Corporation,SP-850991,3.93,"Aisle G, Shelf 16","High-quality floodlight heavy-duty 500 suitable for industrial and commercial use. Meets ISO standards. Compliant with EN, ISO 9001, and OSHA workplace standards. Includes manufacturer warranty and full technical documentation. Suitable for continuous industrial duty cycles and harsh environments."
PRD-000099,Shrink Wrap System Standard 180,Packaging,1868.26,10,50,Schneider Electric,SP-923123,38.73,"Aisle F, Shelf 18","High-quality shrink wrap system standard 180 suitable for industrial and commercial use. Meets ISO standards. Compliant with EN, ISO 9001, and OSHA workplace standards. Includes manufacturer warranty and full technical documentation. Suitable for continuous industrial duty cycles and harsh environments."
PRD-000100,First Aid Kit Commercial 350,Safety Equipment,2146.43,25,100,3M Corporation,SP-388584,6.48,"Aisle G, Shelf 20","High-quality first aid kit commercial 350 suitable for industrial and commercial use. Meets ISO standards. Compliant with EN, ISO 9001, and OSHA workplace standards. Includes manufacturer warranty and full technical documentation. Suitable for continuous industrial duty cycles and harsh environments."
PRD-000101,Humidity Sensor Max 180,HVAC,115.13,50,100,Mouser Electronics,SP-105979,31.74,"Aisle A, Shelf 19","High-quality humidity sensor max 180 suitable for industrial and commercial use. Meets ISO standards. Compliant with EN, ISO 9001, and OSHA workplace standards. Includes manufacturer warranty and full technical documentation. Suitable for continuous industrial duty cycles and harsh environments."
PRD-000102,V-Belt XL 1000,Industrial Parts,1739.73,10,30,Würth Group,SP-336615,72.6,"Aisle H, Shelf 12","High-quality v-belt xl 1000 suitable for industrial and commercial use. Meets ISO standards. Compliant with EN, ISO 9001, and OSHA workplace standards. Includes manufacturer warranty and full technical documentation. Suitable for continuous industrial duty cycles and harsh environments."
PRD-000103,Waste Container Mini 150,Cleaning,595.7,10,30,Bosch GmbH,SP-404452,50.02,"Aisle C, Shelf 17","High-quality waste container mini 150 suitable for industrial and commercial use. Meets ISO standards. Compliant with EN, ISO 9001, and OSHA workplace standards. Includes manufacturer warranty and full technical documentation. Suitable for continuous industrial duty cycles and harsh environments."
PRD-000104,Creeper Commercial 350,Automotive,1394.32,10,20,DeWalt Tools,SP-513456,25.29,"Aisle F, Shelf 19","High-quality creeper commercial 350 suitable for industrial and commercial use. Meets ISO standards. Compliant with EN, ISO 9001, and OSHA workplace standards. Includes manufacturer warranty and full technical documentation. Suitable for continuous industrial duty cycles and harsh environments."
PRD-000105,Wire Spool Heavy-Duty 50,Electrical,866.16,10,20,Digi-Key Corp,SP-779464,7.0,"Aisle D, Shelf 1","High-quality wire spool heavy-duty 50 suitable for industrial and commercial use. Meets ISO standards. Compliant with EN, ISO 9001, and OSHA workplace standards. Includes manufacturer warranty and full technical documentation. Suitable for continuous industrial duty cycles and harsh environments."
PRD-000106,Sump Pump Compact 600,Plumbing,1833.26,100,300,Bosch GmbH,SP-429282,34.85,"Aisle F, Shelf 9","High-quality sump pump compact 600 suitable for industrial and commercial use. Meets ISO standards. Compliant with EN, ISO 9001, and OSHA workplace standards. Includes manufacturer warranty and full technical documentation. Suitable for continuous industrial duty cycles and harsh environments."
PRD-000107,Strip Light Basic 120,Lighting,1943.99,10,50,Hilti AG,SP-194952,49.03,"Aisle G, Shelf 3","High-quality strip light basic 120 suitable for industrial and commercial use. Meets ISO standards. Compliant with EN, ISO 9001, and OSHA workplace standards. Includes manufacturer warranty and full technical documentation. Suitable for continuous industrial duty cycles and harsh environments."
PRD-000108,Spray Paint Can Industrial 200,Paint & Coating,1250.36,25,50,Allied Electronics,SP-864880,53.48,"Aisle A, Shelf 15","High-quality spray paint can industrial 200 suitable for industrial and commercial use. Meets ISO standards. Compliant with EN, ISO 9001, and OSHA workplace standards. Includes manufacturer warranty and full technical documentation. Suitable for continuous industrial duty cycles and harsh environments."
PRD-000109,Creeper XL 120,Automotive,2408.95,10,40,Arrow Electronics,SP-817734,65.65,"Aisle E, Shelf 20","High-quality creeper xl 120 suitable for industrial and commercial use. Meets ISO standards. Compliant with EN, ISO 9001, and OSHA workplace standards. Includes manufacturer warranty and full technical documentation. Suitable for continuous industrial duty cycles and harsh environments."
PRD-000110,High Bay Light Compact 200,Lighting,341.25,20,80,DeWalt Tools,SP-390417,71.86,"Aisle C, Shelf 5","High-quality high bay light compact 200 suitable for industrial and commercial use. Meets ISO standards. Compliant with EN, ISO 9001, and OSHA workplace standards. Includes manufacturer warranty and full technical documentation. Suitable for continuous industrial duty cycles and harsh environments."
PRD-000111,Pallet Rack Basic 200,Storage,571.05,5,20,Bosch GmbH,SP-594460,67.15,"Aisle A, Shelf 8","High-quality pallet rack basic 200 suitable for industrial and commercial use. Meets ISO standards. Compliant with EN, ISO 9001, and OSHA workplace standards. Includes manufacturer warranty and full technical documentation. Suitable for continuous industrial duty cycles and harsh environments."
PRD-000112,Cardboard Box Set Plus 500,Packaging,1018.27,20,40,Honeywell Inc,SP-775315,63.15,"Aisle G, Shelf 5","High-quality cardboard box set plus 500 suitable for industrial and commercial use. Meets ISO standards. Compliant with EN, ISO 9001, and OSHA workplace standards. Includes manufacturer warranty and full technical documentation. Suitable for continuous industrial duty cycles and harsh environments."
PRD-000113,Power Supply Unit Elite 1000,Electronics,566.06,100,200,Honeywell Inc,SP-923005,45.75,"Aisle C, Shelf 12","High-quality power supply unit elite 1000 suitable for industrial and commercial use. Meets ISO standards. Compliant with EN, ISO 9001, and OSHA workplace standards. Includes manufacturer warranty and full technical documentation. Suitable for continuous industrial duty cycles and harsh environments."
PRD-000114,Ball Bearing Industrial 180,Industrial Parts,1134.03,5,15,RS Components,SP-506273,74.95,"Aisle D, Shelf 19","High-quality ball bearing industrial 180 suitable for industrial and commercial use. Meets ISO standards. Compliant with EN, ISO 9001, and OSHA workplace standards. Includes manufacturer warranty and full technical documentation. Suitable for continuous industrial duty cycles and harsh environments."
PRD-000115,Pneumatic Valve Premium 150,Industrial Parts,289.37,15,75,Stanley Black & Decker,SP-583023,75.82,"Aisle E, Shelf 17","High-quality pneumatic valve premium 150 suitable for industrial and commercial use. Meets ISO standards. Compliant with EN, ISO 9001, and OSHA workplace standards. Includes manufacturer warranty and full technical documentation. Suitable for continuous industrial duty cycles and harsh environments."
PRD-000116,Cordless Drill Mini 300,Tools,1858.34,50,200,Würth Group,SP-532695,53.49,"Aisle C, Shelf 7","High-quality cordless drill mini 300 suitable for industrial and commercial use. Meets ISO standards. Compliant with EN, ISO 9001, and OSHA workplace standards. Includes manufacturer warranty and full technical documentation. Suitable for continuous industrial duty cycles and harsh environments."
PRD-000117,Strip Light Mini 400,Lighting,2175.88,100,500,Fastenal Company,SP-794950,37.06,"Aisle C, Shelf 16","High-quality strip light mini 400 suitable for industrial and commercial use. Meets ISO standards. Compliant with EN, ISO 9001, and OSHA workplace standards. Includes manufacturer warranty and full technical documentation. Suitable for continuous industrial duty cycles and harsh environments."
PRD-000118,Flow Meter Commercial 180,Plumbing,2447.55,50,150,Stanley Black & Decker,SP-575638,19.54,"Aisle H, Shelf 20","High-quality flow meter commercial 180 suitable for industrial and commercial use. Meets ISO standards. Compliant with EN, ISO 9001, and OSHA workplace standards. Includes manufacturer warranty and full technical documentation. Suitable for continuous industrial duty cycles and harsh environments."
PRD-000119,Coupling Basic 180,Industrial Parts,82.93,10,50,Makita Corp,SP-940562,28.79,"Aisle D, Shelf 8","High-quality coupling basic 180 suitable for industrial and commercial use. Meets ISO standards. Compliant with EN, ISO 9001, and OSHA workplace standards. Includes manufacturer warranty and full technical documentation. Suitable for continuous industrial duty cycles and harsh environments."
PRD-000120,Bubble Wrap Roll XL 180,Packaging,527.63,20,80,Stanley Black & Decker,SP-301979,45.06,"Aisle D, Shelf 7","High-quality bubble wrap roll xl 180 suitable for industrial and commercial use. Meets ISO standards. Compliant with EN, ISO 9001, and OSHA workplace standards. Includes manufacturer warranty and full technical documentation. Suitable for continuous industrial duty cycles and harsh environments."
PRD-000121,Refrigerant Kit Pro 120,HVAC,230.89,15,75,Bosch GmbH,SP-306084,49.44,"Aisle H, Shelf 20","High-quality refrigerant kit pro 120 suitable for industrial and commercial use. Meets ISO standards. Compliant with EN, ISO 9001, and OSHA workplace standards. Includes manufacturer warranty and full technical documentation. Suitable for continuous industrial duty cycles and harsh environments."
PRD-000122,Conduit Pack Ultra 200,Electrical,1483.96,25,100,Makita Corp,SP-424307,78.91,"Aisle D, Shelf 3","High-quality conduit pack ultra 200 suitable for industrial and commercial use. Meets ISO standards. Compliant with EN, ISO 9001, and OSHA workplace standards. Includes manufacturer warranty and full technical documentation. Suitable for continuous industrial duty cycles and harsh environments."
PRD-000123,Refrigerant Kit XL 180,HVAC,842.17,15,60,Würth Group,SP-792706,62.46,"Aisle C, Shelf 12","High-quality refrigerant kit xl 180 suitable for industrial and commercial use. Meets ISO standards. Compliant with EN, ISO 9001, and OSHA workplace standards. Includes manufacturer warranty and full technical documentation. Suitable for continuous industrial duty cycles and harsh environments."
PRD-000124,Mop System XL 75,Cleaning,2277.65,20,40,Digi-Key Corp,SP-559743,56.13,"Aisle H, Shelf 3","High-quality mop system xl 75 suitable for industrial and commercial use. Meets ISO standards. Compliant with EN, ISO 9001, and OSHA workplace standards. Includes manufacturer warranty and full technical documentation. Suitable for continuous industrial duty cycles and harsh environments."
PRD-000125,Pipe Cutter Max 300,Plumbing,2215.68,5,10,Arrow Electronics,SP-519123,35.93,"Aisle A, Shelf 20","High-quality pipe cutter max 300 suitable for industrial and commercial use. Meets ISO standards. Compliant with EN, ISO 9001, and OSHA workplace standards. Includes manufacturer warranty and full technical documentation. Suitable for continuous industrial duty cycles and harsh environments."
PRD-000126,Rivet Pack Industrial 75,Fasteners,1974.65,50,250,DeWalt Tools,SP-703373,32.87,"Aisle B, Shelf 1","High-quality rivet pack industrial 75 suitable for industrial and commercial use. Meets ISO standards. Compliant with EN, ISO 9001, and OSHA workplace standards. Includes manufacturer warranty and full technical documentation. Suitable for continuous industrial duty cycles and harsh environments."
PRD-000127,Printer Paper Box Pro 50,Office Supplies,980.56,15,30,Allied Electronics,SP-568136,53.12,"Aisle A, Shelf 4","High-quality printer paper box pro 50 suitable for industrial and commercial use. Meets ISO standards. Compliant with EN, ISO 9001, and OSHA workplace standards. Includes manufacturer warranty and full technical documentation. Suitable for continuous industrial duty cycles and harsh environments."
PRD-000128,Hex Bolt Box Industrial 180,Fasteners,823.18,15,30,Arrow Electronics,SP-364506,83.8,"Aisle E, Shelf 1","High-quality hex bolt box industrial 180 suitable for industrial and commercial use. Meets ISO standards. Compliant with EN, ISO 9001, and OSHA workplace standards. Includes manufacturer warranty and full technical documentation. Suitable for continuous industrial duty cycles and harsh environments."
PRD-000129,Degreaser Drum Plus 350,Cleaning,838.79,20,40,Allied Electronics,SP-109783,68.62,"Aisle E, Shelf 11","High-quality degreaser drum plus 350 suitable for industrial and commercial use. Meets ISO standards. Compliant with EN, ISO 9001, and OSHA workplace standards. Includes manufacturer warranty and full technical documentation. Suitable for continuous industrial duty cycles and harsh environments."
PRD-000130,Shredder Standard 750,Office Supplies,559.15,10,40,Arrow Electronics,SP-804738,12.14,"Aisle E, Shelf 9","High-quality shredder standard 750 suitable for industrial and commercial use. Meets ISO standards. Compliant with EN, ISO 9001, and OSHA workplace standards. Includes manufacturer warranty and full technical documentation. Suitable for continuous industrial duty cycles and harsh environments."
PRD-000131,Refrigerant Kit Plus 750,HVAC,598.57,10,40,Arrow Electronics,SP-750869,33.62,"Aisle E, Shelf 18","High-quality refrigerant kit plus 750 suitable for industrial and commercial use. Meets ISO standards. Compliant with EN, ISO 9001, and OSHA workplace standards. Includes manufacturer warranty and full technical documentation. Suitable for continuous industrial duty cycles and harsh environments."
PRD-000132,Steam Cleaner Plus 400,Cleaning,1636.65,25,50,Siemens AG,SP-469702,41.26,"Aisle H, Shelf 7","High-quality steam cleaner plus 400 suitable for industrial and commercial use. Meets ISO standards. Compliant with EN, ISO 9001, and OSHA workplace standards. Includes manufacturer warranty and full technical documentation. Suitable for continuous industrial duty cycles and harsh environments."
PRD-000133,Pneumatic Valve Mini 120,Industrial Parts,234.87,20,80,Makita Corp,SP-632477,21.71,"Aisle G, Shelf 3","High-quality pneumatic valve mini 120 suitable for industrial and commercial use. Meets ISO standards. Compliant with EN, ISO 9001, and OSHA workplace standards. Includes manufacturer warranty and full technical documentation. Suitable for continuous industrial duty cycles and harsh environments."
PRD-000134,Terminal Block Heavy-Duty 300,Electrical,427.2,100,500,RS Components,SP-462378,64.65,"Aisle H, Shelf 2","High-quality terminal block heavy-duty 300 suitable for industrial and commercial use. Meets ISO standards. Compliant with EN, ISO 9001, and OSHA workplace standards. Includes manufacturer warranty and full technical documentation. Suitable for continuous industrial duty cycles and harsh environments."
PRD-000135,Hex Bolt Box Standard 1000,Fasteners,1913.73,15,30,Honeywell Inc,SP-220362,76.29,"Aisle D, Shelf 8","High-quality hex bolt box standard 1000 suitable for industrial and commercial use. Meets ISO standards. Compliant with EN, ISO 9001, and OSHA workplace standards. Includes manufacturer warranty and full technical documentation. Suitable for continuous industrial duty cycles and harsh environments."
PRD-000136,Junction Box Compact 120,Electrical,2119.15,15,75,DeWalt Tools,SP-459396,31.69,"Aisle A, Shelf 8","High-quality junction box compact 120 suitable for industrial and commercial use. Meets ISO standards. Compliant with EN, ISO 9001, and OSHA workplace standards. Includes manufacturer warranty and full technical documentation. Suitable for continuous industrial duty cycles and harsh environments."
PRD-000137,Bin Organizer Ultra 150,Storage,2085.55,5,15,RS Components,SP-542888,26.4,"Aisle E, Shelf 7","High-quality bin organizer ultra 150 suitable for industrial and commercial use. Meets ISO standards. Compliant with EN, ISO 9001, and OSHA workplace standards. Includes manufacturer warranty and full technical documentation. Suitable for continuous industrial duty cycles and harsh environments."
PRD-000138,Junction Box Mini 750,Electrical,518.34,5,25,Honeywell Inc,SP-355243,48.25,"Aisle H, Shelf 6","High-quality junction box mini 750 suitable for industrial and commercial use. Meets ISO standards. Compliant with EN, ISO 9001, and OSHA workplace standards. Includes manufacturer warranty and full technical documentation. Suitable for continuous industrial duty cycles and harsh environments."
PRD-000139,Motion Sensor Light Pro 150,Lighting,2102.82,100,500,Digi-Key Corp,SP-703384,80.4,"Aisle C, Shelf 20","High-quality motion sensor light pro 150 suitable for industrial and commercial use. Meets ISO standards. Compliant with EN, ISO 9001, and OSHA workplace standards. Includes manufacturer warranty and full technical documentation. Suitable for continuous industrial duty cycles and harsh environments."
PRD-000140,Bin Organizer Plus 100,Storage,552.86,5,20,Honeywell Inc,SP-424383,80.69,"Aisle A, Shelf 8","High-quality bin organizer plus 100 suitable for industrial and commercial use. Meets ISO standards. Compliant with EN, ISO 9001, and OSHA workplace standards. Includes manufacturer warranty and full technical documentation. Suitable for continuous industrial duty cycles and harsh environments."
PRD-000141,Waste Container Advanced 1000,Cleaning,2309.2,100,400,Siemens AG,SP-264024,0.29,"Aisle D, Shelf 5","High-quality waste container advanced 1000 suitable for industrial and commercial use. Meets ISO standards. Compliant with EN, ISO 9001, and OSHA workplace standards. Includes manufacturer warranty and full technical documentation. Suitable for continuous industrial duty cycles and harsh environments."
PRD-000142,Strip Light Max 600,Lighting,1857.09,20,40,MSC Industrial,SP-893991,42.11,"Aisle B, Shelf 20","High-quality strip light max 600 suitable for industrial and commercial use. Meets ISO standards. Compliant with EN, ISO 9001, and OSHA workplace standards. Includes manufacturer warranty and full technical documentation. Suitable for continuous industrial duty cycles and harsh environments."
PRD-000143,Toggle Bolt Box Elite 350,Fasteners,465.08,10,40,Philips Industries,SP-538259,50.72,"Aisle D, Shelf 10","High-quality toggle bolt box elite 350 suitable for industrial and commercial use. Meets ISO standards. Compliant with EN, ISO 9001, and OSHA workplace standards. Includes manufacturer warranty and full technical documentation. Suitable for continuous industrial duty cycles and harsh environments."
PRD-000144,Hex Bolt Box XL 180,Fasteners,1977.78,20,40,Philips Industries,SP-920719,75.88,"Aisle C, Shelf 20","High-quality hex bolt box xl 180 suitable for industrial and commercial use. Meets ISO standards. Compliant with EN, ISO 9001, and OSHA workplace standards. Includes manufacturer warranty and full technical documentation. Suitable for continuous industrial duty cycles and harsh environments."
PRD-000145,Thinner Gallon Max 400,Paint & Coating,678.51,100,400,Stanley Black & Decker,SP-999337,0.32,"Aisle G, Shelf 8","High-quality thinner gallon max 400 suitable for industrial and commercial use. Meets ISO standards. Compliant with EN, ISO 9001, and OSHA workplace standards. Includes manufacturer warranty and full technical documentation. Suitable for continuous industrial duty cycles and harsh environments."
PRD-000146,Duct Section Premium 500,HVAC,1014.2,25,125,Hilti AG,SP-354453,46.84,"Aisle F, Shelf 7","High-quality duct section premium 500 suitable for industrial and commercial use. Meets ISO standards. Compliant with EN, ISO 9001, and OSHA workplace standards. Includes manufacturer warranty and full technical documentation. Suitable for continuous industrial duty cycles and harsh environments."
PRD-000147,Terminal Block Premium 300,Electrical,1490.55,10,40,Siemens AG,SP-492869,3.16,"Aisle G, Shelf 20","High-quality terminal block premium 300 suitable for industrial and commercial use. Meets ISO standards. Compliant with EN, ISO 9001, and OSHA workplace standards. Includes manufacturer warranty and full technical documentation. Suitable for continuous industrial duty cycles and harsh environments."
PRD-000148,Shrink Wrap System Max 100,Packaging,1324.05,10,40,Würth Group,SP-416364,25.14,"Aisle E, Shelf 16","High-quality shrink wrap system max 100 suitable for industrial and commercial use. Meets ISO standards. Compliant with EN, ISO 9001, and OSHA workplace standards. Includes manufacturer warranty and full technical documentation. Suitable for continuous industrial duty cycles and harsh environments."
PRD-000149,Impact Wrench Plus 150,Tools,435.07,10,40,DeWalt Tools,SP-904661,41.95,"Aisle C, Shelf 9","High-quality impact wrench plus 150 suitable for industrial and commercial use. Meets ISO standards. Compliant with EN, ISO 9001, and OSHA workplace standards. Includes manufacturer warranty and full technical documentation. Suitable for continuous industrial duty cycles and harsh environments."
PRD-000150,Battery Charger Compact 120,Automotive,335.69,10,20,Digi-Key Corp,SP-136021,11.05,"Aisle D, Shelf 3","High-quality battery charger compact 120 suitable for industrial and commercial use. Meets ISO standards. Compliant with EN, ISO 9001, and OSHA workplace standards. Includes manufacturer warranty and full technical documentation. Suitable for continuous industrial duty cycles and harsh environments."
PRD-000151,Wood Screw Set Elite 120,Fasteners,1811.76,20,80,Makita Corp,SP-584467,55.35,"Aisle B, Shelf 16","High-quality wood screw set elite 120 suitable for industrial and commercial use. Meets ISO standards. Compliant with EN, ISO 9001, and OSHA workplace standards. Includes manufacturer warranty and full technical documentation. Suitable for continuous industrial duty cycles and harsh environments."
PRD-000152,Thermostat Industrial 250,HVAC,686.73,20,40,RS Components,SP-691978,27.94,"Aisle A, Shelf 17","High-quality thermostat industrial 250 suitable for industrial and commercial use. Meets ISO standards. Compliant with EN, ISO 9001, and OSHA workplace standards. Includes manufacturer warranty and full technical documentation. Suitable for continuous industrial duty cycles and harsh environments."
PRD-000153,Toner Cartridge Standard 200,Office Supplies,1161.96,20,60,Schneider Electric,SP-520508,46.83,"Aisle H, Shelf 16","High-quality toner cartridge standard 200 suitable for industrial and commercial use. Meets ISO standards. Compliant with EN, ISO 9001, and OSHA workplace standards. Includes manufacturer warranty and full technical documentation. Suitable for continuous industrial duty cycles and harsh environments."
PRD-000154,Pallet Rack Max 200,Storage,636.35,25,125,DeWalt Tools,SP-670224,68.16,"Aisle E, Shelf 9","High-quality pallet rack max 200 suitable for industrial and commercial use. Meets ISO standards. Compliant with EN, ISO 9001, and OSHA workplace standards. Includes manufacturer warranty and full technical documentation. Suitable for continuous industrial duty cycles and harsh environments."
PRD-000155,Tool Chest Pro 75,Storage,654.32,5,10,MSC Industrial,SP-425486,49.58,"Aisle E, Shelf 7","High-quality tool chest pro 75 suitable for industrial and commercial use. Meets ISO standards. Compliant with EN, ISO 9001, and OSHA workplace standards. Includes manufacturer warranty and full technical documentation. Suitable for continuous industrial duty cycles and harsh environments."
PRD-000156,Pallet Rack Advanced 200,Storage,1843.83,20,80,Stanley Black & Decker,SP-303010,35.45,"Aisle H, Shelf 5","High-quality pallet rack advanced 200 suitable for industrial and commercial use. Meets ISO standards. Compliant with EN, ISO 9001, and OSHA workplace standards. Includes manufacturer warranty and full technical documentation. Suitable for continuous industrial duty cycles and harsh environments."
PRD-000157,Rivet Pack Max 250,Fasteners,2063.76,50,200,Arrow Electronics,SP-788130,61.71,"Aisle H, Shelf 15","High-quality rivet pack max 250 suitable for industrial and commercial use. Meets ISO standards. Compliant with EN, ISO 9001, and OSHA workplace standards. Includes manufacturer warranty and full technical documentation. Suitable for continuous industrial duty cycles and harsh environments."
PRD-000158,Belt Sander Pro 75,Tools,1386.48,100,300,Arrow Electronics,SP-248914,76.53,"Aisle E, Shelf 2","High-quality belt sander pro 75 suitable for industrial and commercial use. Meets ISO standards. Compliant with EN, ISO 9001, and OSHA workplace standards. Includes manufacturer warranty and full technical documentation. Suitable for continuous industrial duty cycles and harsh environments."
PRD-000159,Oil Filter Mini 350,Automotive,1584.26,100,300,3M Corporation,SP-700487,23.77,"Aisle G, Shelf 14","High-quality oil filter mini 350 suitable for industrial and commercial use. Meets ISO standards. Compliant with EN, ISO 9001, and OSHA workplace standards. Includes manufacturer warranty and full technical documentation. Suitable for continuous industrial duty cycles and harsh environments."
PRD-000160,Relay Module Advanced 250,Electrical,589.31,100,300,Mouser Electronics,SP-613723,15.11,"Aisle B, Shelf 15","High-quality relay module advanced 250 suitable for industrial and commercial use. Meets ISO standards. Compliant with EN, ISO 9001, and OSHA workplace standards. Includes manufacturer warranty and full technical documentation. Suitable for continuous industrial duty cycles and harsh environments."
PRD-000161,Pipe Fitting Set Advanced 150,Plumbing,1130.43,50,150,DeWalt Tools,SP-993279,64.17,"Aisle A, Shelf 8","High-quality pipe fitting set advanced 150 suitable for industrial and commercial use. Meets ISO standards. Compliant with EN, ISO 9001, and OSHA workplace standards. Includes manufacturer warranty and full technical documentation. Suitable for continuous industrial duty cycles and harsh environments."
PRD-000162,Nut Assortment Max 200,Fasteners,13.96,100,400,DeWalt Tools,SP-110949,64.9,"Aisle G, Shelf 14","High-quality nut assortment max 200 suitable for industrial and commercial use. Meets ISO standards. Compliant with EN, ISO 9001, and OSHA workplace standards. Includes manufacturer warranty and full technical documentation. Suitable for continuous industrial duty cycles and harsh environments."
PRD-000163,Brake Pad Set Elite 180,Automotive,2395.3,10,40,Philips Industries,SP-784273,39.3,"Aisle A, Shelf 1","High-quality brake pad set elite 180 suitable for industrial and commercial use. Meets ISO standards. Compliant with EN, ISO 9001, and OSHA workplace standards. Includes manufacturer warranty and full technical documentation. Suitable for continuous industrial duty cycles and harsh environments."
PRD-000164,Spray Paint Can Mini 75,Paint & Coating,1758.26,20,40,Allied Electronics,SP-762237,65.95,"Aisle E, Shelf 8","High-quality spray paint can mini 75 suitable for industrial and commercial use. Meets ISO standards. Compliant with EN, ISO 9001, and OSHA workplace standards. Includes manufacturer warranty and full technical documentation. Suitable for continuous industrial duty cycles and harsh environments."
PRD-000165,Oscilloscope Industrial 100,Electronics,150.68,10,20,Philips Industries,SP-430910,50.31,"Aisle C, Shelf 3","High-quality oscilloscope industrial 100 suitable for industrial and commercial use. Meets ISO standards. Compliant with EN, ISO 9001, and OSHA workplace standards. Includes manufacturer warranty and full technical documentation. Suitable for continuous industrial duty cycles and harsh environments."
PRD-000166,Jack Stand Set Plus 250,Automotive,671.06,15,30,Grainger Inc,SP-872659,27.03,"Aisle H, Shelf 15","High-quality jack stand set plus 250 suitable for industrial and commercial use. Meets ISO standards. Compliant with EN, ISO 9001, and OSHA workplace standards. Includes manufacturer warranty and full technical documentation. Suitable for continuous industrial duty cycles and harsh environments."
PRD-000167,Motion Sensor Light Max 50,Lighting,2129.75,25,75,DeWalt Tools,SP-496173,48.24,"Aisle G, Shelf 1","High-quality motion sensor light max 50 suitable for industrial and commercial use. Meets ISO standards. Compliant with EN, ISO 9001, and OSHA workplace standards. Includes manufacturer warranty and full technical documentation. Suitable for continuous industrial duty cycles and harsh environments."
PRD-000168,Whiteboard Industrial 250,Office Supplies,1205.79,50,150,Siemens AG,SP-155986,68.2,"Aisle A, Shelf 13","High-quality whiteboard industrial 250 suitable for industrial and commercial use. Meets ISO standards. Compliant with EN, ISO 9001, and OSHA workplace standards. Includes manufacturer warranty and full technical documentation. Suitable for continuous industrial duty cycles and harsh environments."
PRD-000169,Flow Meter Standard 200,Plumbing,1274.63,15,60,Allied Electronics,SP-625027,82.59,"Aisle G, Shelf 3","High-quality flow meter standard 200 suitable for industrial and commercial use. Meets ISO standards. Compliant with EN, ISO 9001, and OSHA workplace standards. Includes manufacturer warranty and full technical documentation. Suitable for continuous industrial duty cycles and harsh environments."
PRD-000170,Junction Box Industrial 100,Electrical,1684.66,5,15,Schneider Electric,SP-141100,19.32,"Aisle D, Shelf 1","High-quality junction box industrial 100 suitable for industrial and commercial use. Meets ISO standards. Compliant with EN, ISO 9001, and OSHA workplace standards. Includes manufacturer warranty and full technical documentation. Suitable for continuous industrial duty cycles and harsh environments."
PRD-000171,Sealant Tube Heavy-Duty 120,Paint & Coating,479.1,50,200,Stanley Black & Decker,SP-195891,77.09,"Aisle D, Shelf 14","High-quality sealant tube heavy-duty 120 suitable for industrial and commercial use. Meets ISO standards. Compliant with EN, ISO 9001, and OSHA workplace standards. Includes manufacturer warranty and full technical documentation. Suitable for continuous industrial duty cycles and harsh environments."
PRD-000172,Epoxy Kit Heavy-Duty 350,Paint & Coating,173.87,20,40,Stanley Black & Decker,SP-306119,30.62,"Aisle H, Shelf 15","High-quality epoxy kit heavy-duty 350 suitable for industrial and commercial use. Meets ISO standards. Compliant with EN, ISO 9001, and OSHA workplace standards. Includes manufacturer warranty and full technical documentation. Suitable for continuous industrial duty cycles and harsh environments."
PRD-000173,High-Vis Vest Max 200,Safety Equipment,839.33,10,40,Digi-Key Corp,SP-864848,37.96,"Aisle C, Shelf 13","High-quality high-vis vest max 200 suitable for industrial and commercial use. Meets ISO standards. Compliant with EN, ISO 9001, and OSHA workplace standards. Includes manufacturer warranty and full technical documentation. Suitable for continuous industrial duty cycles and harsh environments."
PRD-000174,Planer Max 180,Tools,1258.61,25,100,Philips Industries,SP-556542,59.0,"Aisle B, Shelf 13","High-quality planer max 180 suitable for industrial and commercial use. Meets ISO standards. Compliant with EN, ISO 9001, and OSHA workplace standards. Includes manufacturer warranty and full technical documentation. Suitable for continuous industrial duty cycles and harsh environments."
PRD-000175,Whiteboard Commercial 150,Office Supplies,193.43,50,100,Schneider Electric,SP-449987,76.0,"Aisle A, Shelf 4","High-quality whiteboard commercial 150 suitable for industrial and commercial use. Meets ISO standards. Compliant with EN, ISO 9001, and OSHA workplace standards. Includes manufacturer warranty and full technical documentation. Suitable for continuous industrial duty cycles and harsh environments."
PRD-000176,Pressure Washer Elite 150,Cleaning,48.76,50,100,RS Components,SP-772584,62.89,"Aisle F, Shelf 11","High-quality pressure washer elite 150 suitable for industrial and commercial use. Meets ISO standards. Compliant with EN, ISO 9001, and OSHA workplace standards. Includes manufacturer warranty and full technical documentation. Suitable for continuous industrial duty cycles and harsh environments."
PRD-000177,Outlet Box Compact 180,Electrical,1568.3,10,30,3M Corporation,SP-483129,31.99,"Aisle D, Shelf 6","High-quality outlet box compact 180 suitable for industrial and commercial use. Meets ISO standards. Compliant with EN, ISO 9001, and OSHA workplace standards. Includes manufacturer warranty and full technical documentation. Suitable for continuous industrial duty cycles and harsh environments."
PRD-000178,Cardboard Box Set Advanced 750,Packaging,409.69,5,10,Fastenal Company,SP-144189,10.64,"Aisle D, Shelf 14","High-quality cardboard box set advanced 750 suitable for industrial and commercial use. Meets ISO standards. Compliant with EN, ISO 9001, and OSHA workplace standards. Includes manufacturer warranty and full technical documentation. Suitable for continuous industrial duty cycles and harsh environments."
PRD-000179,Wire Spool Max 600,Electrical,1639.13,5,20,Fastenal Company,SP-577739,81.49,"Aisle A, Shelf 7","High-quality wire spool max 600 suitable for industrial and commercial use. Meets ISO standards. Compliant with EN, ISO 9001, and OSHA workplace standards. Includes manufacturer warranty and full technical documentation. Suitable for continuous industrial duty cycles and harsh environments."
PRD-000180,Cardboard Box Set Heavy-Duty 200,Packaging,928.03,5,10,Makita Corp,SP-230410,79.46,"Aisle A, Shelf 10","High-quality cardboard box set heavy-duty 200 suitable for industrial and commercial use. Meets ISO standards. Compliant with EN, ISO 9001, and OSHA workplace standards. Includes manufacturer warranty and full technical documentation. Suitable for continuous industrial duty cycles and harsh environments."
PRD-000181,Safety Harness Industrial 600,Safety Equipment,2173.69,25,75,Honeywell Inc,SP-912765,83.23,"Aisle C, Shelf 15","High-quality safety harness industrial 600 suitable for industrial and commercial use. Meets ISO standards. Compliant with EN, ISO 9001, and OSHA workplace standards. Includes manufacturer warranty and full technical documentation. Suitable for continuous industrial duty cycles and harsh environments."
PRD-000182,Industrial Vacuum Standard 150,Cleaning,418.96,5,25,DeWalt Tools,SP-138387,83.1,"Aisle E, Shelf 19","High-quality industrial vacuum standard 150 suitable for industrial and commercial use. Meets ISO standards. Compliant with EN, ISO 9001, and OSHA workplace standards. Includes manufacturer warranty and full technical documentation. Suitable for continuous industrial duty cycles and harsh environments."
PRD-000183,Rivet Pack Mini 180,Fasteners,1767.34,25,100,Siemens AG,SP-900674,30.13,"Aisle G, Shelf 10","High-quality rivet pack mini 180 suitable for industrial and commercial use. Meets ISO standards. Compliant with EN, ISO 9001, and OSHA workplace standards. Includes manufacturer warranty and full technical documentation. Suitable for continuous industrial duty cycles and harsh environments."
PRD-000184,Safety Harness Mini 350,Safety Equipment,1033.28,100,400,Siemens AG,SP-835406,45.91,"Aisle D, Shelf 1","High-quality safety harness mini 350 suitable for industrial and commercial use. Meets ISO standards. Compliant with EN, ISO 9001, and OSHA workplace standards. Includes manufacturer warranty and full technical documentation. Suitable for continuous industrial duty cycles and harsh environments."
PRD-000185,Packing Tape Gun Industrial 120,Packaging,543.54,5,20,Bosch GmbH,SP-511979,5.42,"Aisle C, Shelf 7","High-quality packing tape gun industrial 120 suitable for industrial and commercial use. Meets ISO standards. Compliant with EN, ISO 9001, and OSHA workplace standards. Includes manufacturer warranty and full technical documentation. Suitable for continuous industrial duty cycles and harsh environments."
PRD-000186,Paint Roller Set Basic 500,Paint & Coating,1059.9,50,150,Würth Group,SP-164575,36.83,"Aisle G, Shelf 6","High-quality paint roller set basic 500 suitable for industrial and commercial use. Meets ISO standards. Compliant with EN, ISO 9001, and OSHA workplace standards. Includes manufacturer warranty and full technical documentation. Suitable for continuous industrial duty cycles and harsh environments."
PRD-000187,Rivet Pack XL 250,Fasteners,10.76,10,40,ABB Ltd,SP-226975,28.64,"Aisle F, Shelf 13","High-quality rivet pack xl 250 suitable for industrial and commercial use. Meets ISO standards. Compliant with EN, ISO 9001, and OSHA workplace standards. Includes manufacturer warranty and full technical documentation. Suitable for continuous industrial duty cycles and harsh environments."
PRD-000188,Mop System Compact 750,Cleaning,1998.28,10,20,Grainger Inc,SP-647426,68.69,"Aisle F, Shelf 13","High-quality mop system compact 750 suitable for industrial and commercial use. Meets ISO standards. Compliant with EN, ISO 9001, and OSHA workplace standards. Includes manufacturer warranty and full technical documentation. Suitable for continuous industrial duty cycles and harsh environments."
PRD-000189,Router Max 600,Tools,709.05,5,25,MSC Industrial,SP-297637,60.95,"Aisle D, Shelf 5","High-quality router max 600 suitable for industrial and commercial use. Meets ISO standards. Compliant with EN, ISO 9001, and OSHA workplace standards. Includes manufacturer warranty and full technical documentation. Suitable for continuous industrial duty cycles and harsh environments."
PRD-000190,Circular Saw Ultra 500,Tools,2273.73,100,400,Würth Group,SP-270035,13.61,"Aisle A, Shelf 17","High-quality circular saw ultra 500 suitable for industrial and commercial use. Meets ISO standards. Compliant with EN, ISO 9001, and OSHA workplace standards. Includes manufacturer warranty and full technical documentation. Suitable for continuous industrial duty cycles and harsh environments."
PRD-000191,Toggle Bolt Box Ultra 50,Fasteners,544.39,10,20,MSC Industrial,SP-333454,78.12,"Aisle F, Shelf 8","High-quality toggle bolt box ultra 50 suitable for industrial and commercial use. Meets ISO standards. Compliant with EN, ISO 9001, and OSHA workplace standards. Includes manufacturer warranty and full technical documentation. Suitable for continuous industrial duty cycles and harsh environments."
PRD-000192,Drawer Cabinet Mini 200,Storage,1951.43,10,50,Hilti AG,SP-624106,46.57,"Aisle A, Shelf 3","High-quality drawer cabinet mini 200 suitable for industrial and commercial use. Meets ISO standards. Compliant with EN, ISO 9001, and OSHA workplace standards. Includes manufacturer warranty and full technical documentation. Suitable for continuous industrial duty cycles and harsh environments."
PRD-000193,Washer Set Mini 100,Fasteners,1756.02,20,80,DeWalt Tools,SP-533254,6.25,"Aisle H, Shelf 20","High-quality washer set mini 100 suitable for industrial and commercial use. Meets ISO standards. Compliant with EN, ISO 9001, and OSHA workplace standards. Includes manufacturer warranty and full technical documentation. Suitable for continuous industrial duty cycles and harsh environments."
PRD-000194,Coupling Basic 750,Industrial Parts,913.16,15,60,Philips Industries,SP-460382,82.27,"Aisle F, Shelf 18","High-quality coupling basic 750 suitable for industrial and commercial use. Meets ISO standards. Compliant with EN, ISO 9001, and OSHA workplace standards. Includes manufacturer warranty and full technical documentation. Suitable for continuous industrial duty cycles and harsh environments."
PRD-000195,Junction Box Elite 180,Electrical,551.72,15,60,RS Components,SP-513590,9.76,"Aisle D, Shelf 4","High-quality junction box elite 180 suitable for industrial and commercial use. Meets ISO standards. Compliant with EN, ISO 9001, and OSHA workplace standards. Includes manufacturer warranty and full technical documentation. Suitable for continuous industrial duty cycles and harsh environments."
PRD-000196,Pipe Fitting Set Commercial 750,Plumbing,1387.31,50,250,Stanley Black & Decker,SP-408166,74.73,"Aisle F, Shelf 20","High-quality pipe fitting set commercial 750 suitable for industrial and commercial use. Meets ISO standards. Compliant with EN, ISO 9001, and OSHA workplace standards. Includes manufacturer warranty and full technical documentation. Suitable for continuous industrial duty cycles and harsh environments."
PRD-000197,Oil Filter XL 200,Automotive,309.3,10,20,Fastenal Company,SP-640030,33.21,"Aisle B, Shelf 15","High-quality oil filter xl 200 suitable for industrial and commercial use. Meets ISO standards. Compliant with EN, ISO 9001, and OSHA workplace standards. Includes manufacturer warranty and full technical documentation. Suitable for continuous industrial duty cycles and harsh environments."
PRD-000198,Epoxy Kit Pro 250,Paint & Coating,1017.32,10,50,RS Components,SP-955120,55.41,"Aisle H, Shelf 6","High-quality epoxy kit pro 250 suitable for industrial and commercial use. Meets ISO standards. Compliant with EN, ISO 9001, and OSHA workplace standards. Includes manufacturer warranty and full technical documentation. Suitable for continuous industrial duty cycles and harsh environments."
PRD-000199,Refrigerant Kit Basic 120,HVAC,2123.91,5,10,DeWalt Tools,SP-794789,42.94,"Aisle E, Shelf 2","High-quality refrigerant kit basic 120 suitable for industrial and commercial use. Meets ISO standards. Compliant with EN, ISO 9001, and OSHA workplace standards. Includes manufacturer warranty and full technical documentation. Suitable for continuous industrial duty cycles and harsh environments."
PRD-000200,Strip Light Elite 400,Lighting,115.97,50,250,Makita Corp,SP-705469,2.29,"Aisle E, Shelf 6","High-quality strip light elite 400 suitable for industrial and commercial use. Meets ISO standards. Compliant with EN, ISO 9001, and OSHA workplace standards. Includes manufacturer warranty and full technical documentation. Suitable for continuous industrial duty cycles and harsh environments."
PRD-000201,Projector Elite 750,Office Supplies,1300.67,25,100,Arrow Electronics,SP-170438,35.71,"Aisle A, Shelf 19","High-quality projector elite 750 suitable for industrial and commercial use. Meets ISO standards. Compliant with EN, ISO 9001, and OSHA workplace standards. Includes manufacturer warranty and full technical documentation. Suitable for continuous industrial duty cycles and harsh environments."
PRD-000202,Pressure Washer Mini 100,Cleaning,614.69,100,400,Grainger Inc,SP-766937,48.46,"Aisle H, Shelf 3","High-quality pressure washer mini 100 suitable for industrial and commercial use. Meets ISO standards. Compliant with EN, ISO 9001, and OSHA workplace standards. Includes manufacturer warranty and full technical documentation. Suitable for continuous industrial duty cycles and harsh environments."
PRD-000203,Hex Bolt Box Mini 350,Fasteners,2052.2,100,500,Honeywell Inc,SP-633797,13.57,"Aisle D, Shelf 10","High-quality hex bolt box mini 350 suitable for industrial and commercial use. Meets ISO standards. Compliant with EN, ISO 9001, and OSHA workplace standards. Includes manufacturer warranty and full technical documentation. Suitable for continuous industrial duty cycles and harsh environments."
PRD-000204,Pressure Washer XL 300,Cleaning,379.27,5,25,Bosch GmbH,SP-248355,17.22,"Aisle H, Shelf 6","High-quality pressure washer xl 300 suitable for industrial and commercial use. Meets ISO standards. Compliant with EN, ISO 9001, and OSHA workplace standards. Includes manufacturer warranty and full technical documentation. Suitable for continuous industrial duty cycles and harsh environments."
PRD-000205,Washer Set Mini 400,Fasteners,1908.27,10,20,ABB Ltd,SP-566061,75.69,"Aisle B, Shelf 3","High-quality washer set mini 400 suitable for industrial and commercial use. Meets ISO standards. Compliant with EN, ISO 9001, and OSHA workplace standards. Includes manufacturer warranty and full technical documentation. Suitable for continuous industrial duty cycles and harsh environments."
PRD-000206,Shrink Wrap System Standard 250,Packaging,2148.96,10,50,Würth Group,SP-894204,38.17,"Aisle B, Shelf 13","High-quality shrink wrap system standard 250 suitable for industrial and commercial use. Meets ISO standards. Compliant with EN, ISO 9001, and OSHA workplace standards. Includes manufacturer warranty and full technical documentation. Suitable for continuous industrial duty cycles and harsh environments."
PRD-000207,Stretch Wrap Roll Plus 200,Packaging,171.24,50,200,Schneider Electric,SP-194012,72.12,"Aisle H, Shelf 8","High-quality stretch wrap roll plus 200 suitable for industrial and commercial use. Meets ISO standards. Compliant with EN, ISO 9001, and OSHA workplace standards. Includes manufacturer warranty and full technical documentation. Suitable for continuous industrial duty cycles and harsh environments."
PRD-000208,Foam Sheet Pack Commercial 600,Packaging,1993.7,25,100,Bosch GmbH,SP-726751,27.39,"Aisle B, Shelf 6","High-quality foam sheet pack commercial 600 suitable for industrial and commercial use. Meets ISO standards. Compliant with EN, ISO 9001, and OSHA workplace standards. Includes manufacturer warranty and full technical documentation. Suitable for continuous industrial duty cycles and harsh environments."
PRD-000209,Desk Organizer Basic 75,Office Supplies,1203.04,25,50,Arrow Electronics,SP-993101,14.99,"Aisle F, Shelf 6","High-quality desk organizer basic 75 suitable for industrial and commercial use. Meets ISO standards. Compliant with EN, ISO 9001, and OSHA workplace standards. Includes manufacturer warranty and full technical documentation. Suitable for continuous industrial duty cycles and harsh environments."
PRD-000210,Diagnostic Scanner Plus 120,Automotive,136.32,100,500,Bosch GmbH,SP-809600,43.5,"Aisle H, Shelf 17","High-quality diagnostic scanner plus 120 suitable for industrial and commercial use. Meets ISO standards. Compliant with EN, ISO 9001, and OSHA workplace standards. Includes manufacturer warranty and full technical documentation. Suitable for continuous industrial duty cycles and harsh environments."
PRD-000211,Rivet Pack Max 120,Fasteners,1221.81,50,150,MSC Industrial,SP-456740,21.61,"Aisle B, Shelf 14","High-quality rivet pack max 120 suitable for industrial and commercial use. Meets ISO standards. Compliant with EN, ISO 9001, and OSHA workplace standards. Includes manufacturer warranty and full technical documentation. Suitable for continuous industrial duty cycles and harsh environments."
PRD-000212,Pipe Fitting Set XL 1000,Plumbing,2027.08,25,125,MSC Industrial,SP-784724,76.86,"Aisle H, Shelf 18","High-quality pipe fitting set xl 1000 suitable for industrial and commercial use. Meets ISO standards. Compliant with EN, ISO 9001, and OSHA workplace standards. Includes manufacturer warranty and full technical documentation. Suitable for continuous industrial duty cycles and harsh environments."
PRD-000213,Outlet Box Ultra 250,Electrical,1635.88,50,250,Digi-Key Corp,SP-133722,14.36,"Aisle F, Shelf 12","High-quality outlet box ultra 250 suitable for industrial and commercial use. Meets ISO standards. Compliant with EN, ISO 9001, and OSHA workplace standards. Includes manufacturer warranty and full technical documentation. Suitable for continuous industrial duty cycles and harsh environments."
PRD-000214,Coupling Plus 200,Industrial Parts,1361.29,10,50,Siemens AG,SP-358273,63.34,"Aisle G, Shelf 17","High-quality coupling plus 200 suitable for industrial and commercial use. Meets ISO standards. Compliant with EN, ISO 9001, and OSHA workplace standards. Includes manufacturer warranty and full technical documentation. Suitable for continuous industrial duty cycles and harsh environments."
PRD-000215,Refrigerant Kit Basic 300,HVAC,2141.75,50,100,Mouser Electronics,SP-770381,45.85,"Aisle E, Shelf 4","High-quality refrigerant kit basic 300 suitable for industrial and commercial use. Meets ISO standards. Compliant with EN, ISO 9001, and OSHA workplace standards. Includes manufacturer warranty and full technical documentation. Suitable for continuous industrial duty cycles and harsh environments."
PRD-000216,Belt Sander XL 500,Tools,2255.41,15,60,Würth Group,SP-170296,21.59,"Aisle G, Shelf 11","High-quality belt sander xl 500 suitable for industrial and commercial use. Meets ISO standards. Compliant with EN, ISO 9001, and OSHA workplace standards. Includes manufacturer warranty and full technical documentation. Suitable for continuous industrial duty cycles and harsh environments."
PRD-000217,Waste Container Commercial 600,Cleaning,593.93,25,75,Allied Electronics,SP-225053,67.0,"Aisle B, Shelf 10","High-quality waste container commercial 600 suitable for industrial and commercial use. Meets ISO standards. Compliant with EN, ISO 9001, and OSHA workplace standards. Includes manufacturer warranty and full technical documentation. Suitable for continuous industrial duty cycles and harsh environments."
PRD-000218,Air Compressor Industrial 750,HVAC,709.26,100,500,Siemens AG,SP-539891,60.69,"Aisle C, Shelf 6","High-quality air compressor industrial 750 suitable for industrial and commercial use. Meets ISO standards. Compliant with EN, ISO 9001, and OSHA workplace standards. Includes manufacturer warranty and full technical documentation. Suitable for continuous industrial duty cycles and harsh environments."
PRD-000219,Projector Heavy-Duty 150,Office Supplies,232.56,100,200,MSC Industrial,SP-796824,14.9,"Aisle D, Shelf 14","High-quality projector heavy-duty 150 suitable for industrial and commercial use. Meets ISO standards. Compliant with EN, ISO 9001, and OSHA workplace standards. Includes manufacturer warranty and full technical documentation. Suitable for continuous industrial duty cycles and harsh environments."
PRD-000220,Conduit Pack Commercial 350,Electrical,2194.15,25,50,Allied Electronics,SP-842033,8.34,"Aisle A, Shelf 15","High-quality conduit pack commercial 350 suitable for industrial and commercial use. Meets ISO standards. Compliant with EN, ISO 9001, and OSHA workplace standards. Includes manufacturer warranty and full technical documentation. Suitable for continuous industrial duty cycles and harsh environments."
PRD-000221,Industrial Vacuum XL 75,Cleaning,602.36,100,200,Philips Industries,SP-801398,57.61,"Aisle H, Shelf 16","High-quality industrial vacuum xl 75 suitable for industrial and commercial use. Meets ISO standards. Compliant with EN, ISO 9001, and OSHA workplace standards. Includes manufacturer warranty and full technical documentation. Suitable for continuous industrial duty cycles and harsh environments."
PRD-000222,Wood Screw Set Premium 200,Fasteners,29.15,50,150,Bosch GmbH,SP-370393,29.29,"Aisle C, Shelf 15","High-quality wood screw set premium 200 suitable for industrial and commercial use. Meets ISO standards. Compliant with EN, ISO 9001, and OSHA workplace standards. Includes manufacturer warranty and full technical documentation. Suitable for continuous industrial duty cycles and harsh environments."
PRD-000223,Steam Cleaner Mini 120,Cleaning,1008.79,50,200,DeWalt Tools,SP-389404,0.32,"Aisle E, Shelf 11","High-quality steam cleaner mini 120 suitable for industrial and commercial use. Meets ISO standards. Compliant with EN, ISO 9001, and OSHA workplace standards. Includes manufacturer warranty and full technical documentation. Suitable for continuous industrial duty cycles and harsh environments."
PRD-000224,Humidity Sensor Basic 600,HVAC,1681.88,15,60,Philips Industries,SP-282532,43.85,"Aisle C, Shelf 14","High-quality humidity sensor basic 600 suitable for industrial and commercial use. Meets ISO standards. Compliant with EN, ISO 9001, and OSHA workplace standards. Includes manufacturer warranty and full technical documentation. Suitable for continuous industrial duty cycles and harsh environments."
PRD-000225,Wire Spool Heavy-Duty 50,Electrical,1630.99,5,10,3M Corporation,SP-874738,41.73,"Aisle D, Shelf 10","High-quality wire spool heavy-duty 50 suitable for industrial and commercial use. Meets ISO standards. Compliant with EN, ISO 9001, and OSHA workplace standards. Includes manufacturer warranty and full technical documentation. Suitable for continuous industrial duty cycles and harsh environments."
PRD-000226,Storage Cabinet Compact 300,Storage,1411.73,20,60,DeWalt Tools,SP-901747,74.94,"Aisle C, Shelf 4","High-quality storage cabinet compact 300 suitable for industrial and commercial use. Meets ISO standards. Compliant with EN, ISO 9001, and OSHA workplace standards. Includes manufacturer warranty and full technical documentation. Suitable for continuous industrial duty cycles and harsh environments."
PRD-000227,LED Panel Light Mini 600,Lighting,2257.9,100,400,Digi-Key Corp,SP-946273,47.28,"Aisle G, Shelf 1","High-quality led panel light mini 600 suitable for industrial and commercial use. Meets ISO standards. Compliant with EN, ISO 9001, and OSHA workplace standards. Includes manufacturer warranty and full technical documentation. Suitable for continuous industrial duty cycles and harsh environments."
PRD-000228,Diagnostic Scanner Mini 75,Automotive,505.63,50,100,ABB Ltd,SP-135032,50.22,"Aisle A, Shelf 3","High-quality diagnostic scanner mini 75 suitable for industrial and commercial use. Meets ISO standards. Compliant with EN, ISO 9001, and OSHA workplace standards. Includes manufacturer warranty and full technical documentation. Suitable for continuous industrial duty cycles and harsh environments."
PRD-000229,Bin Organizer XL 200,Storage,635.96,25,50,ABB Ltd,SP-886243,24.95,"Aisle C, Shelf 5","High-quality bin organizer xl 200 suitable for industrial and commercial use. Meets ISO standards. Compliant with EN, ISO 9001, and OSHA workplace standards. Includes manufacturer warranty and full technical documentation. Suitable for continuous industrial duty cycles and harsh environments."
PRD-000230,Signal Generator Ultra 75,Electronics,575.88,100,200,Grainger Inc,SP-300376,6.46,"Aisle H, Shelf 2","High-quality signal generator ultra 75 suitable for industrial and commercial use. Meets ISO standards. Compliant with EN, ISO 9001, and OSHA workplace standards. Includes manufacturer warranty and full technical documentation. Suitable for continuous industrial duty cycles and harsh environments."
PRD-000231,Floodlight Compact 400,Lighting,2078.6,100,500,Stanley Black & Decker,SP-697015,21.89,"Aisle D, Shelf 12","High-quality floodlight compact 400 suitable for industrial and commercial use. Meets ISO standards. Compliant with EN, ISO 9001, and OSHA workplace standards. Includes manufacturer warranty and full technical documentation. Suitable for continuous industrial duty cycles and harsh environments."
PRD-000232,Cable Tester Commercial 400,Electronics,739.51,100,200,Hilti AG,SP-498408,3.56,"Aisle A, Shelf 8","High-quality cable tester commercial 400 suitable for industrial and commercial use. Meets ISO standards. Compliant with EN, ISO 9001, and OSHA workplace standards. Includes manufacturer warranty and full technical documentation. Suitable for continuous industrial duty cycles and harsh environments."
PRD-000233,Router Standard 400,Tools,28.47,10,40,Fastenal Company,SP-121255,17.24,"Aisle G, Shelf 16","High-quality router standard 400 suitable for industrial and commercial use. Meets ISO standards. Compliant with EN, ISO 9001, and OSHA workplace standards. Includes manufacturer warranty and full technical documentation. Suitable for continuous industrial duty cycles and harsh environments."
PRD-000234,Rivet Pack Pro 1000,Fasteners,925.04,5,20,DeWalt Tools,SP-512985,22.49,"Aisle A, Shelf 10","High-quality rivet pack pro 1000 suitable for industrial and commercial use. Meets ISO standards. Compliant with EN, ISO 9001, and OSHA workplace standards. Includes manufacturer warranty and full technical documentation. Suitable for continuous industrial duty cycles and harsh environments."
PRD-000235,Impact Wrench Mini 500,Tools,1319.1,5,15,Stanley Black & Decker,SP-621439,55.48,"Aisle G, Shelf 14","High-quality impact wrench mini 500 suitable for industrial and commercial use. Meets ISO standards. Compliant with EN, ISO 9001, and OSHA workplace standards. Includes manufacturer warranty and full technical documentation. Suitable for continuous industrial duty cycles and harsh environments."
PRD-000236,Anchor Kit Pro 600,Fasteners,1745.76,100,500,RS Components,SP-136459,26.11,"Aisle B, Shelf 9","High-quality anchor kit pro 600 suitable for industrial and commercial use. Meets ISO standards. Compliant with EN, ISO 9001, and OSHA workplace standards. Includes manufacturer warranty and full technical documentation. Suitable for continuous industrial duty cycles and harsh environments."
PRD-000237,Pneumatic Valve Ultra 180,Industrial Parts,2221.07,100,500,3M Corporation,SP-515748,3.34,"Aisle C, Shelf 6","High-quality pneumatic valve ultra 180 suitable for industrial and commercial use. Meets ISO standards. Compliant with EN, ISO 9001, and OSHA workplace standards. Includes manufacturer warranty and full technical documentation. Suitable for continuous industrial duty cycles and harsh environments."
PRD-000238,Fuse Kit Basic 50,Electrical,2209.2,5,10,Stanley Black & Decker,SP-215386,26.07,"Aisle B, Shelf 1","High-quality fuse kit basic 50 suitable for industrial and commercial use. Meets ISO standards. Compliant with EN, ISO 9001, and OSHA workplace standards. Includes manufacturer warranty and full technical documentation. Suitable for continuous industrial duty cycles and harsh environments."
PRD-000239,Industrial Vacuum Heavy-Duty 50,Cleaning,2303.95,10,30,Siemens AG,SP-395396,10.93,"Aisle G, Shelf 14","High-quality industrial vacuum heavy-duty 50 suitable for industrial and commercial use. Meets ISO standards. Compliant with EN, ISO 9001, and OSHA workplace standards. Includes manufacturer warranty and full technical documentation. Suitable for continuous industrial duty cycles and harsh environments."
PRD-000240,Pipe Fitting Set Ultra 50,Plumbing,2409.55,15,45,MSC Industrial,SP-407171,42.78,"Aisle E, Shelf 12","High-quality pipe fitting set ultra 50 suitable for industrial and commercial use. Meets ISO standards. Compliant with EN, ISO 9001, and OSHA workplace standards. Includes manufacturer warranty and full technical documentation. Suitable for continuous industrial duty cycles and harsh environments."
PRD-000241,Toner Cartridge XL 350,Office Supplies,594.4,15,60,Stanley Black & Decker,SP-716956,79.64,"Aisle C, Shelf 19","High-quality toner cartridge xl 350 suitable for industrial and commercial use. Meets ISO standards. Compliant with EN, ISO 9001, and OSHA workplace standards. Includes manufacturer warranty and full technical documentation. Suitable for continuous industrial duty cycles and harsh environments."
PRD-000242,Safety Harness Compact 120,Safety Equipment,1314.18,5,20,Honeywell Inc,SP-563380,12.13,"Aisle D, Shelf 16","High-quality safety harness compact 120 suitable for industrial and commercial use. Meets ISO standards. Compliant with EN, ISO 9001, and OSHA workplace standards. Includes manufacturer warranty and full technical documentation. Suitable for continuous industrial duty cycles and harsh environments."
PRD-000243,Conduit Pack Compact 600,Electrical,2044.75,100,200,Digi-Key Corp,SP-807798,49.07,"Aisle C, Shelf 14","High-quality conduit pack compact 600 suitable for industrial and commercial use. Meets ISO standards. Compliant with EN, ISO 9001, and OSHA workplace standards. Includes manufacturer warranty and full technical documentation. Suitable for continuous industrial duty cycles and harsh environments."
PRD-000244,Duct Section Commercial 350,HVAC,338.59,50,150,Makita Corp,SP-244338,14.06,"Aisle B, Shelf 16","High-quality duct section commercial 350 suitable for industrial and commercial use. Meets ISO standards. Compliant with EN, ISO 9001, and OSHA workplace standards. Includes manufacturer warranty and full technical documentation. Suitable for continuous industrial duty cycles and harsh environments."
PRD-000245,Spray Paint Can Ultra 1000,Paint & Coating,1299.82,10,50,Fastenal Company,SP-659520,0.65,"Aisle A, Shelf 7","High-quality spray paint can ultra 1000 suitable for industrial and commercial use. Meets ISO standards. Compliant with EN, ISO 9001, and OSHA workplace standards. Includes manufacturer warranty and full technical documentation. Suitable for continuous industrial duty cycles and harsh environments."
PRD-000246,Shredder Advanced 600,Office Supplies,640.36,10,20,Grainger Inc,SP-817765,66.18,"Aisle D, Shelf 15","High-quality shredder advanced 600 suitable for industrial and commercial use. Meets ISO standards. Compliant with EN, ISO 9001, and OSHA workplace standards. Includes manufacturer warranty and full technical documentation. Suitable for continuous industrial duty cycles and harsh environments."
PRD-000247,Pneumatic Valve Plus 350,Industrial Parts,692.63,10,30,Würth Group,SP-859202,16.5,"Aisle B, Shelf 16","High-quality pneumatic valve plus 350 suitable for industrial and commercial use. Meets ISO standards. Compliant with EN, ISO 9001, and OSHA workplace standards. Includes manufacturer warranty and full technical documentation. Suitable for continuous industrial duty cycles and harsh environments."
PRD-000248,Seal Kit Plus 50,Industrial Parts,615.07,100,300,MSC Industrial,SP-340309,72.34,"Aisle A, Shelf 15","High-quality seal kit plus 50 suitable for industrial and commercial use. Meets ISO standards. Compliant with EN, ISO 9001, and OSHA workplace standards. Includes manufacturer warranty and full technical documentation. Suitable for continuous industrial duty cycles and harsh environments."
PRD-000249,Rust Converter Plus 600,Paint & Coating,2409.03,100,200,MSC Industrial,SP-404438,25.25,"Aisle F, Shelf 19","High-quality rust converter plus 600 suitable for industrial and commercial use. Meets ISO standards. Compliant with EN, ISO 9001, and OSHA workplace standards. Includes manufacturer warranty and full technical documentation. Suitable for continuous industrial duty cycles and harsh environments."
PRD-000250,Outlet Box Premium 150,Electrical,582.0,20,100,ABB Ltd,SP-604555,23.24,"Aisle A, Shelf 5","High-quality outlet box premium 150 suitable for industrial and commercial use. Meets ISO standards. Compliant with EN, ISO 9001, and OSHA workplace standards. Includes manufacturer warranty and full technical documentation. Suitable for continuous industrial duty cycles and harsh environments."
PRD-000251,Logic Analyzer Heavy-Duty 600,Electronics,1634.37,20,40,DeWalt Tools,SP-501167,44.42,"Aisle B, Shelf 16","High-quality logic analyzer heavy-duty 600 suitable for industrial and commercial use. Meets ISO standards. Compliant with EN, ISO 9001, and OSHA workplace standards. Includes manufacturer warranty and full technical documentation. Suitable for continuous industrial duty cycles and harsh environments."
PRD-000252,Toggle Bolt Box Pro 50,Fasteners,712.95,20,40,Grainger Inc,SP-598479,27.47,"Aisle G, Shelf 5","High-quality toggle bolt box pro 50 suitable for industrial and commercial use. Meets ISO standards. Compliant with EN, ISO 9001, and OSHA workplace standards. Includes manufacturer warranty and full technical documentation. Suitable for continuous industrial duty cycles and harsh environments."
PRD-000253,Pneumatic Valve Advanced 250,Industrial Parts,511.92,10,40,Makita Corp,SP-247908,42.78,"Aisle A, Shelf 14","High-quality pneumatic valve advanced 250 suitable for industrial and commercial use. Meets ISO standards. Compliant with EN, ISO 9001, and OSHA workplace standards. Includes manufacturer warranty and full technical documentation. Suitable for continuous industrial duty cycles and harsh environments."
PRD-000254,Seal Kit Max 180,Industrial Parts,1586.16,100,200,Bosch GmbH,SP-486601,54.65,"Aisle H, Shelf 9","High-quality seal kit max 180 suitable for industrial and commercial use. Meets ISO standards. Compliant with EN, ISO 9001, and OSHA workplace standards. Includes manufacturer warranty and full technical documentation. Suitable for continuous industrial duty cycles and harsh environments."
PRD-000255,Ear Protection Industrial 150,Safety Equipment,1404.45,5,10,Grainger Inc,SP-169305,69.48,"Aisle G, Shelf 6","High-quality ear protection industrial 150 suitable for industrial and commercial use. Meets ISO standards. Compliant with EN, ISO 9001, and OSHA workplace standards. Includes manufacturer warranty and full technical documentation. Suitable for continuous industrial duty cycles and harsh environments."
PRD-000256,Impact Wrench Standard 600,Tools,45.1,15,75,Würth Group,SP-890241,3.72,"Aisle A, Shelf 18","High-quality impact wrench standard 600 suitable for industrial and commercial use. Meets ISO standards. Compliant with EN, ISO 9001, and OSHA workplace standards. Includes manufacturer warranty and full technical documentation. Suitable for continuous industrial duty cycles and harsh environments."
PRD-000257,Projector Ultra 600,Office Supplies,1921.46,5,10,Arrow Electronics,SP-362201,76.21,"Aisle C, Shelf 12","High-quality projector ultra 600 suitable for industrial and commercial use. Meets ISO standards. Compliant with EN, ISO 9001, and OSHA workplace standards. Includes manufacturer warranty and full technical documentation. Suitable for continuous industrial duty cycles and harsh environments."
PRD-000258,Hard Hat Compact 150,Safety Equipment,1316.08,50,200,ABB Ltd,SP-567546,24.94,"Aisle E, Shelf 12","High-quality hard hat compact 150 suitable for industrial and commercial use. Meets ISO standards. Compliant with EN, ISO 9001, and OSHA workplace standards. Includes manufacturer warranty and full technical documentation. Suitable for continuous industrial duty cycles and harsh environments."
PRD-000259,Router Basic 300,Tools,1529.93,100,200,Mouser Electronics,SP-174715,12.4,"Aisle E, Shelf 1","High-quality router basic 300 suitable for industrial and commercial use. Meets ISO standards. Compliant with EN, ISO 9001, and OSHA workplace standards. Includes manufacturer warranty and full technical documentation. Suitable for continuous industrial duty cycles and harsh environments."
PRD-000260,Thinner Gallon Commercial 500,Paint & Coating,1672.79,15,30,Mouser Electronics,SP-796935,72.23,"Aisle F, Shelf 10","High-quality thinner gallon commercial 500 suitable for industrial and commercial use. Meets ISO standards. Compliant with EN, ISO 9001, and OSHA workplace standards. Includes manufacturer warranty and full technical documentation. Suitable for continuous industrial duty cycles and harsh environments."
PRD-000261,Battery Charger Advanced 120,Automotive,2363.65,10,50,DeWalt Tools,SP-264419,62.59,"Aisle B, Shelf 4","High-quality battery charger advanced 120 suitable for industrial and commercial use. Meets ISO standards. Compliant with EN, ISO 9001, and OSHA workplace standards. Includes manufacturer warranty and full technical documentation. Suitable for continuous industrial duty cycles and harsh environments."
PRD-000262,Belt Sander Basic 180,Tools,779.51,15,45,DeWalt Tools,SP-995068,1.84,"Aisle F, Shelf 17","High-quality belt sander basic 180 suitable for industrial and commercial use. Meets ISO standards. Compliant with EN, ISO 9001, and OSHA workplace standards. Includes manufacturer warranty and full technical documentation. Suitable for continuous industrial duty cycles and harsh environments."
PRD-000263,Wire Shelving Commercial 200,Storage,351.3,100,400,ABB Ltd,SP-765122,70.81,"Aisle H, Shelf 6","High-quality wire shelving commercial 200 suitable for industrial and commercial use. Meets ISO standards. Compliant with EN, ISO 9001, and OSHA workplace standards. Includes manufacturer warranty and full technical documentation. Suitable for continuous industrial duty cycles and harsh environments."
PRD-000264,Power Supply Unit Ultra 350,Electronics,1436.97,15,45,Fastenal Company,SP-307727,84.2,"Aisle B, Shelf 10","High-quality power supply unit ultra 350 suitable for industrial and commercial use. Meets ISO standards. Compliant with EN, ISO 9001, and OSHA workplace standards. Includes manufacturer warranty and full technical documentation. Suitable for continuous industrial duty cycles and harsh environments."
PRD-000265,Foam Sheet Pack Premium 600,Packaging,116.46,20,100,3M Corporation,SP-631113,79.54,"Aisle G, Shelf 18","High-quality foam sheet pack premium 600 suitable for industrial and commercial use. Meets ISO standards. Compliant with EN, ISO 9001, and OSHA workplace standards. Includes manufacturer warranty and full technical documentation. Suitable for continuous industrial duty cycles and harsh environments."
PRD-000266,Nut Assortment Advanced 180,Fasteners,2132.63,10,20,Philips Industries,SP-143619,74.09,"Aisle B, Shelf 2","High-quality nut assortment advanced 180 suitable for industrial and commercial use. Meets ISO standards. Compliant with EN, ISO 9001, and OSHA workplace standards. Includes manufacturer warranty and full technical documentation. Suitable for continuous industrial duty cycles and harsh environments."
PRD-000267,Refrigerant Kit Industrial 1000,HVAC,722.87,15,75,MSC Industrial,SP-493089,39.84,"Aisle E, Shelf 15","High-quality refrigerant kit industrial 1000 suitable for industrial and commercial use. Meets ISO standards. Compliant with EN, ISO 9001, and OSHA workplace standards. Includes manufacturer warranty and full technical documentation. Suitable for continuous industrial duty cycles and harsh environments."
PRD-000268,High-Vis Vest Advanced 250,Safety Equipment,2472.89,25,50,Fastenal Company,SP-773307,22.31,"Aisle F, Shelf 2","High-quality high-vis vest advanced 250 suitable for industrial and commercial use. Meets ISO standards. Compliant with EN, ISO 9001, and OSHA workplace standards. Includes manufacturer warranty and full technical documentation. Suitable for continuous industrial duty cycles and harsh environments."
PRD-000269,Jack Stand Set XL 500,Automotive,2145.2,50,250,Schneider Electric,SP-716674,40.58,"Aisle A, Shelf 16","High-quality jack stand set xl 500 suitable for industrial and commercial use. Meets ISO standards. Compliant with EN, ISO 9001, and OSHA workplace standards. Includes manufacturer warranty and full technical documentation. Suitable for continuous industrial duty cycles and harsh environments."
PRD-000270,Packing Tape Gun Basic 400,Packaging,2405.87,100,400,Honeywell Inc,SP-876789,67.75,"Aisle A, Shelf 11","High-quality packing tape gun basic 400 suitable for industrial and commercial use. Meets ISO standards. Compliant with EN, ISO 9001, and OSHA workplace standards. Includes manufacturer warranty and full technical documentation. Suitable for continuous industrial duty cycles and harsh environments."
PRD-000271,Gear Motor Commercial 120,Industrial Parts,371.3,5,25,3M Corporation,SP-772866,76.21,"Aisle E, Shelf 13","High-quality gear motor commercial 120 suitable for industrial and commercial use. Meets ISO standards. Compliant with EN, ISO 9001, and OSHA workplace standards. Includes manufacturer warranty and full technical documentation. Suitable for continuous industrial duty cycles and harsh environments."
PRD-000272,Label Maker Plus 250,Office Supplies,1534.91,20,60,Stanley Black & Decker,SP-912823,59.54,"Aisle C, Shelf 4","High-quality label maker plus 250 suitable for industrial and commercial use. Meets ISO standards. Compliant with EN, ISO 9001, and OSHA workplace standards. Includes manufacturer warranty and full technical documentation. Suitable for continuous industrial duty cycles and harsh environments."
PRD-000273,Drawer Cabinet Premium 750,Storage,164.27,10,40,Arrow Electronics,SP-691652,78.13,"Aisle D, Shelf 2","High-quality drawer cabinet premium 750 suitable for industrial and commercial use. Meets ISO standards. Compliant with EN, ISO 9001, and OSHA workplace standards. Includes manufacturer warranty and full technical documentation. Suitable for continuous industrial duty cycles and harsh environments."
PRD-000274,Strapping Machine Elite 200,Packaging,83.01,10,40,Grainger Inc,SP-147608,53.54,"Aisle B, Shelf 11","High-quality strapping machine elite 200 suitable for industrial and commercial use. Meets ISO standards. Compliant with EN, ISO 9001, and OSHA workplace standards. Includes manufacturer warranty and full technical documentation. Suitable for continuous industrial duty cycles and harsh environments."
PRD-000275,V-Belt Elite 1000,Industrial Parts,2246.61,20,60,Fastenal Company,SP-168255,15.25,"Aisle G, Shelf 19","High-quality v-belt elite 1000 suitable for industrial and commercial use. Meets ISO standards. Compliant with EN, ISO 9001, and OSHA workplace standards. Includes manufacturer warranty and full technical documentation. Suitable for continuous industrial duty cycles and harsh environments."
PRD-000276,Wire Shelving Max 250,Storage,1769.21,50,100,Makita Corp,SP-423120,68.15,"Aisle B, Shelf 20","High-quality wire shelving max 250 suitable for industrial and commercial use. Meets ISO standards. Compliant with EN, ISO 9001, and OSHA workplace standards. Includes manufacturer warranty and full technical documentation. Suitable for continuous industrial duty cycles and harsh environments."
PRD-000277,Water Pump Plus 750,Plumbing,833.61,50,250,RS Components,SP-173652,1.51,"Aisle A, Shelf 14","High-quality water pump plus 750 suitable for industrial and commercial use. Meets ISO standards. Compliant with EN, ISO 9001, and OSHA workplace standards. Includes manufacturer warranty and full technical documentation. Suitable for continuous industrial duty cycles and harsh environments."
PRD-000278,Ventilation Fan Plus 120,HVAC,1321.0,20,60,Digi-Key Corp,SP-766855,45.87,"Aisle B, Shelf 13","High-quality ventilation fan plus 120 suitable for industrial and commercial use. Meets ISO standards. Compliant with EN, ISO 9001, and OSHA workplace standards. Includes manufacturer warranty and full technical documentation. Suitable for continuous industrial duty cycles and harsh environments."
PRD-000279,Packing Tape Gun Heavy-Duty 120,Packaging,1842.15,10,40,Grainger Inc,SP-338082,79.03,"Aisle B, Shelf 10","High-quality packing tape gun heavy-duty 120 suitable for industrial and commercial use. Meets ISO standards. Compliant with EN, ISO 9001, and OSHA workplace standards. Includes manufacturer warranty and full technical documentation. Suitable for continuous industrial duty cycles and harsh environments."
PRD-000280,Stretch Wrap Roll XL 75,Packaging,1011.54,15,45,Arrow Electronics,SP-685469,73.31,"Aisle G, Shelf 2","High-quality stretch wrap roll xl 75 suitable for industrial and commercial use. Meets ISO standards. Compliant with EN, ISO 9001, and OSHA workplace standards. Includes manufacturer warranty and full technical documentation. Suitable for continuous industrial duty cycles and harsh environments."
PRD-000281,Packing Tape Gun Ultra 350,Packaging,1912.33,10,30,ABB Ltd,SP-591347,15.36,"Aisle F, Shelf 6","High-quality packing tape gun ultra 350 suitable for industrial and commercial use. Meets ISO standards. Compliant with EN, ISO 9001, and OSHA workplace standards. Includes manufacturer warranty and full technical documentation. Suitable for continuous industrial duty cycles and harsh environments."
PRD-000282,Washer Set XL 1000,Fasteners,2112.21,15,45,Fastenal Company,SP-683828,56.06,"Aisle F, Shelf 10","High-quality washer set xl 1000 suitable for industrial and commercial use. Meets ISO standards. Compliant with EN, ISO 9001, and OSHA workplace standards. Includes manufacturer warranty and full technical documentation. Suitable for continuous industrial duty cycles and harsh environments."
PRD-000283,Air Compressor Mini 150,HVAC,656.57,20,80,Makita Corp,SP-894435,4.89,"Aisle A, Shelf 16","High-quality air compressor mini 150 suitable for industrial and commercial use. Meets ISO standards. Compliant with EN, ISO 9001, and OSHA workplace standards. Includes manufacturer warranty and full technical documentation. Suitable for continuous industrial duty cycles and harsh environments."
PRD-000284,Logic Analyzer Heavy-Duty 250,Electronics,1816.78,5,25,Makita Corp,SP-258214,75.35,"Aisle H, Shelf 5","High-quality logic analyzer heavy-duty 250 suitable for industrial and commercial use. Meets ISO standards. Compliant with EN, ISO 9001, and OSHA workplace standards. Includes manufacturer warranty and full technical documentation. Suitable for continuous industrial duty cycles and harsh environments."
PRD-000285,Floodlight Standard 1000,Lighting,1327.98,25,100,Bosch GmbH,SP-182404,33.36,"Aisle B, Shelf 6","High-quality floodlight standard 1000 suitable for industrial and commercial use. Meets ISO standards. Compliant with EN, ISO 9001, and OSHA workplace standards. Includes manufacturer warranty and full technical documentation. Suitable for continuous industrial duty cycles and harsh environments."
PRD-000286,Thinner Gallon Elite 150,Paint & Coating,52.16,15,75,ABB Ltd,SP-581263,28.48,"Aisle F, Shelf 19","High-quality thinner gallon elite 150 suitable for industrial and commercial use. Meets ISO standards. Compliant with EN, ISO 9001, and OSHA workplace standards. Includes manufacturer warranty and full technical documentation. Suitable for continuous industrial duty cycles and harsh environments."
PRD-000287,Stretch Wrap Roll Plus 100,Packaging,2193.01,25,125,Arrow Electronics,SP-509164,48.4,"Aisle B, Shelf 20","High-quality stretch wrap roll plus 100 suitable for industrial and commercial use. Meets ISO standards. Compliant with EN, ISO 9001, and OSHA workplace standards. Includes manufacturer warranty and full technical documentation. Suitable for continuous industrial duty cycles and harsh environments."
PRD-000288,Fuse Kit Compact 75,Electrical,1105.3,50,150,3M Corporation,SP-812288,48.84,"Aisle B, Shelf 14","High-quality fuse kit compact 75 suitable for industrial and commercial use. Meets ISO standards. Compliant with EN, ISO 9001, and OSHA workplace standards. Includes manufacturer warranty and full technical documentation. Suitable for continuous industrial duty cycles and harsh environments."
PRD-000289,Tire Inflator Pro 180,Automotive,421.02,100,300,Schneider Electric,SP-740860,22.81,"Aisle F, Shelf 18","High-quality tire inflator pro 180 suitable for industrial and commercial use. Meets ISO standards. Compliant with EN, ISO 9001, and OSHA workplace standards. Includes manufacturer warranty and full technical documentation. Suitable for continuous industrial duty cycles and harsh environments."
PRD-000290,Industrial Vacuum Max 200,Cleaning,589.26,50,200,Allied Electronics,SP-910205,8.23,"Aisle B, Shelf 9","High-quality industrial vacuum max 200 suitable for industrial and commercial use. Meets ISO standards. Compliant with EN, ISO 9001, and OSHA workplace standards. Includes manufacturer warranty and full technical documentation. Suitable for continuous industrial duty cycles and harsh environments."
PRD-000291,Router Elite 50,Tools,917.04,20,60,Honeywell Inc,SP-239253,41.43,"Aisle A, Shelf 5","High-quality router elite 50 suitable for industrial and commercial use. Meets ISO standards. Compliant with EN, ISO 9001, and OSHA workplace standards. Includes manufacturer warranty and full technical documentation. Suitable for continuous industrial duty cycles and harsh environments."
PRD-000292,Spray Paint Can Advanced 400,Paint & Coating,1219.82,5,15,ABB Ltd,SP-578820,56.05,"Aisle D, Shelf 8","High-quality spray paint can advanced 400 suitable for industrial and commercial use. Meets ISO standards. Compliant with EN, ISO 9001, and OSHA workplace standards. Includes manufacturer warranty and full technical documentation. Suitable for continuous industrial duty cycles and harsh environments."
PRD-000293,Rust Converter Advanced 150,Paint & Coating,1025.36,20,60,Honeywell Inc,SP-497119,44.57,"Aisle B, Shelf 8","High-quality rust converter advanced 150 suitable for industrial and commercial use. Meets ISO standards. Compliant with EN, ISO 9001, and OSHA workplace standards. Includes manufacturer warranty and full technical documentation. Suitable for continuous industrial duty cycles and harsh environments."
PRD-000294,Spill Kit XL 75,Cleaning,1593.15,15,30,Mouser Electronics,SP-164158,2.32,"Aisle D, Shelf 15","High-quality spill kit xl 75 suitable for industrial and commercial use. Meets ISO standards. Compliant with EN, ISO 9001, and OSHA workplace standards. Includes manufacturer warranty and full technical documentation. Suitable for continuous industrial duty cycles and harsh environments."
PRD-000295,Safety Harness Compact 500,Safety Equipment,72.32,15,45,Philips Industries,SP-300327,35.84,"Aisle F, Shelf 2","High-quality safety harness compact 500 suitable for industrial and commercial use. Meets ISO standards. Compliant with EN, ISO 9001, and OSHA workplace standards. Includes manufacturer warranty and full technical documentation. Suitable for continuous industrial duty cycles and harsh environments."
PRD-000296,Brake Pad Set Max 400,Automotive,1827.0,5,25,MSC Industrial,SP-641060,55.62,"Aisle H, Shelf 3","High-quality brake pad set max 400 suitable for industrial and commercial use. Meets ISO standards. Compliant with EN, ISO 9001, and OSHA workplace standards. Includes manufacturer warranty and full technical documentation. Suitable for continuous industrial duty cycles and harsh environments."
PRD-000297,Sealant Tube XL 100,Paint & Coating,1853.08,20,60,Allied Electronics,SP-469855,80.9,"Aisle B, Shelf 10","High-quality sealant tube xl 100 suitable for industrial and commercial use. Meets ISO standards. Compliant with EN, ISO 9001, and OSHA workplace standards. Includes manufacturer warranty and full technical documentation. Suitable for continuous industrial duty cycles and harsh environments."
PRD-000298,Water Pump Advanced 300,Plumbing,2444.24,25,125,Fastenal Company,SP-727011,56.42,"Aisle H, Shelf 12","High-quality water pump advanced 300 suitable for industrial and commercial use. Meets ISO standards. Compliant with EN, ISO 9001, and OSHA workplace standards. Includes manufacturer warranty and full technical documentation. Suitable for continuous industrial duty cycles and harsh environments."
PRD-000299,Industrial Vacuum Heavy-Duty 600,Cleaning,69.86,100,400,Digi-Key Corp,SP-708043,84.62,"Aisle B, Shelf 18","High-quality industrial vacuum heavy-duty 600 suitable for industrial and commercial use. Meets ISO standards. Compliant with EN, ISO 9001, and OSHA workplace standards. Includes manufacturer warranty and full technical documentation. Suitable for continuous industrial duty cycles and harsh environments."
PRD-000300,Motion Sensor Light Heavy-Duty 1000,Lighting,74.45,20,40,Digi-Key Corp,SP-837841,77.15,"Aisle A, Shelf 2","High-quality motion sensor light heavy-duty 1000 suitable for industrial and commercial use. Meets ISO standards. Compliant with EN, ISO 9001, and OSHA workplace standards. Includes manufacturer warranty and full technical documentation. Suitable for continuous industrial duty cycles and harsh environments."
PRD-000301,Diagnostic Scanner Standard 400,Automotive,1568.99,25,125,Makita Corp,SP-526710,77.03,"Aisle E, Shelf 9","High-quality diagnostic scanner standard 400 suitable for industrial and commercial use. Meets ISO standards. Compliant with EN, ISO 9001, and OSHA workplace standards. Includes manufacturer warranty and full technical documentation. Suitable for continuous industrial duty cycles and harsh environments."
PRD-000302,Washer Set Standard 100,Fasteners,1903.98,20,40,ABB Ltd,SP-504212,4.81,"Aisle B, Shelf 6","High-quality washer set standard 100 suitable for industrial and commercial use. Meets ISO standards. Compliant with EN, ISO 9001, and OSHA workplace standards. Includes manufacturer warranty and full technical documentation. Suitable for continuous industrial duty cycles and harsh environments."
PRD-000303,Brush Set Standard 180,Paint & Coating,267.37,25,100,Fastenal Company,SP-150297,46.93,"Aisle F, Shelf 20","High-quality brush set standard 180 suitable for industrial and commercial use. Meets ISO standards. Compliant with EN, ISO 9001, and OSHA workplace standards. Includes manufacturer warranty and full technical documentation. Suitable for continuous industrial duty cycles and harsh environments."
PRD-000304,First Aid Kit Premium 400,Safety Equipment,1190.3,50,200,Digi-Key Corp,SP-850207,40.49,"Aisle E, Shelf 5","High-quality first aid kit premium 400 suitable for industrial and commercial use. Meets ISO standards. Compliant with EN, ISO 9001, and OSHA workplace standards. Includes manufacturer warranty and full technical documentation. Suitable for continuous industrial duty cycles and harsh environments."
PRD-000305,Belt Sander Max 750,Tools,768.46,25,100,MSC Industrial,SP-627397,40.15,"Aisle B, Shelf 16","High-quality belt sander max 750 suitable for industrial and commercial use. Meets ISO standards. Compliant with EN, ISO 9001, and OSHA workplace standards. Includes manufacturer warranty and full technical documentation. Suitable for continuous industrial duty cycles and harsh environments."
PRD-000306,Steel-toe Boots Plus 120,Safety Equipment,84.12,10,50,Digi-Key Corp,SP-561934,45.26,"Aisle B, Shelf 8","High-quality steel-toe boots plus 120 suitable for industrial and commercial use. Meets ISO standards. Compliant with EN, ISO 9001, and OSHA workplace standards. Includes manufacturer warranty and full technical documentation. Suitable for continuous industrial duty cycles and harsh environments."
PRD-000307,First Aid Kit Premium 75,Safety Equipment,1394.48,50,200,ABB Ltd,SP-227516,4.51,"Aisle E, Shelf 13","High-quality first aid kit premium 75 suitable for industrial and commercial use. Meets ISO standards. Compliant with EN, ISO 9001, and OSHA workplace standards. Includes manufacturer warranty and full technical documentation. Suitable for continuous industrial duty cycles and harsh environments."
PRD-000308,Ball Bearing Basic 250,Industrial Parts,2096.22,15,75,Fastenal Company,SP-457175,76.85,"Aisle H, Shelf 8","High-quality ball bearing basic 250 suitable for industrial and commercial use. Meets ISO standards. Compliant with EN, ISO 9001, and OSHA workplace standards. Includes manufacturer warranty and full technical documentation. Suitable for continuous industrial duty cycles and harsh environments."
PRD-000309,Router Compact 1000,Tools,1175.93,25,50,3M Corporation,SP-424018,26.18,"Aisle H, Shelf 11","High-quality router compact 1000 suitable for industrial and commercial use. Meets ISO standards. Compliant with EN, ISO 9001, and OSHA workplace standards. Includes manufacturer warranty and full technical documentation. Suitable for continuous industrial duty cycles and harsh environments."
PRD-000310,Desk Lamp Basic 100,Lighting,2002.95,15,75,Honeywell Inc,SP-566649,69.17,"Aisle E, Shelf 1","High-quality desk lamp basic 100 suitable for industrial and commercial use. Meets ISO standards. Compliant with EN, ISO 9001, and OSHA workplace standards. Includes manufacturer warranty and full technical documentation. Suitable for continuous industrial duty cycles and harsh environments."
PRD-000311,Sump Pump Premium 100,Plumbing,839.32,50,250,Hilti AG,SP-388768,49.47,"Aisle E, Shelf 13","High-quality sump pump premium 100 suitable for industrial and commercial use. Meets ISO standards. Compliant with EN, ISO 9001, and OSHA workplace standards. Includes manufacturer warranty and full technical documentation. Suitable for continuous industrial duty cycles and harsh environments."
PRD-000312,Junction Box Compact 600,Electrical,50.75,20,60,Digi-Key Corp,SP-946302,71.31,"Aisle G, Shelf 4","High-quality junction box compact 600 suitable for industrial and commercial use. Meets ISO standards. Compliant with EN, ISO 9001, and OSHA workplace standards. Includes manufacturer warranty and full technical documentation. Suitable for continuous industrial duty cycles and harsh environments."
PRD-000313,Whiteboard Ultra 300,Office Supplies,1706.26,10,30,Honeywell Inc,SP-257055,10.3,"Aisle C, Shelf 2","High-quality whiteboard ultra 300 suitable for industrial and commercial use. Meets ISO standards. Compliant with EN, ISO 9001, and OSHA workplace standards. Includes manufacturer warranty and full technical documentation. Suitable for continuous industrial duty cycles and harsh environments."
PRD-000314,Pneumatic Valve Advanced 200,Industrial Parts,2200.53,15,45,Fastenal Company,SP-269951,7.28,"Aisle B, Shelf 5","High-quality pneumatic valve advanced 200 suitable for industrial and commercial use. Meets ISO standards. Compliant with EN, ISO 9001, and OSHA workplace standards. Includes manufacturer warranty and full technical documentation. Suitable for continuous industrial duty cycles and harsh environments."
PRD-000315,Rust Converter Mini 250,Paint & Coating,1223.41,10,40,MSC Industrial,SP-174772,48.13,"Aisle E, Shelf 7","High-quality rust converter mini 250 suitable for industrial and commercial use. Meets ISO standards. Compliant with EN, ISO 9001, and OSHA workplace standards. Includes manufacturer warranty and full technical documentation. Suitable for continuous industrial duty cycles and harsh environments."
PRD-000316,Strapping Machine Plus 180,Packaging,2482.63,20,60,Würth Group,SP-435664,24.24,"Aisle F, Shelf 9","High-quality strapping machine plus 180 suitable for industrial and commercial use. Meets ISO standards. Compliant with EN, ISO 9001, and OSHA workplace standards. Includes manufacturer warranty and full technical documentation. Suitable for continuous industrial duty cycles and harsh environments."
PRD-000317,Logic Analyzer Industrial 200,Electronics,1508.09,20,60,Philips Industries,SP-658307,12.57,"Aisle E, Shelf 3","High-quality logic analyzer industrial 200 suitable for industrial and commercial use. Meets ISO standards. Compliant with EN, ISO 9001, and OSHA workplace standards. Includes manufacturer warranty and full technical documentation. Suitable for continuous industrial duty cycles and harsh environments."
PRD-000318,Nut Assortment Plus 250,Fasteners,444.85,20,100,ABB Ltd,SP-329037,69.89,"Aisle B, Shelf 11","High-quality nut assortment plus 250 suitable for industrial and commercial use. Meets ISO standards. Compliant with EN, ISO 9001, and OSHA workplace standards. Includes manufacturer warranty and full technical documentation. Suitable for continuous industrial duty cycles and harsh environments."
PRD-000319,Spray Paint Can XL 250,Paint & Coating,946.12,25,100,Schneider Electric,SP-677080,84.02,"Aisle G, Shelf 6","High-quality spray paint can xl 250 suitable for industrial and commercial use. Meets ISO standards. Compliant with EN, ISO 9001, and OSHA workplace standards. Includes manufacturer warranty and full technical documentation. Suitable for continuous industrial duty cycles and harsh environments."
PRD-000320,Oscilloscope Pro 500,Electronics,441.39,15,30,Honeywell Inc,SP-224775,19.91,"Aisle B, Shelf 7","High-quality oscilloscope pro 500 suitable for industrial and commercial use. Meets ISO standards. Compliant with EN, ISO 9001, and OSHA workplace standards. Includes manufacturer warranty and full technical documentation. Suitable for continuous industrial duty cycles and harsh environments."
PRD-000321,Circuit Breaker Plus 150,Electrical,718.77,50,250,RS Components,SP-866428,3.1,"Aisle H, Shelf 7","High-quality circuit breaker plus 150 suitable for industrial and commercial use. Meets ISO standards. Compliant with EN, ISO 9001, and OSHA workplace standards. Includes manufacturer warranty and full technical documentation. Suitable for continuous industrial duty cycles and harsh environments."
PRD-000322,Waste Container Compact 200,Cleaning,2462.74,10,50,MSC Industrial,SP-971144,81.12,"Aisle E, Shelf 9","High-quality waste container compact 200 suitable for industrial and commercial use. Meets ISO standards. Compliant with EN, ISO 9001, and OSHA workplace standards. Includes manufacturer warranty and full technical documentation. Suitable for continuous industrial duty cycles and harsh environments."
PRD-000323,Outlet Box Heavy-Duty 75,Electrical,1883.23,15,60,Hilti AG,SP-667569,76.19,"Aisle C, Shelf 19","High-quality outlet box heavy-duty 75 suitable for industrial and commercial use. Meets ISO standards. Compliant with EN, ISO 9001, and OSHA workplace standards. Includes manufacturer warranty and full technical documentation. Suitable for continuous industrial duty cycles and harsh environments."
PRD-000324,LED Panel Light Mini 250,Lighting,810.82,20,100,Digi-Key Corp,SP-114739,20.08,"Aisle F, Shelf 7","High-quality led panel light mini 250 suitable for industrial and commercial use. Meets ISO standards. Compliant with EN, ISO 9001, and OSHA workplace standards. Includes manufacturer warranty and full technical documentation. Suitable for continuous industrial duty cycles and harsh environments."
PRD-000325,Pallet Rack Premium 120,Storage,93.67,10,30,Siemens AG,SP-682800,13.79,"Aisle A, Shelf 8","High-quality pallet rack premium 120 suitable for industrial and commercial use. Meets ISO standards. Compliant with EN, ISO 9001, and OSHA workplace standards. Includes manufacturer warranty and full technical documentation. Suitable for continuous industrial duty cycles and harsh environments."
PRD-000326,High-Vis Vest Mini 750,Safety Equipment,1260.71,25,50,Fastenal Company,SP-440126,6.3,"Aisle D, Shelf 20","High-quality high-vis vest mini 750 suitable for industrial and commercial use. Meets ISO standards. Compliant with EN, ISO 9001, and OSHA workplace standards. Includes manufacturer warranty and full technical documentation. Suitable for continuous industrial duty cycles and harsh environments."
PRD-000327,Thermostat Mini 300,HVAC,751.71,50,150,Hilti AG,SP-714612,44.43,"Aisle A, Shelf 10","High-quality thermostat mini 300 suitable for industrial and commercial use. Meets ISO standards. Compliant with EN, ISO 9001, and OSHA workplace standards. Includes manufacturer warranty and full technical documentation. Suitable for continuous industrial duty cycles and harsh environments."
PRD-000328,Anchor Kit Ultra 150,Fasteners,1823.16,50,150,Würth Group,SP-295080,23.44,"Aisle F, Shelf 19","High-quality anchor kit ultra 150 suitable for industrial and commercial use. Meets ISO standards. Compliant with EN, ISO 9001, and OSHA workplace standards. Includes manufacturer warranty and full technical documentation. Suitable for continuous industrial duty cycles and harsh environments."
PRD-000329,Conduit Pack Ultra 50,Electrical,1568.36,25,100,Bosch GmbH,SP-525966,32.21,"Aisle E, Shelf 11","High-quality conduit pack ultra 50 suitable for industrial and commercial use. Meets ISO standards. Compliant with EN, ISO 9001, and OSHA workplace standards. Includes manufacturer warranty and full technical documentation. Suitable for continuous industrial duty cycles and harsh environments."
PRD-000330,Spark Plug Pack Elite 50,Automotive,2399.88,15,45,Digi-Key Corp,SP-879692,68.02,"Aisle A, Shelf 10","High-quality spark plug pack elite 50 suitable for industrial and commercial use. Meets ISO standards. Compliant with EN, ISO 9001, and OSHA workplace standards. Includes manufacturer warranty and full technical documentation. Suitable for continuous industrial duty cycles and harsh environments."
PRD-000331,Printer Paper Box Commercial 100,Office Supplies,2268.66,20,100,Arrow Electronics,SP-467926,45.67,"Aisle A, Shelf 10","High-quality printer paper box commercial 100 suitable for industrial and commercial use. Meets ISO standards. Compliant with EN, ISO 9001, and OSHA workplace standards. Includes manufacturer warranty and full technical documentation. Suitable for continuous industrial duty cycles and harsh environments."
PRD-000332,Spark Plug Pack XL 500,Automotive,1662.57,20,40,3M Corporation,SP-141552,15.43,"Aisle F, Shelf 19","High-quality spark plug pack xl 500 suitable for industrial and commercial use. Meets ISO standards. Compliant with EN, ISO 9001, and OSHA workplace standards. Includes manufacturer warranty and full technical documentation. Suitable for continuous industrial duty cycles and harsh environments."
PRD-000333,Epoxy Kit Plus 50,Paint & Coating,2393.94,50,200,Würth Group,SP-954742,76.72,"Aisle D, Shelf 13","High-quality epoxy kit plus 50 suitable for industrial and commercial use. Meets ISO standards. Compliant with EN, ISO 9001, and OSHA workplace standards. Includes manufacturer warranty and full technical documentation. Suitable for continuous industrial duty cycles and harsh environments."
PRD-000334,High Bay Light Commercial 600,Lighting,750.01,5,15,Allied Electronics,SP-703245,83.79,"Aisle F, Shelf 15","High-quality high bay light commercial 600 suitable for industrial and commercial use. Meets ISO standards. Compliant with EN, ISO 9001, and OSHA workplace standards. Includes manufacturer warranty and full technical documentation. Suitable for continuous industrial duty cycles and harsh environments."
PRD-000335,Wood Screw Set Basic 200,Fasteners,1229.76,50,250,RS Components,SP-757553,51.13,"Aisle B, Shelf 12","High-quality wood screw set basic 200 suitable for industrial and commercial use. Meets ISO standards. Compliant with EN, ISO 9001, and OSHA workplace standards. Includes manufacturer warranty and full technical documentation. Suitable for continuous industrial duty cycles and harsh environments."
PRD-000336,Safety Harness Industrial 180,Safety Equipment,913.59,15,30,Siemens AG,SP-500357,48.4,"Aisle C, Shelf 14","High-quality safety harness industrial 180 suitable for industrial and commercial use. Meets ISO standards. Compliant with EN, ISO 9001, and OSHA workplace standards. Includes manufacturer warranty and full technical documentation. Suitable for continuous industrial duty cycles and harsh environments."
PRD-000337,Shredder Basic 400,Office Supplies,2006.02,25,50,Stanley Black & Decker,SP-609551,36.24,"Aisle D, Shelf 7","High-quality shredder basic 400 suitable for industrial and commercial use. Meets ISO standards. Compliant with EN, ISO 9001, and OSHA workplace standards. Includes manufacturer warranty and full technical documentation. Suitable for continuous industrial duty cycles and harsh environments."
PRD-000338,Cordless Drill Compact 250,Tools,2120.02,15,60,RS Components,SP-193753,80.94,"Aisle B, Shelf 8","High-quality cordless drill compact 250 suitable for industrial and commercial use. Meets ISO standards. Compliant with EN, ISO 9001, and OSHA workplace standards. Includes manufacturer warranty and full technical documentation. Suitable for continuous industrial duty cycles and harsh environments."
PRD-000339,Strip Light Mini 300,Lighting,1420.49,50,150,DeWalt Tools,SP-335953,74.7,"Aisle C, Shelf 19","High-quality strip light mini 300 suitable for industrial and commercial use. Meets ISO standards. Compliant with EN, ISO 9001, and OSHA workplace standards. Includes manufacturer warranty and full technical documentation. Suitable for continuous industrial duty cycles and harsh environments."
PRD-000340,Stretch Wrap Roll Basic 600,Packaging,2290.68,25,75,Hilti AG,SP-664852,24.03,"Aisle F, Shelf 9","High-quality stretch wrap roll basic 600 suitable for industrial and commercial use. Meets ISO standards. Compliant with EN, ISO 9001, and OSHA workplace standards. Includes manufacturer warranty and full technical documentation. Suitable for continuous industrial duty cycles and harsh environments."
PRD-000341,Rust Converter Basic 400,Paint & Coating,315.69,5,20,ABB Ltd,SP-164252,16.43,"Aisle A, Shelf 18","High-quality rust converter basic 400 suitable for industrial and commercial use. Meets ISO standards. Compliant with EN, ISO 9001, and OSHA workplace standards. Includes manufacturer warranty and full technical documentation. Suitable for continuous industrial duty cycles and harsh environments."
PRD-000342,Planer Industrial 180,Tools,1564.38,10,40,DeWalt Tools,SP-960587,6.15,"Aisle G, Shelf 11","High-quality planer industrial 180 suitable for industrial and commercial use. Meets ISO standards. Compliant with EN, ISO 9001, and OSHA workplace standards. Includes manufacturer warranty and full technical documentation. Suitable for continuous industrial duty cycles and harsh environments."
PRD-000343,Oil Filter XL 50,Automotive,1999.87,20,40,Schneider Electric,SP-368810,10.27,"Aisle G, Shelf 19","High-quality oil filter xl 50 suitable for industrial and commercial use. Meets ISO standards. Compliant with EN, ISO 9001, and OSHA workplace standards. Includes manufacturer warranty and full technical documentation. Suitable for continuous industrial duty cycles and harsh environments."
PRD-000344,Pneumatic Valve Commercial 150,Industrial Parts,345.95,10,30,3M Corporation,SP-879158,69.46,"Aisle B, Shelf 10","High-quality pneumatic valve commercial 150 suitable for industrial and commercial use. Meets ISO standards. Compliant with EN, ISO 9001, and OSHA workplace standards. Includes manufacturer warranty and full technical documentation. Suitable for continuous industrial duty cycles and harsh environments."
PRD-000345,Primer Gallon Compact 50,Paint & Coating,795.22,20,60,Digi-Key Corp,SP-509327,35.51,"Aisle B, Shelf 4","High-quality primer gallon compact 50 suitable for industrial and commercial use. Meets ISO standards. Compliant with EN, ISO 9001, and OSHA workplace standards. Includes manufacturer warranty and full technical documentation. Suitable for continuous industrial duty cycles and harsh environments."
PRD-000346,Humidity Sensor XL 600,HVAC,661.78,25,100,ABB Ltd,SP-642000,62.67,"Aisle D, Shelf 11","High-quality humidity sensor xl 600 suitable for industrial and commercial use. Meets ISO standards. Compliant with EN, ISO 9001, and OSHA workplace standards. Includes manufacturer warranty and full technical documentation. Suitable for continuous industrial duty cycles and harsh environments."
PRD-000347,Jigsaw Pro 200,Tools,1396.74,10,40,Fastenal Company,SP-669280,65.47,"Aisle A, Shelf 6","High-quality jigsaw pro 200 suitable for industrial and commercial use. Meets ISO standards. Compliant with EN, ISO 9001, and OSHA workplace standards. Includes manufacturer warranty and full technical documentation. Suitable for continuous industrial duty cycles and harsh environments."
PRD-000348,Conduit Pack Commercial 50,Electrical,823.91,25,125,RS Components,SP-532497,4.83,"Aisle H, Shelf 1","High-quality conduit pack commercial 50 suitable for industrial and commercial use. Meets ISO standards. Compliant with EN, ISO 9001, and OSHA workplace standards. Includes manufacturer warranty and full technical documentation. Suitable for continuous industrial duty cycles and harsh environments."
PRD-000349,Impact Wrench Plus 300,Tools,2152.42,5,20,RS Components,SP-689217,27.8,"Aisle H, Shelf 12","High-quality impact wrench plus 300 suitable for industrial and commercial use. Meets ISO standards. Compliant with EN, ISO 9001, and OSHA workplace standards. Includes manufacturer warranty and full technical documentation. Suitable for continuous industrial duty cycles and harsh environments."
PRD-000350,Sump Pump Heavy-Duty 1000,Plumbing,1755.63,15,75,Digi-Key Corp,SP-732903,19.49,"Aisle F, Shelf 8","High-quality sump pump heavy-duty 1000 suitable for industrial and commercial use. Meets ISO standards. Compliant with EN, ISO 9001, and OSHA workplace standards. Includes manufacturer warranty and full technical documentation. Suitable for continuous industrial duty cycles and harsh environments."
PRD-000351,Spill Kit Ultra 250,Cleaning,1964.2,10,50,Fastenal Company,SP-706891,76.6,"Aisle H, Shelf 7","High-quality spill kit ultra 250 suitable for industrial and commercial use. Meets ISO standards. Compliant with EN, ISO 9001, and OSHA workplace standards. Includes manufacturer warranty and full technical documentation. Suitable for continuous industrial duty cycles and harsh environments."
PRD-000352,Ball Bearing Max 100,Industrial Parts,219.98,50,250,Mouser Electronics,SP-549548,40.11,"Aisle F, Shelf 17","High-quality ball bearing max 100 suitable for industrial and commercial use. Meets ISO standards. Compliant with EN, ISO 9001, and OSHA workplace standards. Includes manufacturer warranty and full technical documentation. Suitable for continuous industrial duty cycles and harsh environments."
PRD-000353,Check Valve Heavy-Duty 180,Plumbing,533.72,10,50,MSC Industrial,SP-406439,15.73,"Aisle A, Shelf 13","High-quality check valve heavy-duty 180 suitable for industrial and commercial use. Meets ISO standards. Compliant with EN, ISO 9001, and OSHA workplace standards. Includes manufacturer warranty and full technical documentation. Suitable for continuous industrial duty cycles and harsh environments."
PRD-000354,V-Belt Plus 1000,Industrial Parts,727.27,100,200,3M Corporation,SP-874047,49.77,"Aisle B, Shelf 7","High-quality v-belt plus 1000 suitable for industrial and commercial use. Meets ISO standards. Compliant with EN, ISO 9001, and OSHA workplace standards. Includes manufacturer warranty and full technical documentation. Suitable for continuous industrial duty cycles and harsh environments."
PRD-000355,Thinner Gallon Plus 150,Paint & Coating,437.23,5,10,3M Corporation,SP-967964,28.12,"Aisle G, Shelf 8","High-quality thinner gallon plus 150 suitable for industrial and commercial use. Meets ISO standards. Compliant with EN, ISO 9001, and OSHA workplace standards. Includes manufacturer warranty and full technical documentation. Suitable for continuous industrial duty cycles and harsh environments."
PRD-000356,Outlet Box Standard 250,Electrical,2437.3,5,25,ABB Ltd,SP-239494,22.03,"Aisle B, Shelf 14","High-quality outlet box standard 250 suitable for industrial and commercial use. Meets ISO standards. Compliant with EN, ISO 9001, and OSHA workplace standards. Includes manufacturer warranty and full technical documentation. Suitable for continuous industrial duty cycles and harsh environments."
PRD-000357,Check Valve Premium 300,Plumbing,1982.3,5,20,Schneider Electric,SP-614677,76.59,"Aisle A, Shelf 11","High-quality check valve premium 300 suitable for industrial and commercial use. Meets ISO standards. Compliant with EN, ISO 9001, and OSHA workplace standards. Includes manufacturer warranty and full technical documentation. Suitable for continuous industrial duty cycles and harsh environments."
PRD-000358,Circuit Breaker Max 1000,Electrical,2318.24,25,125,ABB Ltd,SP-969956,40.59,"Aisle D, Shelf 7","High-quality circuit breaker max 1000 suitable for industrial and commercial use. Meets ISO standards. Compliant with EN, ISO 9001, and OSHA workplace standards. Includes manufacturer warranty and full technical documentation. Suitable for continuous industrial duty cycles and harsh environments."
PRD-000359,Pipe Fitting Set Basic 500,Plumbing,1913.8,20,60,Bosch GmbH,SP-149866,40.94,"Aisle E, Shelf 1","High-quality pipe fitting set basic 500 suitable for industrial and commercial use. Meets ISO standards. Compliant with EN, ISO 9001, and OSHA workplace standards. Includes manufacturer warranty and full technical documentation. Suitable for continuous industrial duty cycles and harsh environments."
PRD-000360,Waste Container Basic 500,Cleaning,2024.92,20,60,Arrow Electronics,SP-391154,29.3,"Aisle B, Shelf 4","High-quality waste container basic 500 suitable for industrial and commercial use. Meets ISO standards. Compliant with EN, ISO 9001, and OSHA workplace standards. Includes manufacturer warranty and full technical documentation. Suitable for continuous industrial duty cycles and harsh environments."
PRD-000361,Spill Kit XL 50,Cleaning,2443.56,20,60,Grainger Inc,SP-990595,40.36,"Aisle A, Shelf 4","High-quality spill kit xl 50 suitable for industrial and commercial use. Meets ISO standards. Compliant with EN, ISO 9001, and OSHA workplace standards. Includes manufacturer warranty and full technical documentation. Suitable for continuous industrial duty cycles and harsh environments."
PRD-000362,Strapping Machine Industrial 500,Packaging,475.7,5,10,Arrow Electronics,SP-724937,38.38,"Aisle H, Shelf 1","High-quality strapping machine industrial 500 suitable for industrial and commercial use. Meets ISO standards. Compliant with EN, ISO 9001, and OSHA workplace standards. Includes manufacturer warranty and full technical documentation. Suitable for continuous industrial duty cycles and harsh environments."
PRD-000363,Printer Paper Box Basic 100,Office Supplies,998.48,100,500,Arrow Electronics,SP-664883,3.44,"Aisle D, Shelf 4","High-quality printer paper box basic 100 suitable for industrial and commercial use. Meets ISO standards. Compliant with EN, ISO 9001, and OSHA workplace standards. Includes manufacturer warranty and full technical documentation. Suitable for continuous industrial duty cycles and harsh environments."
PRD-000364,Toggle Bolt Box Basic 350,Fasteners,699.27,50,150,Digi-Key Corp,SP-822809,33.27,"Aisle G, Shelf 20","High-quality toggle bolt box basic 350 suitable for industrial and commercial use. Meets ISO standards. Compliant with EN, ISO 9001, and OSHA workplace standards. Includes manufacturer warranty and full technical documentation. Suitable for continuous industrial duty cycles and harsh environments."
PRD-000365,Floor Scrubber Compact 500,Cleaning,1863.26,15,60,Philips Industries,SP-665590,6.77,"Aisle F, Shelf 20","High-quality floor scrubber compact 500 suitable for industrial and commercial use. Meets ISO standards. Compliant with EN, ISO 9001, and OSHA workplace standards. Includes manufacturer warranty and full technical documentation. Suitable for continuous industrial duty cycles and harsh environments."
PRD-000366,Spray Paint Can Ultra 150,Paint & Coating,2081.46,100,400,Allied Electronics,SP-384532,10.72,"Aisle A, Shelf 20","High-quality spray paint can ultra 150 suitable for industrial and commercial use. Meets ISO standards. Compliant with EN, ISO 9001, and OSHA workplace standards. Includes manufacturer warranty and full technical documentation. Suitable for continuous industrial duty cycles and harsh environments."
PRD-000367,LED Panel Light Ultra 250,Lighting,2186.64,10,50,Honeywell Inc,SP-784170,59.03,"Aisle E, Shelf 1","High-quality led panel light ultra 250 suitable for industrial and commercial use. Meets ISO standards. Compliant with EN, ISO 9001, and OSHA workplace standards. Includes manufacturer warranty and full technical documentation. Suitable for continuous industrial duty cycles and harsh environments."
PRD-000368,Impact Wrench Premium 600,Tools,2241.42,25,75,Fastenal Company,SP-773673,80.36,"Aisle C, Shelf 17","High-quality impact wrench premium 600 suitable for industrial and commercial use. Meets ISO standards. Compliant with EN, ISO 9001, and OSHA workplace standards. Includes manufacturer warranty and full technical documentation. Suitable for continuous industrial duty cycles and harsh environments."
PRD-000369,Spark Plug Pack Basic 150,Automotive,1232.63,15,75,Mouser Electronics,SP-773390,39.44,"Aisle F, Shelf 6","High-quality spark plug pack basic 150 suitable for industrial and commercial use. Meets ISO standards. Compliant with EN, ISO 9001, and OSHA workplace standards. Includes manufacturer warranty and full technical documentation. Suitable for continuous industrial duty cycles and harsh environments."
PRD-000370,Battery Charger Heavy-Duty 1000,Automotive,2099.13,100,200,Siemens AG,SP-380730,64.49,"Aisle A, Shelf 13","High-quality battery charger heavy-duty 1000 suitable for industrial and commercial use. Meets ISO standards. Compliant with EN, ISO 9001, and OSHA workplace standards. Includes manufacturer warranty and full technical documentation. Suitable for continuous industrial duty cycles and harsh environments."
PRD-000371,Pallet Wrap XL 180,Packaging,629.53,15,60,Mouser Electronics,SP-349566,64.68,"Aisle E, Shelf 6","High-quality pallet wrap xl 180 suitable for industrial and commercial use. Meets ISO standards. Compliant with EN, ISO 9001, and OSHA workplace standards. Includes manufacturer warranty and full technical documentation. Suitable for continuous industrial duty cycles and harsh environments."
PRD-000372,Terminal Block Plus 1000,Electrical,1895.98,25,75,3M Corporation,SP-629146,52.61,"Aisle E, Shelf 17","High-quality terminal block plus 1000 suitable for industrial and commercial use. Meets ISO standards. Compliant with EN, ISO 9001, and OSHA workplace standards. Includes manufacturer warranty and full technical documentation. Suitable for continuous industrial duty cycles and harsh environments."
PRD-000373,Anchor Kit Max 150,Fasteners,287.56,100,500,Siemens AG,SP-258199,63.06,"Aisle G, Shelf 6","High-quality anchor kit max 150 suitable for industrial and commercial use. Meets ISO standards. Compliant with EN, ISO 9001, and OSHA workplace standards. Includes manufacturer warranty and full technical documentation. Suitable for continuous industrial duty cycles and harsh environments."
PRD-000374,First Aid Kit Heavy-Duty 50,Safety Equipment,338.87,25,100,MSC Industrial,SP-120433,79.14,"Aisle H, Shelf 8","High-quality first aid kit heavy-duty 50 suitable for industrial and commercial use. Meets ISO standards. Compliant with EN, ISO 9001, and OSHA workplace standards. Includes manufacturer warranty and full technical documentation. Suitable for continuous industrial duty cycles and harsh environments."
PRD-000375,Spark Plug Pack Pro 300,Automotive,2289.56,15,75,3M Corporation,SP-529138,79.51,"Aisle E, Shelf 14","High-quality spark plug pack pro 300 suitable for industrial and commercial use. Meets ISO standards. Compliant with EN, ISO 9001, and OSHA workplace standards. Includes manufacturer warranty and full technical documentation. Suitable for continuous industrial duty cycles and harsh environments."
PRD-000376,Anchor Kit XL 100,Fasteners,926.54,50,100,Siemens AG,SP-434104,22.12,"Aisle F, Shelf 15","High-quality anchor kit xl 100 suitable for industrial and commercial use. Meets ISO standards. Compliant with EN, ISO 9001, and OSHA workplace standards. Includes manufacturer warranty and full technical documentation. Suitable for continuous industrial duty cycles and harsh environments."
PRD-000377,Circular Saw Industrial 250,Tools,1528.75,25,75,RS Components,SP-114243,12.13,"Aisle C, Shelf 1","High-quality circular saw industrial 250 suitable for industrial and commercial use. Meets ISO standards. Compliant with EN, ISO 9001, and OSHA workplace standards. Includes manufacturer warranty and full technical documentation. Suitable for continuous industrial duty cycles and harsh environments."
PRD-000378,Mop System Plus 180,Cleaning,2046.12,25,75,Würth Group,SP-764336,8.23,"Aisle F, Shelf 12","High-quality mop system plus 180 suitable for industrial and commercial use. Meets ISO standards. Compliant with EN, ISO 9001, and OSHA workplace standards. Includes manufacturer warranty and full technical documentation. Suitable for continuous industrial duty cycles and harsh environments."
PRD-000379,Pressure Washer Standard 75,Cleaning,943.55,10,30,ABB Ltd,SP-768289,74.11,"Aisle D, Shelf 4","High-quality pressure washer standard 75 suitable for industrial and commercial use. Meets ISO standards. Compliant with EN, ISO 9001, and OSHA workplace standards. Includes manufacturer warranty and full technical documentation. Suitable for continuous industrial duty cycles and harsh environments."
PRD-000380,Spark Plug Pack XL 500,Automotive,1699.14,5,20,Mouser Electronics,SP-675457,28.09,"Aisle B, Shelf 1","High-quality spark plug pack xl 500 suitable for industrial and commercial use. Meets ISO standards. Compliant with EN, ISO 9001, and OSHA workplace standards. Includes manufacturer warranty and full technical documentation. Suitable for continuous industrial duty cycles and harsh environments."
PRD-000381,Pipe Fitting Set XL 350,Plumbing,1840.36,10,40,3M Corporation,SP-373150,42.34,"Aisle H, Shelf 16","High-quality pipe fitting set xl 350 suitable for industrial and commercial use. Meets ISO standards. Compliant with EN, ISO 9001, and OSHA workplace standards. Includes manufacturer warranty and full technical documentation. Suitable for continuous industrial duty cycles and harsh environments."
PRD-000382,Logic Analyzer Pro 75,Electronics,1929.06,25,100,Würth Group,SP-306452,51.24,"Aisle G, Shelf 17","High-quality logic analyzer pro 75 suitable for industrial and commercial use. Meets ISO standards. Compliant with EN, ISO 9001, and OSHA workplace standards. Includes manufacturer warranty and full technical documentation. Suitable for continuous industrial duty cycles and harsh environments."
PRD-000383,Degreaser Drum Compact 150,Cleaning,556.73,15,60,ABB Ltd,SP-364308,6.29,"Aisle F, Shelf 8","High-quality degreaser drum compact 150 suitable for industrial and commercial use. Meets ISO standards. Compliant with EN, ISO 9001, and OSHA workplace standards. Includes manufacturer warranty and full technical documentation. Suitable for continuous industrial duty cycles and harsh environments."
PRD-000384,Rivet Pack Industrial 100,Fasteners,916.51,50,200,Hilti AG,SP-154221,6.73,"Aisle B, Shelf 5","High-quality rivet pack industrial 100 suitable for industrial and commercial use. Meets ISO standards. Compliant with EN, ISO 9001, and OSHA workplace standards. Includes manufacturer warranty and full technical documentation. Suitable for continuous industrial duty cycles and harsh environments."
PRD-000385,Bubble Wrap Roll Elite 200,Packaging,280.72,20,60,Makita Corp,SP-738282,71.38,"Aisle H, Shelf 6","High-quality bubble wrap roll elite 200 suitable for industrial and commercial use. Meets ISO standards. Compliant with EN, ISO 9001, and OSHA workplace standards. Includes manufacturer warranty and full technical documentation. Suitable for continuous industrial duty cycles and harsh environments."
PRD-000386,Steel-toe Boots Commercial 600,Safety Equipment,539.78,25,125,Makita Corp,SP-893330,46.36,"Aisle B, Shelf 16","High-quality steel-toe boots commercial 600 suitable for industrial and commercial use. Meets ISO standards. Compliant with EN, ISO 9001, and OSHA workplace standards. Includes manufacturer warranty and full technical documentation. Suitable for continuous industrial duty cycles and harsh environments."
PRD-000387,Nut Assortment XL 1000,Fasteners,1685.17,25,100,RS Components,SP-813448,3.09,"Aisle G, Shelf 11","High-quality nut assortment xl 1000 suitable for industrial and commercial use. Meets ISO standards. Compliant with EN, ISO 9001, and OSHA workplace standards. Includes manufacturer warranty and full technical documentation. Suitable for continuous industrial duty cycles and harsh environments."
PRD-000388,Multimeter Pro 1000,Electronics,1382.68,100,200,DeWalt Tools,SP-213012,25.08,"Aisle D, Shelf 7","High-quality multimeter pro 1000 suitable for industrial and commercial use. Meets ISO standards. Compliant with EN, ISO 9001, and OSHA workplace standards. Includes manufacturer warranty and full technical documentation. Suitable for continuous industrial duty cycles and harsh environments."
PRD-000389,Strapping Machine Advanced 1000,Packaging,568.15,100,500,Grainger Inc,SP-638066,1.2,"Aisle B, Shelf 2","High-quality strapping machine advanced 1000 suitable for industrial and commercial use. Meets ISO standards. Compliant with EN, ISO 9001, and OSHA workplace standards. Includes manufacturer warranty and full technical documentation. Suitable for continuous industrial duty cycles and harsh environments."
PRD-000390,Projector Premium 50,Office Supplies,2199.7,20,40,Fastenal Company,SP-520022,38.19,"Aisle H, Shelf 3","High-quality projector premium 50 suitable for industrial and commercial use. Meets ISO standards. Compliant with EN, ISO 9001, and OSHA workplace standards. Includes manufacturer warranty and full technical documentation. Suitable for continuous industrial duty cycles and harsh environments."
PRD-000391,Fuse Kit Industrial 120,Electrical,798.37,50,250,Siemens AG,SP-841984,15.97,"Aisle G, Shelf 15","High-quality fuse kit industrial 120 suitable for industrial and commercial use. Meets ISO standards. Compliant with EN, ISO 9001, and OSHA workplace standards. Includes manufacturer warranty and full technical documentation. Suitable for continuous industrial duty cycles and harsh environments."
PRD-000392,Foam Sheet Pack Industrial 75,Packaging,279.48,15,45,Bosch GmbH,SP-927874,65.67,"Aisle G, Shelf 12","High-quality foam sheet pack industrial 75 suitable for industrial and commercial use. Meets ISO standards. Compliant with EN, ISO 9001, and OSHA workplace standards. Includes manufacturer warranty and full technical documentation. Suitable for continuous industrial duty cycles and harsh environments."
PRD-000393,Motion Sensor Light Elite 75,Lighting,1156.53,20,60,Würth Group,SP-403201,18.92,"Aisle H, Shelf 10","High-quality motion sensor light elite 75 suitable for industrial and commercial use. Meets ISO standards. Compliant with EN, ISO 9001, and OSHA workplace standards. Includes manufacturer warranty and full technical documentation. Suitable for continuous industrial duty cycles and harsh environments."
PRD-000394,First Aid Kit Plus 180,Safety Equipment,2158.83,10,40,ABB Ltd,SP-152258,9.99,"Aisle G, Shelf 1","High-quality first aid kit plus 180 suitable for industrial and commercial use. Meets ISO standards. Compliant with EN, ISO 9001, and OSHA workplace standards. Includes manufacturer warranty and full technical documentation. Suitable for continuous industrial duty cycles and harsh environments."
PRD-000395,Epoxy Kit Basic 180,Paint & Coating,23.67,25,125,3M Corporation,SP-913202,77.11,"Aisle D, Shelf 16","High-quality epoxy kit basic 180 suitable for industrial and commercial use. Meets ISO standards. Compliant with EN, ISO 9001, and OSHA workplace standards. Includes manufacturer warranty and full technical documentation. Suitable for continuous industrial duty cycles and harsh environments."
PRD-000396,Thermal Camera Mini 250,Electronics,23.47,5,15,Hilti AG,SP-703211,33.88,"Aisle G, Shelf 4","High-quality thermal camera mini 250 suitable for industrial and commercial use. Meets ISO standards. Compliant with EN, ISO 9001, and OSHA workplace standards. Includes manufacturer warranty and full technical documentation. Suitable for continuous industrial duty cycles and harsh environments."
PRD-000397,Whiteboard Premium 150,Office Supplies,1300.12,50,100,Allied Electronics,SP-326148,66.6,"Aisle A, Shelf 19","High-quality whiteboard premium 150 suitable for industrial and commercial use. Meets ISO standards. Compliant with EN, ISO 9001, and OSHA workplace standards. Includes manufacturer warranty and full technical documentation. Suitable for continuous industrial duty cycles and harsh environments."
PRD-000398,Multimeter Advanced 500,Electronics,1452.39,100,200,Stanley Black & Decker,SP-652142,44.69,"Aisle H, Shelf 2","High-quality multimeter advanced 500 suitable for industrial and commercial use. Meets ISO standards. Compliant with EN, ISO 9001, and OSHA workplace standards. Includes manufacturer warranty and full technical documentation. Suitable for continuous industrial duty cycles and harsh environments."
PRD-000399,Humidity Sensor Pro 200,HVAC,1442.58,20,80,RS Components,SP-342229,1.95,"Aisle C, Shelf 5","High-quality humidity sensor pro 200 suitable for industrial and commercial use. Meets ISO standards. Compliant with EN, ISO 9001, and OSHA workplace standards. Includes manufacturer warranty and full technical documentation. Suitable for continuous industrial duty cycles and harsh environments."
PRD-000400,Spill Kit Commercial 750,Cleaning,776.48,10,20,Würth Group,SP-496136,15.47,"Aisle E, Shelf 12","High-quality spill kit commercial 750 suitable for industrial and commercial use. Meets ISO standards. Compliant with EN, ISO 9001, and OSHA workplace standards. Includes manufacturer warranty and full technical documentation. Suitable for continuous industrial duty cycles and harsh environments."
PRD-000401,Face Shield Max 350,Safety Equipment,553.31,5,20,Philips Industries,SP-323204,80.74,"Aisle E, Shelf 2","High-quality face shield max 350 suitable for industrial and commercial use. Meets ISO standards. Compliant with EN, ISO 9001, and OSHA workplace standards. Includes manufacturer warranty and full technical documentation. Suitable for continuous industrial duty cycles and harsh environments."
PRD-000402,Washer Set Ultra 600,Fasteners,2216.74,10,20,ABB Ltd,SP-412734,84.09,"Aisle B, Shelf 16","High-quality washer set ultra 600 suitable for industrial and commercial use. Meets ISO standards. Compliant with EN, ISO 9001, and OSHA workplace standards. Includes manufacturer warranty and full technical documentation. Suitable for continuous industrial duty cycles and harsh environments."
PRD-000403,Degreaser Drum Elite 1000,Cleaning,1927.07,50,100,Allied Electronics,SP-919764,73.32,"Aisle B, Shelf 20","High-quality degreaser drum elite 1000 suitable for industrial and commercial use. Meets ISO standards. Compliant with EN, ISO 9001, and OSHA workplace standards. Includes manufacturer warranty and full technical documentation. Suitable for continuous industrial duty cycles and harsh environments."
PRD-000404,Water Pump XL 150,Plumbing,293.45,10,50,Hilti AG,SP-918608,1.22,"Aisle A, Shelf 6","High-quality water pump xl 150 suitable for industrial and commercial use. Meets ISO standards. Compliant with EN, ISO 9001, and OSHA workplace standards. Includes manufacturer warranty and full technical documentation. Suitable for continuous industrial duty cycles and harsh environments."
PRD-000405,Jack Stand Set Advanced 350,Automotive,2491.84,20,60,Stanley Black & Decker,SP-417447,1.3,"Aisle H, Shelf 6","High-quality jack stand set advanced 350 suitable for industrial and commercial use. Meets ISO standards. Compliant with EN, ISO 9001, and OSHA workplace standards. Includes manufacturer warranty and full technical documentation. Suitable for continuous industrial duty cycles and harsh environments."
PRD-000406,Hex Bolt Box Elite 75,Fasteners,2085.13,15,60,Stanley Black & Decker,SP-153326,58.96,"Aisle G, Shelf 14","High-quality hex bolt box elite 75 suitable for industrial and commercial use. Meets ISO standards. Compliant with EN, ISO 9001, and OSHA workplace standards. Includes manufacturer warranty and full technical documentation. Suitable for continuous industrial duty cycles and harsh environments."
PRD-000407,Cardboard Box Set Compact 600,Packaging,635.17,15,60,Digi-Key Corp,SP-321887,22.88,"Aisle E, Shelf 20","High-quality cardboard box set compact 600 suitable for industrial and commercial use. Meets ISO standards. Compliant with EN, ISO 9001, and OSHA workplace standards. Includes manufacturer warranty and full technical documentation. Suitable for continuous industrial duty cycles and harsh environments."
PRD-000408,Floor Scrubber Plus 1000,Cleaning,1761.84,5,25,Mouser Electronics,SP-646556,48.18,"Aisle D, Shelf 15","High-quality floor scrubber plus 1000 suitable for industrial and commercial use. Meets ISO standards. Compliant with EN, ISO 9001, and OSHA workplace standards. Includes manufacturer warranty and full technical documentation. Suitable for continuous industrial duty cycles and harsh environments."
PRD-000409,Spill Kit Advanced 100,Cleaning,1671.3,15,75,Siemens AG,SP-387269,19.68,"Aisle A, Shelf 15","High-quality spill kit advanced 100 suitable for industrial and commercial use. Meets ISO standards. Compliant with EN, ISO 9001, and OSHA workplace standards. Includes manufacturer warranty and full technical documentation. Suitable for continuous industrial duty cycles and harsh environments."
PRD-000410,Ball Bearing Plus 1000,Industrial Parts,820.44,5,10,Fastenal Company,SP-621920,52.16,"Aisle B, Shelf 6","High-quality ball bearing plus 1000 suitable for industrial and commercial use. Meets ISO standards. Compliant with EN, ISO 9001, and OSHA workplace standards. Includes manufacturer warranty and full technical documentation. Suitable for continuous industrial duty cycles and harsh environments."
PRD-000411,Conduit Pack Mini 120,Electrical,915.67,20,60,Stanley Black & Decker,SP-581102,33.87,"Aisle G, Shelf 6","High-quality conduit pack mini 120 suitable for industrial and commercial use. Meets ISO standards. Compliant with EN, ISO 9001, and OSHA workplace standards. Includes manufacturer warranty and full technical documentation. Suitable for continuous industrial duty cycles and harsh environments."
PRD-000412,Angle Grinder Mini 75,Tools,754.79,10,50,MSC Industrial,SP-919549,83.08,"Aisle H, Shelf 7","High-quality angle grinder mini 75 suitable for industrial and commercial use. Meets ISO standards. Compliant with EN, ISO 9001, and OSHA workplace standards. Includes manufacturer warranty and full technical documentation. Suitable for continuous industrial duty cycles and harsh environments."
PRD-000413,Spill Kit XL 180,Cleaning,898.79,5,20,Philips Industries,SP-505522,23.31,"Aisle G, Shelf 12","High-quality spill kit xl 180 suitable for industrial and commercial use. Meets ISO standards. Compliant with EN, ISO 9001, and OSHA workplace standards. Includes manufacturer warranty and full technical documentation. Suitable for continuous industrial duty cycles and harsh environments."
PRD-000414,Bin Organizer Premium 600,Storage,1935.53,100,200,Allied Electronics,SP-127012,26.63,"Aisle E, Shelf 7","High-quality bin organizer premium 600 suitable for industrial and commercial use. Meets ISO standards. Compliant with EN, ISO 9001, and OSHA workplace standards. Includes manufacturer warranty and full technical documentation. Suitable for continuous industrial duty cycles and harsh environments."
PRD-000415,Signal Generator Standard 150,Electronics,788.04,25,100,Digi-Key Corp,SP-526505,2.2,"Aisle E, Shelf 8","High-quality signal generator standard 150 suitable for industrial and commercial use. Meets ISO standards. Compliant with EN, ISO 9001, and OSHA workplace standards. Includes manufacturer warranty and full technical documentation. Suitable for continuous industrial duty cycles and harsh environments."
PRD-000416,Pressure Gauge Max 300,Plumbing,2471.13,100,500,Bosch GmbH,SP-189799,75.42,"Aisle G, Shelf 11","High-quality pressure gauge max 300 suitable for industrial and commercial use. Meets ISO standards. Compliant with EN, ISO 9001, and OSHA workplace standards. Includes manufacturer warranty and full technical documentation. Suitable for continuous industrial duty cycles and harsh environments."
PRD-000417,Wire Shelving Industrial 750,Storage,399.97,25,125,Grainger Inc,SP-161026,54.34,"Aisle D, Shelf 11","High-quality wire shelving industrial 750 suitable for industrial and commercial use. Meets ISO standards. Compliant with EN, ISO 9001, and OSHA workplace standards. Includes manufacturer warranty and full technical documentation. Suitable for continuous industrial duty cycles and harsh environments."
PRD-000418,V-Belt Industrial 300,Industrial Parts,1463.88,15,30,ABB Ltd,SP-598175,72.18,"Aisle E, Shelf 15","High-quality v-belt industrial 300 suitable for industrial and commercial use. Meets ISO standards. Compliant with EN, ISO 9001, and OSHA workplace standards. Includes manufacturer warranty and full technical documentation. Suitable for continuous industrial duty cycles and harsh environments."
PRD-000419,Circuit Breaker Mini 600,Electrical,708.55,5,20,Siemens AG,SP-228458,69.84,"Aisle D, Shelf 17","High-quality circuit breaker mini 600 suitable for industrial and commercial use. Meets ISO standards. Compliant with EN, ISO 9001, and OSHA workplace standards. Includes manufacturer warranty and full technical documentation. Suitable for continuous industrial duty cycles and harsh environments."
PRD-000420,Ball Valve Elite 150,Plumbing,1259.47,15,60,Fastenal Company,SP-819750,23.63,"Aisle H, Shelf 12","High-quality ball valve elite 150 suitable for industrial and commercial use. Meets ISO standards. Compliant with EN, ISO 9001, and OSHA workplace standards. Includes manufacturer warranty and full technical documentation. Suitable for continuous industrial duty cycles and harsh environments."
PRD-000421,Battery Charger Plus 600,Automotive,255.85,50,150,Philips Industries,SP-676864,47.34,"Aisle G, Shelf 10","High-quality battery charger plus 600 suitable for industrial and commercial use. Meets ISO standards. Compliant with EN, ISO 9001, and OSHA workplace standards. Includes manufacturer warranty and full technical documentation. Suitable for continuous industrial duty cycles and harsh environments."
PRD-000422,Gear Motor Standard 300,Industrial Parts,871.58,10,30,Honeywell Inc,SP-462548,9.67,"Aisle C, Shelf 14","High-quality gear motor standard 300 suitable for industrial and commercial use. Meets ISO standards. Compliant with EN, ISO 9001, and OSHA workplace standards. Includes manufacturer warranty and full technical documentation. Suitable for continuous industrial duty cycles and harsh environments."
PRD-000423,Water Pump Max 500,Plumbing,795.08,5,20,MSC Industrial,SP-277470,32.43,"Aisle A, Shelf 8","High-quality water pump max 500 suitable for industrial and commercial use. Meets ISO standards. Compliant with EN, ISO 9001, and OSHA workplace standards. Includes manufacturer warranty and full technical documentation. Suitable for continuous industrial duty cycles and harsh environments."
PRD-000424,Industrial Vacuum Standard 100,Cleaning,793.96,20,60,Honeywell Inc,SP-866798,75.82,"Aisle C, Shelf 5","High-quality industrial vacuum standard 100 suitable for industrial and commercial use. Meets ISO standards. Compliant with EN, ISO 9001, and OSHA workplace standards. Includes manufacturer warranty and full technical documentation. Suitable for continuous industrial duty cycles and harsh environments."
PRD-000425,Strip Light Ultra 300,Lighting,1450.33,100,500,Honeywell Inc,SP-456592,41.72,"Aisle G, Shelf 7","High-quality strip light ultra 300 suitable for industrial and commercial use. Meets ISO standards. Compliant with EN, ISO 9001, and OSHA workplace standards. Includes manufacturer warranty and full technical documentation. Suitable for continuous industrial duty cycles and harsh environments."
PRD-000426,Cardboard Box Set Mini 150,Packaging,2282.5,10,30,Siemens AG,SP-818352,14.35,"Aisle C, Shelf 6","High-quality cardboard box set mini 150 suitable for industrial and commercial use. Meets ISO standards. Compliant with EN, ISO 9001, and OSHA workplace standards. Includes manufacturer warranty and full technical documentation. Suitable for continuous industrial duty cycles and harsh environments."
PRD-000427,Degreaser Drum Advanced 50,Cleaning,2438.86,20,60,Digi-Key Corp,SP-254438,15.37,"Aisle F, Shelf 7","High-quality degreaser drum advanced 50 suitable for industrial and commercial use. Meets ISO standards. Compliant with EN, ISO 9001, and OSHA workplace standards. Includes manufacturer warranty and full technical documentation. Suitable for continuous industrial duty cycles and harsh environments."
PRD-000428,Impact Wrench Premium 250,Tools,1206.86,50,250,Würth Group,SP-835415,36.3,"Aisle H, Shelf 16","High-quality impact wrench premium 250 suitable for industrial and commercial use. Meets ISO standards. Compliant with EN, ISO 9001, and OSHA workplace standards. Includes manufacturer warranty and full technical documentation. Suitable for continuous industrial duty cycles and harsh environments."
PRD-000429,Sump Pump Standard 100,Plumbing,2217.58,10,30,DeWalt Tools,SP-562056,59.48,"Aisle H, Shelf 16","High-quality sump pump standard 100 suitable for industrial and commercial use. Meets ISO standards. Compliant with EN, ISO 9001, and OSHA workplace standards. Includes manufacturer warranty and full technical documentation. Suitable for continuous industrial duty cycles and harsh environments."
PRD-000430,Seal Kit XL 180,Industrial Parts,2242.64,5,15,Mouser Electronics,SP-674666,46.67,"Aisle C, Shelf 4","High-quality seal kit xl 180 suitable for industrial and commercial use. Meets ISO standards. Compliant with EN, ISO 9001, and OSHA workplace standards. Includes manufacturer warranty and full technical documentation. Suitable for continuous industrial duty cycles and harsh environments."
PRD-000431,Flow Meter Compact 750,Plumbing,885.88,20,100,Würth Group,SP-126219,79.03,"Aisle C, Shelf 5","High-quality flow meter compact 750 suitable for industrial and commercial use. Meets ISO standards. Compliant with EN, ISO 9001, and OSHA workplace standards. Includes manufacturer warranty and full technical documentation. Suitable for continuous industrial duty cycles and harsh environments."
PRD-000432,Bin Organizer Plus 500,Storage,758.81,20,80,Makita Corp,SP-748620,3.18,"Aisle C, Shelf 16","High-quality bin organizer plus 500 suitable for industrial and commercial use. Meets ISO standards. Compliant with EN, ISO 9001, and OSHA workplace standards. Includes manufacturer warranty and full technical documentation. Suitable for continuous industrial duty cycles and harsh environments."
PRD-000433,Foam Sheet Pack Plus 250,Packaging,2354.39,20,40,Stanley Black & Decker,SP-485118,20.37,"Aisle B, Shelf 12","High-quality foam sheet pack plus 250 suitable for industrial and commercial use. Meets ISO standards. Compliant with EN, ISO 9001, and OSHA workplace standards. Includes manufacturer warranty and full technical documentation. Suitable for continuous industrial duty cycles and harsh environments."
PRD-000434,Strapping Machine Standard 100,Packaging,1688.97,20,80,RS Components,SP-621162,26.2,"Aisle G, Shelf 1","High-quality strapping machine standard 100 suitable for industrial and commercial use. Meets ISO standards. Compliant with EN, ISO 9001, and OSHA workplace standards. Includes manufacturer warranty and full technical documentation. Suitable for continuous industrial duty cycles and harsh environments."
PRD-000435,Spark Plug Pack Standard 350,Automotive,460.83,100,500,Schneider Electric,SP-108376,33.17,"Aisle B, Shelf 6","High-quality spark plug pack standard 350 suitable for industrial and commercial use. Meets ISO standards. Compliant with EN, ISO 9001, and OSHA workplace standards. Includes manufacturer warranty and full technical documentation. Suitable for continuous industrial duty cycles and harsh environments."
PRD-000436,Signal Generator XL 350,Electronics,1303.21,50,250,Digi-Key Corp,SP-538974,31.19,"Aisle B, Shelf 16","High-quality signal generator xl 350 suitable for industrial and commercial use. Meets ISO standards. Compliant with EN, ISO 9001, and OSHA workplace standards. Includes manufacturer warranty and full technical documentation. Suitable for continuous industrial duty cycles and harsh environments."
PRD-000437,Refrigerant Kit Elite 100,HVAC,2068.42,10,40,Stanley Black & Decker,SP-418145,26.87,"Aisle A, Shelf 5","High-quality refrigerant kit elite 100 suitable for industrial and commercial use. Meets ISO standards. Compliant with EN, ISO 9001, and OSHA workplace standards. Includes manufacturer warranty and full technical documentation. Suitable for continuous industrial duty cycles and harsh environments."
PRD-000438,V-Belt XL 120,Industrial Parts,2190.26,15,75,Stanley Black & Decker,SP-924431,9.25,"Aisle C, Shelf 4","High-quality v-belt xl 120 suitable for industrial and commercial use. Meets ISO standards. Compliant with EN, ISO 9001, and OSHA workplace standards. Includes manufacturer warranty and full technical documentation. Suitable for continuous industrial duty cycles and harsh environments."
PRD-000439,Strip Light Compact 150,Lighting,256.56,15,60,RS Components,SP-344298,52.13,"Aisle F, Shelf 14","High-quality strip light compact 150 suitable for industrial and commercial use. Meets ISO standards. Compliant with EN, ISO 9001, and OSHA workplace standards. Includes manufacturer warranty and full technical documentation. Suitable for continuous industrial duty cycles and harsh environments."
PRD-000440,Impact Wrench Standard 75,Tools,1917.95,10,30,Mouser Electronics,SP-152678,7.84,"Aisle A, Shelf 13","High-quality impact wrench standard 75 suitable for industrial and commercial use. Meets ISO standards. Compliant with EN, ISO 9001, and OSHA workplace standards. Includes manufacturer warranty and full technical documentation. Suitable for continuous industrial duty cycles and harsh environments."
PRD-000441,Thermostat Ultra 75,HVAC,1901.36,20,40,Bosch GmbH,SP-627972,65.79,"Aisle C, Shelf 2","High-quality thermostat ultra 75 suitable for industrial and commercial use. Meets ISO standards. Compliant with EN, ISO 9001, and OSHA workplace standards. Includes manufacturer warranty and full technical documentation. Suitable for continuous industrial duty cycles and harsh environments."
PRD-000442,Cardboard Box Set Elite 350,Packaging,1336.94,10,50,Siemens AG,SP-164845,79.66,"Aisle H, Shelf 18","High-quality cardboard box set elite 350 suitable for industrial and commercial use. Meets ISO standards. Compliant with EN, ISO 9001, and OSHA workplace standards. Includes manufacturer warranty and full technical documentation. Suitable for continuous industrial duty cycles and harsh environments."
PRD-000443,Mop System Ultra 400,Cleaning,488.56,15,75,Stanley Black & Decker,SP-671417,65.42,"Aisle F, Shelf 6","High-quality mop system ultra 400 suitable for industrial and commercial use. Meets ISO standards. Compliant with EN, ISO 9001, and OSHA workplace standards. Includes manufacturer warranty and full technical documentation. Suitable for continuous industrial duty cycles and harsh environments."
PRD-000444,Ball Bearing Max 300,Industrial Parts,651.34,50,200,Bosch GmbH,SP-447759,41.26,"Aisle H, Shelf 10","High-quality ball bearing max 300 suitable for industrial and commercial use. Meets ISO standards. Compliant with EN, ISO 9001, and OSHA workplace standards. Includes manufacturer warranty and full technical documentation. Suitable for continuous industrial duty cycles and harsh environments."
PRD-000445,Angle Grinder Commercial 180,Tools,1111.68,15,30,Siemens AG,SP-484289,84.61,"Aisle E, Shelf 8","High-quality angle grinder commercial 180 suitable for industrial and commercial use. Meets ISO standards. Compliant with EN, ISO 9001, and OSHA workplace standards. Includes manufacturer warranty and full technical documentation. Suitable for continuous industrial duty cycles and harsh environments."
PRD-000446,Whiteboard Commercial 1000,Office Supplies,1610.02,50,250,RS Components,SP-323594,12.88,"Aisle E, Shelf 19","High-quality whiteboard commercial 1000 suitable for industrial and commercial use. Meets ISO standards. Compliant with EN, ISO 9001, and OSHA workplace standards. Includes manufacturer warranty and full technical documentation. Suitable for continuous industrial duty cycles and harsh environments."
PRD-000447,Projector Basic 200,Office Supplies,2266.38,5,20,Bosch GmbH,SP-925981,81.73,"Aisle F, Shelf 16","High-quality projector basic 200 suitable for industrial and commercial use. Meets ISO standards. Compliant with EN, ISO 9001, and OSHA workplace standards. Includes manufacturer warranty and full technical documentation. Suitable for continuous industrial duty cycles and harsh environments."
PRD-000448,Tool Chest Mini 120,Storage,1578.32,10,40,Allied Electronics,SP-169374,76.46,"Aisle C, Shelf 3","High-quality tool chest mini 120 suitable for industrial and commercial use. Meets ISO standards. Compliant with EN, ISO 9001, and OSHA workplace standards. Includes manufacturer warranty and full technical documentation. Suitable for continuous industrial duty cycles and harsh environments."
PRD-000449,Steam Cleaner Basic 150,Cleaning,782.56,10,20,Siemens AG,SP-636134,5.69,"Aisle B, Shelf 14","High-quality steam cleaner basic 150 suitable for industrial and commercial use. Meets ISO standards. Compliant with EN, ISO 9001, and OSHA workplace standards. Includes manufacturer warranty and full technical documentation. Suitable for continuous industrial duty cycles and harsh environments."
PRD-000450,Ear Protection Compact 750,Safety Equipment,1227.91,100,200,Hilti AG,SP-716059,4.97,"Aisle H, Shelf 12","High-quality ear protection compact 750 suitable for industrial and commercial use. Meets ISO standards. Compliant with EN, ISO 9001, and OSHA workplace standards. Includes manufacturer warranty and full technical documentation. Suitable for continuous industrial duty cycles and harsh environments."
PRD-000451,First Aid Kit Standard 1000,Safety Equipment,2009.15,50,100,ABB Ltd,SP-158478,6.27,"Aisle G, Shelf 10","High-quality first aid kit standard 1000 suitable for industrial and commercial use. Meets ISO standards. Compliant with EN, ISO 9001, and OSHA workplace standards. Includes manufacturer warranty and full technical documentation. Suitable for continuous industrial duty cycles and harsh environments."
PRD-000452,Steel Shelf Unit Premium 150,Storage,2400.14,20,60,Arrow Electronics,SP-213142,72.78,"Aisle A, Shelf 12","High-quality steel shelf unit premium 150 suitable for industrial and commercial use. Meets ISO standards. Compliant with EN, ISO 9001, and OSHA workplace standards. Includes manufacturer warranty and full technical documentation. Suitable for continuous industrial duty cycles and harsh environments."
PRD-000453,Impact Wrench Basic 75,Tools,1197.07,10,40,ABB Ltd,SP-439673,82.84,"Aisle B, Shelf 17","High-quality impact wrench basic 75 suitable for industrial and commercial use. Meets ISO standards. Compliant with EN, ISO 9001, and OSHA workplace standards. Includes manufacturer warranty and full technical documentation. Suitable for continuous industrial duty cycles and harsh environments."
PRD-000454,Whiteboard Compact 120,Office Supplies,1939.13,15,30,3M Corporation,SP-317075,83.44,"Aisle D, Shelf 14","High-quality whiteboard compact 120 suitable for industrial and commercial use. Meets ISO standards. Compliant with EN, ISO 9001, and OSHA workplace standards. Includes manufacturer warranty and full technical documentation. Suitable for continuous industrial duty cycles and harsh environments."
PRD-000455,Bin Organizer Ultra 250,Storage,2155.98,15,30,Bosch GmbH,SP-795936,43.85,"Aisle D, Shelf 18","High-quality bin organizer ultra 250 suitable for industrial and commercial use. Meets ISO standards. Compliant with EN, ISO 9001, and OSHA workplace standards. Includes manufacturer warranty and full technical documentation. Suitable for continuous industrial duty cycles and harsh environments."
PRD-000456,Impact Wrench Pro 250,Tools,1619.9,15,60,Bosch GmbH,SP-346524,64.67,"Aisle F, Shelf 14","High-quality impact wrench pro 250 suitable for industrial and commercial use. Meets ISO standards. Compliant with EN, ISO 9001, and OSHA workplace standards. Includes manufacturer warranty and full technical documentation. Suitable for continuous industrial duty cycles and harsh environments."
PRD-000457,Seal Kit Commercial 75,Industrial Parts,243.57,10,30,Würth Group,SP-806855,12.13,"Aisle D, Shelf 3","High-quality seal kit commercial 75 suitable for industrial and commercial use. Meets ISO standards. Compliant with EN, ISO 9001, and OSHA workplace standards. Includes manufacturer warranty and full technical documentation. Suitable for continuous industrial duty cycles and harsh environments."
PRD-000458,Face Shield Compact 250,Safety Equipment,1113.88,20,40,DeWalt Tools,SP-253658,33.58,"Aisle E, Shelf 5","High-quality face shield compact 250 suitable for industrial and commercial use. Meets ISO standards. Compliant with EN, ISO 9001, and OSHA workplace standards. Includes manufacturer warranty and full technical documentation. Suitable for continuous industrial duty cycles and harsh environments."
PRD-000459,Filing Cabinet Standard 1000,Office Supplies,360.13,25,100,Honeywell Inc,SP-432289,50.21,"Aisle H, Shelf 3","High-quality filing cabinet standard 1000 suitable for industrial and commercial use. Meets ISO standards. Compliant with EN, ISO 9001, and OSHA workplace standards. Includes manufacturer warranty and full technical documentation. Suitable for continuous industrial duty cycles and harsh environments."
PRD-000460,Steel Shelf Unit Advanced 500,Storage,586.33,50,150,Allied Electronics,SP-211883,27.77,"Aisle E, Shelf 19","High-quality steel shelf unit advanced 500 suitable for industrial and commercial use. Meets ISO standards. Compliant with EN, ISO 9001, and OSHA workplace standards. Includes manufacturer warranty and full technical documentation. Suitable for continuous industrial duty cycles and harsh environments."
PRD-000461,Brush Set Max 600,Paint & Coating,2033.54,15,45,Siemens AG,SP-286284,65.61,"Aisle A, Shelf 4","High-quality brush set max 600 suitable for industrial and commercial use. Meets ISO standards. Compliant with EN, ISO 9001, and OSHA workplace standards. Includes manufacturer warranty and full technical documentation. Suitable for continuous industrial duty cycles and harsh environments."
PRD-000462,Junction Box Heavy-Duty 50,Electrical,1379.29,15,75,Mouser Electronics,SP-700286,81.04,"Aisle F, Shelf 1","High-quality junction box heavy-duty 50 suitable for industrial and commercial use. Meets ISO standards. Compliant with EN, ISO 9001, and OSHA workplace standards. Includes manufacturer warranty and full technical documentation. Suitable for continuous industrial duty cycles and harsh environments."
PRD-000463,Seal Kit Premium 100,Industrial Parts,509.32,15,30,Allied Electronics,SP-275246,67.01,"Aisle G, Shelf 14","High-quality seal kit premium 100 suitable for industrial and commercial use. Meets ISO standards. Compliant with EN, ISO 9001, and OSHA workplace standards. Includes manufacturer warranty and full technical documentation. Suitable for continuous industrial duty cycles and harsh environments."
PRD-000464,Bubble Wrap Roll Premium 250,Packaging,2146.36,50,200,Arrow Electronics,SP-488532,11.65,"Aisle F, Shelf 5","High-quality bubble wrap roll premium 250 suitable for industrial and commercial use. Meets ISO standards. Compliant with EN, ISO 9001, and OSHA workplace standards. Includes manufacturer warranty and full technical documentation. Suitable for continuous industrial duty cycles and harsh environments."
PRD-000465,Spark Plug Pack Plus 120,Automotive,658.44,15,30,Philips Industries,SP-389086,23.66,"Aisle E, Shelf 2","High-quality spark plug pack plus 120 suitable for industrial and commercial use. Meets ISO standards. Compliant with EN, ISO 9001, and OSHA workplace standards. Includes manufacturer warranty and full technical documentation. Suitable for continuous industrial duty cycles and harsh environments."
PRD-000466,Diagnostic Scanner Elite 120,Automotive,1367.35,100,300,Makita Corp,SP-646156,9.65,"Aisle F, Shelf 11","High-quality diagnostic scanner elite 120 suitable for industrial and commercial use. Meets ISO standards. Compliant with EN, ISO 9001, and OSHA workplace standards. Includes manufacturer warranty and full technical documentation. Suitable for continuous industrial duty cycles and harsh environments."
PRD-000467,Water Pump Pro 180,Plumbing,373.88,10,20,Hilti AG,SP-601522,58.06,"Aisle H, Shelf 18","High-quality water pump pro 180 suitable for industrial and commercial use. Meets ISO standards. Compliant with EN, ISO 9001, and OSHA workplace standards. Includes manufacturer warranty and full technical documentation. Suitable for continuous industrial duty cycles and harsh environments."
PRD-000468,Floodlight Pro 1000,Lighting,1338.77,5,10,DeWalt Tools,SP-141044,44.78,"Aisle H, Shelf 2","High-quality floodlight pro 1000 suitable for industrial and commercial use. Meets ISO standards. Compliant with EN, ISO 9001, and OSHA workplace standards. Includes manufacturer warranty and full technical documentation. Suitable for continuous industrial duty cycles and harsh environments."
PRD-000469,Coupling XL 400,Industrial Parts,194.6,100,300,Hilti AG,SP-592244,53.91,"Aisle E, Shelf 9","High-quality coupling xl 400 suitable for industrial and commercial use. Meets ISO standards. Compliant with EN, ISO 9001, and OSHA workplace standards. Includes manufacturer warranty and full technical documentation. Suitable for continuous industrial duty cycles and harsh environments."
PRD-000470,Locker Unit Mini 300,Storage,980.68,25,75,Digi-Key Corp,SP-668421,29.39,"Aisle F, Shelf 3","High-quality locker unit mini 300 suitable for industrial and commercial use. Meets ISO standards. Compliant with EN, ISO 9001, and OSHA workplace standards. Includes manufacturer warranty and full technical documentation. Suitable for continuous industrial duty cycles and harsh environments."
PRD-000471,Toner Cartridge Max 500,Office Supplies,731.97,50,150,Hilti AG,SP-399527,54.86,"Aisle H, Shelf 4","High-quality toner cartridge max 500 suitable for industrial and commercial use. Meets ISO standards. Compliant with EN, ISO 9001, and OSHA workplace standards. Includes manufacturer warranty and full technical documentation. Suitable for continuous industrial duty cycles and harsh environments."
PRD-000472,Thermostat Premium 750,HVAC,201.34,100,400,Würth Group,SP-215950,81.0,"Aisle G, Shelf 3","High-quality thermostat premium 750 suitable for industrial and commercial use. Meets ISO standards. Compliant with EN, ISO 9001, and OSHA workplace standards. Includes manufacturer warranty and full technical documentation. Suitable for continuous industrial duty cycles and harsh environments."
PRD-000473,Water Pump Basic 120,Plumbing,200.1,100,400,Arrow Electronics,SP-339438,14.43,"Aisle H, Shelf 3","High-quality water pump basic 120 suitable for industrial and commercial use. Meets ISO standards. Compliant with EN, ISO 9001, and OSHA workplace standards. Includes manufacturer warranty and full technical documentation. Suitable for continuous industrial duty cycles and harsh environments."
PRD-000474,Wire Spool Mini 75,Electrical,1534.97,5,15,Siemens AG,SP-764552,42.85,"Aisle G, Shelf 9","High-quality wire spool mini 75 suitable for industrial and commercial use. Meets ISO standards. Compliant with EN, ISO 9001, and OSHA workplace standards. Includes manufacturer warranty and full technical documentation. Suitable for continuous industrial duty cycles and harsh environments."
PRD-000475,Pipe Fitting Set Mini 300,Plumbing,1217.69,25,100,Arrow Electronics,SP-244250,44.8,"Aisle B, Shelf 18","High-quality pipe fitting set mini 300 suitable for industrial and commercial use. Meets ISO standards. Compliant with EN, ISO 9001, and OSHA workplace standards. Includes manufacturer warranty and full technical documentation. Suitable for continuous industrial duty cycles and harsh environments."
PRD-000476,Stretch Wrap Roll Max 500,Packaging,1856.34,25,75,MSC Industrial,SP-249787,13.3,"Aisle C, Shelf 6","High-quality stretch wrap roll max 500 suitable for industrial and commercial use. Meets ISO standards. Compliant with EN, ISO 9001, and OSHA workplace standards. Includes manufacturer warranty and full technical documentation. Suitable for continuous industrial duty cycles and harsh environments."
PRD-000477,Spark Plug Pack Max 300,Automotive,1223.81,10,40,Fastenal Company,SP-249914,57.9,"Aisle A, Shelf 12","High-quality spark plug pack max 300 suitable for industrial and commercial use. Meets ISO standards. Compliant with EN, ISO 9001, and OSHA workplace standards. Includes manufacturer warranty and full technical documentation. Suitable for continuous industrial duty cycles and harsh environments."
PRD-000478,Portable Work Light Elite 400,Lighting,2053.2,100,400,Fastenal Company,SP-822206,20.16,"Aisle A, Shelf 8","High-quality portable work light elite 400 suitable for industrial and commercial use. Meets ISO standards. Compliant with EN, ISO 9001, and OSHA workplace standards. Includes manufacturer warranty and full technical documentation. Suitable for continuous industrial duty cycles and harsh environments."
PRD-000479,Tire Inflator Elite 75,Automotive,965.0,25,100,Honeywell Inc,SP-363774,76.85,"Aisle B, Shelf 13","High-quality tire inflator elite 75 suitable for industrial and commercial use. Meets ISO standards. Compliant with EN, ISO 9001, and OSHA workplace standards. Includes manufacturer warranty and full technical documentation. Suitable for continuous industrial duty cycles and harsh environments."
PRD-000480,Washer Set Elite 600,Fasteners,1654.06,20,80,RS Components,SP-406511,13.7,"Aisle G, Shelf 5","High-quality washer set elite 600 suitable for industrial and commercial use. Meets ISO standards. Compliant with EN, ISO 9001, and OSHA workplace standards. Includes manufacturer warranty and full technical documentation. Suitable for continuous industrial duty cycles and harsh environments."
PRD-000481,Cordless Drill Max 150,Tools,1552.11,25,100,Würth Group,SP-565064,12.85,"Aisle C, Shelf 9","High-quality cordless drill max 150 suitable for industrial and commercial use. Meets ISO standards. Compliant with EN, ISO 9001, and OSHA workplace standards. Includes manufacturer warranty and full technical documentation. Suitable for continuous industrial duty cycles and harsh environments."
PRD-000482,Pallet Wrap XL 500,Packaging,2025.12,100,400,Würth Group,SP-517160,24.66,"Aisle B, Shelf 15","High-quality pallet wrap xl 500 suitable for industrial and commercial use. Meets ISO standards. Compliant with EN, ISO 9001, and OSHA workplace standards. Includes manufacturer warranty and full technical documentation. Suitable for continuous industrial duty cycles and harsh environments."
PRD-000483,Pipe Cutter Industrial 200,Plumbing,407.76,50,200,DeWalt Tools,SP-253668,17.96,"Aisle G, Shelf 16","High-quality pipe cutter industrial 200 suitable for industrial and commercial use. Meets ISO standards. Compliant with EN, ISO 9001, and OSHA workplace standards. Includes manufacturer warranty and full technical documentation. Suitable for continuous industrial duty cycles and harsh environments."
PRD-000484,Rust Converter Elite 250,Paint & Coating,824.32,15,60,Makita Corp,SP-926771,79.47,"Aisle F, Shelf 2","High-quality rust converter elite 250 suitable for industrial and commercial use. Meets ISO standards. Compliant with EN, ISO 9001, and OSHA workplace standards. Includes manufacturer warranty and full technical documentation. Suitable for continuous industrial duty cycles and harsh environments."
PRD-000485,Angle Grinder Industrial 1000,Tools,2479.48,20,100,Würth Group,SP-468426,80.29,"Aisle H, Shelf 5","High-quality angle grinder industrial 1000 suitable for industrial and commercial use. Meets ISO standards. Compliant with EN, ISO 9001, and OSHA workplace standards. Includes manufacturer warranty and full technical documentation. Suitable for continuous industrial duty cycles and harsh environments."
PRD-000486,Oil Filter Elite 150,Automotive,46.35,25,125,Honeywell Inc,SP-768396,34.09,"Aisle H, Shelf 4","High-quality oil filter elite 150 suitable for industrial and commercial use. Meets ISO standards. Compliant with EN, ISO 9001, and OSHA workplace standards. Includes manufacturer warranty and full technical documentation. Suitable for continuous industrial duty cycles and harsh environments."
PRD-000487,High-Vis Vest Plus 400,Safety Equipment,138.4,100,200,Schneider Electric,SP-153850,17.48,"Aisle F, Shelf 12","High-quality high-vis vest plus 400 suitable for industrial and commercial use. Meets ISO standards. Compliant with EN, ISO 9001, and OSHA workplace standards. Includes manufacturer warranty and full technical documentation. Suitable for continuous industrial duty cycles and harsh environments."
PRD-000488,Primer Gallon Plus 300,Paint & Coating,1084.0,25,125,Allied Electronics,SP-251457,73.28,"Aisle A, Shelf 15","High-quality primer gallon plus 300 suitable for industrial and commercial use. Meets ISO standards. Compliant with EN, ISO 9001, and OSHA workplace standards. Includes manufacturer warranty and full technical documentation. Suitable for continuous industrial duty cycles and harsh environments."
PRD-000489,First Aid Kit Commercial 120,Safety Equipment,2086.09,15,75,Würth Group,SP-300290,61.82,"Aisle A, Shelf 11","High-quality first aid kit commercial 120 suitable for industrial and commercial use. Meets ISO standards. Compliant with EN, ISO 9001, and OSHA workplace standards. Includes manufacturer warranty and full technical documentation. Suitable for continuous industrial duty cycles and harsh environments."
PRD-000490,Degreaser Drum Advanced 250,Cleaning,702.58,25,100,Allied Electronics,SP-444894,65.44,"Aisle H, Shelf 8","High-quality degreaser drum advanced 250 suitable for industrial and commercial use. Meets ISO standards. Compliant with EN, ISO 9001, and OSHA workplace standards. Includes manufacturer warranty and full technical documentation. Suitable for continuous industrial duty cycles and harsh environments."
PRD-000491,Mop System Basic 150,Cleaning,1726.61,25,125,Digi-Key Corp,SP-211720,23.36,"Aisle A, Shelf 7","High-quality mop system basic 150 suitable for industrial and commercial use. Meets ISO standards. Compliant with EN, ISO 9001, and OSHA workplace standards. Includes manufacturer warranty and full technical documentation. Suitable for continuous industrial duty cycles and harsh environments."
PRD-000492,Heat Exchanger Premium 150,HVAC,1576.08,15,75,Fastenal Company,SP-260752,48.9,"Aisle A, Shelf 7","High-quality heat exchanger premium 150 suitable for industrial and commercial use. Meets ISO standards. Compliant with EN, ISO 9001, and OSHA workplace standards. Includes manufacturer warranty and full technical documentation. Suitable for continuous industrial duty cycles and harsh environments."
PRD-000493,Outlet Box Premium 75,Electrical,1798.46,15,30,3M Corporation,SP-486227,12.73,"Aisle D, Shelf 11","High-quality outlet box premium 75 suitable for industrial and commercial use. Meets ISO standards. Compliant with EN, ISO 9001, and OSHA workplace standards. Includes manufacturer warranty and full technical documentation. Suitable for continuous industrial duty cycles and harsh environments."
PRD-000494,Paint Roller Set Premium 350,Paint & Coating,566.06,25,125,Hilti AG,SP-725561,33.17,"Aisle A, Shelf 7","High-quality paint roller set premium 350 suitable for industrial and commercial use. Meets ISO standards. Compliant with EN, ISO 9001, and OSHA workplace standards. Includes manufacturer warranty and full technical documentation. Suitable for continuous industrial duty cycles and harsh environments."
PRD-000495,Washer Set Plus 600,Fasteners,1491.61,15,30,DeWalt Tools,SP-301656,8.77,"Aisle H, Shelf 5","High-quality washer set plus 600 suitable for industrial and commercial use. Meets ISO standards. Compliant with EN, ISO 9001, and OSHA workplace standards. Includes manufacturer warranty and full technical documentation. Suitable for continuous industrial duty cycles and harsh environments."
PRD-000496,Heat Exchanger Heavy-Duty 180,HVAC,1963.36,10,40,Schneider Electric,SP-760574,80.46,"Aisle D, Shelf 19","High-quality heat exchanger heavy-duty 180 suitable for industrial and commercial use. Meets ISO standards. Compliant with EN, ISO 9001, and OSHA workplace standards. Includes manufacturer warranty and full technical documentation. Suitable for continuous industrial duty cycles and harsh environments."
PRD-000497,Washer Set Basic 400,Fasteners,2225.07,20,100,Würth Group,SP-399951,59.66,"Aisle H, Shelf 10","High-quality washer set basic 400 suitable for industrial and commercial use. Meets ISO standards. Compliant with EN, ISO 9001, and OSHA workplace standards. Includes manufacturer warranty and full technical documentation. Suitable for continuous industrial duty cycles and harsh environments."
PRD-000498,Logic Analyzer Ultra 750,Electronics,64.38,25,50,3M Corporation,SP-919316,35.74,"Aisle H, Shelf 4","High-quality logic analyzer ultra 750 suitable for industrial and commercial use. Meets ISO standards. Compliant with EN, ISO 9001, and OSHA workplace standards. Includes manufacturer warranty and full technical documentation. Suitable for continuous industrial duty cycles and harsh environments."
PRD-000499,Toner Cartridge Premium 750,Office Supplies,264.89,25,125,Bosch GmbH,SP-314079,46.34,"Aisle E, Shelf 7","High-quality toner cartridge premium 750 suitable for industrial and commercial use. Meets ISO standards. Compliant with EN, ISO 9001, and OSHA workplace standards. Includes manufacturer warranty and full technical documentation. Suitable for continuous industrial duty cycles and harsh environments."
PRD-000500,Angle Grinder Commercial 600,Tools,2419.29,15,30,Siemens AG,SP-615412,2.52,"Aisle G, Shelf 12","High-quality angle grinder commercial 600 suitable for industrial and commercial use. Meets ISO standards. Compliant with EN, ISO 9001, and OSHA workplace standards. Includes manufacturer warranty and full technical documentation. Suitable for continuous industrial duty cycles and harsh environments."
PRD-000501,LED Panel Light Industrial 750,Lighting,2366.36,50,100,Bosch GmbH,SP-993503,39.54,"Aisle C, Shelf 5","High-quality led panel light industrial 750 suitable for industrial and commercial use. Meets ISO standards. Compliant with EN, ISO 9001, and OSHA workplace standards. Includes manufacturer warranty and full technical documentation. Suitable for continuous industrial duty cycles and harsh environments."
PRD-000502,Soldering Station Heavy-Duty 350,Electronics,238.8,50,150,Honeywell Inc,SP-986217,4.56,"Aisle A, Shelf 3","High-quality soldering station heavy-duty 350 suitable for industrial and commercial use. Meets ISO standards. Compliant with EN, ISO 9001, and OSHA workplace standards. Includes manufacturer warranty and full technical documentation. Suitable for continuous industrial duty cycles and harsh environments."
PRD-000503,Nut Assortment Pro 250,Fasteners,1697.32,10,50,ABB Ltd,SP-526350,2.71,"Aisle C, Shelf 19","High-quality nut assortment pro 250 suitable for industrial and commercial use. Meets ISO standards. Compliant with EN, ISO 9001, and OSHA workplace standards. Includes manufacturer warranty and full technical documentation. Suitable for continuous industrial duty cycles and harsh environments."
PRD-000504,Terminal Block Pro 500,Electrical,971.61,100,300,Schneider Electric,SP-537579,32.58,"Aisle F, Shelf 15","High-quality terminal block pro 500 suitable for industrial and commercial use. Meets ISO standards. Compliant with EN, ISO 9001, and OSHA workplace standards. Includes manufacturer warranty and full technical documentation. Suitable for continuous industrial duty cycles and harsh environments."
PRD-000505,Flow Meter Standard 120,Plumbing,1103.82,10,20,DeWalt Tools,SP-830739,62.77,"Aisle B, Shelf 20","High-quality flow meter standard 120 suitable for industrial and commercial use. Meets ISO standards. Compliant with EN, ISO 9001, and OSHA workplace standards. Includes manufacturer warranty and full technical documentation. Suitable for continuous industrial duty cycles and harsh environments."
PRD-000506,Impact Wrench Industrial 75,Tools,2089.13,15,75,Schneider Electric,SP-150790,76.95,"Aisle H, Shelf 19","High-quality impact wrench industrial 75 suitable for industrial and commercial use. Meets ISO standards. Compliant with EN, ISO 9001, and OSHA workplace standards. Includes manufacturer warranty and full technical documentation. Suitable for continuous industrial duty cycles and harsh environments."
PRD-000507,Nut Assortment Industrial 750,Fasteners,1630.36,100,300,Hilti AG,SP-306312,13.54,"Aisle E, Shelf 6","High-quality nut assortment industrial 750 suitable for industrial and commercial use. Meets ISO standards. Compliant with EN, ISO 9001, and OSHA workplace standards. Includes manufacturer warranty and full technical documentation. Suitable for continuous industrial duty cycles and harsh environments."
PRD-000508,Sealant Tube Premium 750,Paint & Coating,546.17,100,500,DeWalt Tools,SP-657775,64.85,"Aisle A, Shelf 10","High-quality sealant tube premium 750 suitable for industrial and commercial use. Meets ISO standards. Compliant with EN, ISO 9001, and OSHA workplace standards. Includes manufacturer warranty and full technical documentation. Suitable for continuous industrial duty cycles and harsh environments."
PRD-000509,Mop System Pro 400,Cleaning,2042.31,50,100,Arrow Electronics,SP-172969,11.65,"Aisle E, Shelf 11","High-quality mop system pro 400 suitable for industrial and commercial use. Meets ISO standards. Compliant with EN, ISO 9001, and OSHA workplace standards. Includes manufacturer warranty and full technical documentation. Suitable for continuous industrial duty cycles and harsh environments."
PRD-000510,Oil Filter Industrial 600,Automotive,1200.69,15,60,Honeywell Inc,SP-968763,57.65,"Aisle A, Shelf 20","High-quality oil filter industrial 600 suitable for industrial and commercial use. Meets ISO standards. Compliant with EN, ISO 9001, and OSHA workplace standards. Includes manufacturer warranty and full technical documentation. Suitable for continuous industrial duty cycles and harsh environments."
PRD-000511,Mop System Compact 750,Cleaning,2088.87,5,20,Makita Corp,SP-405820,43.79,"Aisle D, Shelf 20","High-quality mop system compact 750 suitable for industrial and commercial use. Meets ISO standards. Compliant with EN, ISO 9001, and OSHA workplace standards. Includes manufacturer warranty and full technical documentation. Suitable for continuous industrial duty cycles and harsh environments."
PRD-000512,Motion Sensor Light Max 350,Lighting,1376.3,10,40,Bosch GmbH,SP-675361,81.92,"Aisle C, Shelf 5","High-quality motion sensor light max 350 suitable for industrial and commercial use. Meets ISO standards. Compliant with EN, ISO 9001, and OSHA workplace standards. Includes manufacturer warranty and full technical documentation. Suitable for continuous industrial duty cycles and harsh environments."
PRD-000513,Circuit Breaker Basic 100,Electrical,886.32,10,20,Würth Group,SP-899414,11.97,"Aisle A, Shelf 5","High-quality circuit breaker basic 100 suitable for industrial and commercial use. Meets ISO standards. Compliant with EN, ISO 9001, and OSHA workplace standards. Includes manufacturer warranty and full technical documentation. Suitable for continuous industrial duty cycles and harsh environments."
PRD-000514,Brush Set Plus 500,Paint & Coating,807.04,10,20,Würth Group,SP-713402,80.05,"Aisle D, Shelf 2","High-quality brush set plus 500 suitable for industrial and commercial use. Meets ISO standards. Compliant with EN, ISO 9001, and OSHA workplace standards. Includes manufacturer warranty and full technical documentation. Suitable for continuous industrial duty cycles and harsh environments."
PRD-000515,Check Valve Advanced 250,Plumbing,627.09,50,100,Honeywell Inc,SP-381427,61.28,"Aisle E, Shelf 10","High-quality check valve advanced 250 suitable for industrial and commercial use. Meets ISO standards. Compliant with EN, ISO 9001, and OSHA workplace standards. Includes manufacturer warranty and full technical documentation. Suitable for continuous industrial duty cycles and harsh environments."
PRD-000516,Duct Section Elite 400,HVAC,886.9,50,250,ABB Ltd,SP-854267,78.92,"Aisle F, Shelf 13","High-quality duct section elite 400 suitable for industrial and commercial use. Meets ISO standards. Compliant with EN, ISO 9001, and OSHA workplace standards. Includes manufacturer warranty and full technical documentation. Suitable for continuous industrial duty cycles and harsh environments."
PRD-000517,Angle Grinder Heavy-Duty 180,Tools,1673.8,100,500,Digi-Key Corp,SP-511186,39.69,"Aisle G, Shelf 8","High-quality angle grinder heavy-duty 180 suitable for industrial and commercial use. Meets ISO standards. Compliant with EN, ISO 9001, and OSHA workplace standards. Includes manufacturer warranty and full technical documentation. Suitable for continuous industrial duty cycles and harsh environments."
PRD-000518,Shrink Wrap System Mini 100,Packaging,2453.54,10,20,Philips Industries,SP-827659,9.75,"Aisle F, Shelf 12","High-quality shrink wrap system mini 100 suitable for industrial and commercial use. Meets ISO standards. Compliant with EN, ISO 9001, and OSHA workplace standards. Includes manufacturer warranty and full technical documentation. Suitable for continuous industrial duty cycles and harsh environments."
PRD-000519,Heat Exchanger Ultra 500,HVAC,453.99,100,300,Grainger Inc,SP-227537,82.29,"Aisle G, Shelf 4","High-quality heat exchanger ultra 500 suitable for industrial and commercial use. Meets ISO standards. Compliant with EN, ISO 9001, and OSHA workplace standards. Includes manufacturer warranty and full technical documentation. Suitable for continuous industrial duty cycles and harsh environments."
PRD-000520,Battery Charger Plus 400,Automotive,1071.86,10,50,Makita Corp,SP-430736,69.0,"Aisle C, Shelf 19","High-quality battery charger plus 400 suitable for industrial and commercial use. Meets ISO standards. Compliant with EN, ISO 9001, and OSHA workplace standards. Includes manufacturer warranty and full technical documentation. Suitable for continuous industrial duty cycles and harsh environments."
PRD-000521,Creeper Standard 400,Automotive,2221.52,100,500,Mouser Electronics,SP-342597,25.72,"Aisle E, Shelf 13","High-quality creeper standard 400 suitable for industrial and commercial use. Meets ISO standards. Compliant with EN, ISO 9001, and OSHA workplace standards. Includes manufacturer warranty and full technical documentation. Suitable for continuous industrial duty cycles and harsh environments."
PRD-000522,Nut Assortment Heavy-Duty 180,Fasteners,1309.33,50,200,Digi-Key Corp,SP-559458,57.93,"Aisle B, Shelf 17","High-quality nut assortment heavy-duty 180 suitable for industrial and commercial use. Meets ISO standards. Compliant with EN, ISO 9001, and OSHA workplace standards. Includes manufacturer warranty and full technical documentation. Suitable for continuous industrial duty cycles and harsh environments."
PRD-000523,Rivet Pack Pro 600,Fasteners,114.8,20,40,Philips Industries,SP-330123,46.04,"Aisle C, Shelf 14","High-quality rivet pack pro 600 suitable for industrial and commercial use. Meets ISO standards. Compliant with EN, ISO 9001, and OSHA workplace standards. Includes manufacturer warranty and full technical documentation. Suitable for continuous industrial duty cycles and harsh environments."
PRD-000524,Pallet Wrap Plus 250,Packaging,2028.38,15,45,Fastenal Company,SP-913965,4.28,"Aisle G, Shelf 5","High-quality pallet wrap plus 250 suitable for industrial and commercial use. Meets ISO standards. Compliant with EN, ISO 9001, and OSHA workplace standards. Includes manufacturer warranty and full technical documentation. Suitable for continuous industrial duty cycles and harsh environments."
PRD-000525,Ball Valve Standard 100,Plumbing,2237.61,100,200,Siemens AG,SP-387854,14.7,"Aisle H, Shelf 7","High-quality ball valve standard 100 suitable for industrial and commercial use. Meets ISO standards. Compliant with EN, ISO 9001, and OSHA workplace standards. Includes manufacturer warranty and full technical documentation. Suitable for continuous industrial duty cycles and harsh environments."
PRD-000526,Safety Goggles Ultra 500,Safety Equipment,461.25,100,200,DeWalt Tools,SP-533593,33.61,"Aisle G, Shelf 19","High-quality safety goggles ultra 500 suitable for industrial and commercial use. Meets ISO standards. Compliant with EN, ISO 9001, and OSHA workplace standards. Includes manufacturer warranty and full technical documentation. Suitable for continuous industrial duty cycles and harsh environments."
PRD-000527,Terminal Block Max 350,Electrical,1351.46,5,15,Philips Industries,SP-902333,22.57,"Aisle E, Shelf 17","High-quality terminal block max 350 suitable for industrial and commercial use. Meets ISO standards. Compliant with EN, ISO 9001, and OSHA workplace standards. Includes manufacturer warranty and full technical documentation. Suitable for continuous industrial duty cycles and harsh environments."
PRD-000528,Safety Goggles Ultra 300,Safety Equipment,2052.5,15,45,Bosch GmbH,SP-356255,16.56,"Aisle D, Shelf 19","High-quality safety goggles ultra 300 suitable for industrial and commercial use. Meets ISO standards. Compliant with EN, ISO 9001, and OSHA workplace standards. Includes manufacturer warranty and full technical documentation. Suitable for continuous industrial duty cycles and harsh environments."
PRD-000529,Junction Box Pro 120,Electrical,1406.15,50,250,Philips Industries,SP-761560,52.42,"Aisle H, Shelf 15","High-quality junction box pro 120 suitable for industrial and commercial use. Meets ISO standards. Compliant with EN, ISO 9001, and OSHA workplace standards. Includes manufacturer warranty and full technical documentation. Suitable for continuous industrial duty cycles and harsh environments."
PRD-000530,Locker Unit Max 100,Storage,569.73,10,30,3M Corporation,SP-677005,82.34,"Aisle D, Shelf 5","High-quality locker unit max 100 suitable for industrial and commercial use. Meets ISO standards. Compliant with EN, ISO 9001, and OSHA workplace standards. Includes manufacturer warranty and full technical documentation. Suitable for continuous industrial duty cycles and harsh environments."
PRD-000531,Junction Box Advanced 180,Electrical,656.26,15,30,DeWalt Tools,SP-873800,55.36,"Aisle D, Shelf 15","High-quality junction box advanced 180 suitable for industrial and commercial use. Meets ISO standards. Compliant with EN, ISO 9001, and OSHA workplace standards. Includes manufacturer warranty and full technical documentation. Suitable for continuous industrial duty cycles and harsh environments."
PRD-000532,Mop System XL 400,Cleaning,302.46,50,200,3M Corporation,SP-635047,60.71,"Aisle D, Shelf 14","High-quality mop system xl 400 suitable for industrial and commercial use. Meets ISO standards. Compliant with EN, ISO 9001, and OSHA workplace standards. Includes manufacturer warranty and full technical documentation. Suitable for continuous industrial duty cycles and harsh environments."
PRD-000533,High-Vis Vest Max 250,Safety Equipment,730.14,15,45,Arrow Electronics,SP-257998,62.57,"Aisle B, Shelf 16","High-quality high-vis vest max 250 suitable for industrial and commercial use. Meets ISO standards. Compliant with EN, ISO 9001, and OSHA workplace standards. Includes manufacturer warranty and full technical documentation. Suitable for continuous industrial duty cycles and harsh environments."
PRD-000534,Packing Tape Gun Plus 50,Packaging,1498.35,15,30,Philips Industries,SP-346993,34.29,"Aisle D, Shelf 8","High-quality packing tape gun plus 50 suitable for industrial and commercial use. Meets ISO standards. Compliant with EN, ISO 9001, and OSHA workplace standards. Includes manufacturer warranty and full technical documentation. Suitable for continuous industrial duty cycles and harsh environments."
PRD-000535,Refrigerant Kit Premium 75,HVAC,1765.3,20,60,Arrow Electronics,SP-760256,11.06,"Aisle G, Shelf 16","High-quality refrigerant kit premium 75 suitable for industrial and commercial use. Meets ISO standards. Compliant with EN, ISO 9001, and OSHA workplace standards. Includes manufacturer warranty and full technical documentation. Suitable for continuous industrial duty cycles and harsh environments."
PRD-000536,Shrink Wrap System Advanced 75,Packaging,2255.65,50,100,Mouser Electronics,SP-751453,66.67,"Aisle D, Shelf 14","High-quality shrink wrap system advanced 75 suitable for industrial and commercial use. Meets ISO standards. Compliant with EN, ISO 9001, and OSHA workplace standards. Includes manufacturer warranty and full technical documentation. Suitable for continuous industrial duty cycles and harsh environments."
PRD-000537,Terminal Block Basic 1000,Electrical,2114.88,100,200,3M Corporation,SP-937935,17.91,"Aisle H, Shelf 3","High-quality terminal block basic 1000 suitable for industrial and commercial use. Meets ISO standards. Compliant with EN, ISO 9001, and OSHA workplace standards. Includes manufacturer warranty and full technical documentation. Suitable for continuous industrial duty cycles and harsh environments."
PRD-000538,Bubble Wrap Roll Compact 350,Packaging,2283.64,25,75,MSC Industrial,SP-369947,17.5,"Aisle D, Shelf 9","High-quality bubble wrap roll compact 350 suitable for industrial and commercial use. Meets ISO standards. Compliant with EN, ISO 9001, and OSHA workplace standards. Includes manufacturer warranty and full technical documentation. Suitable for continuous industrial duty cycles and harsh environments."
PRD-000539,Pressure Gauge Commercial 120,Plumbing,1366.32,100,300,Siemens AG,SP-253462,72.41,"Aisle E, Shelf 8","High-quality pressure gauge commercial 120 suitable for industrial and commercial use. Meets ISO standards. Compliant with EN, ISO 9001, and OSHA workplace standards. Includes manufacturer warranty and full technical documentation. Suitable for continuous industrial duty cycles and harsh environments."
PRD-000540,Pipe Fitting Set Max 400,Plumbing,1104.79,5,15,Würth Group,SP-673168,66.24,"Aisle A, Shelf 12","High-quality pipe fitting set max 400 suitable for industrial and commercial use. Meets ISO standards. Compliant with EN, ISO 9001, and OSHA workplace standards. Includes manufacturer warranty and full technical documentation. Suitable for continuous industrial duty cycles and harsh environments."
PRD-000541,Printer Paper Box Advanced 100,Office Supplies,2348.84,5,15,Honeywell Inc,SP-268679,15.11,"Aisle D, Shelf 19","High-quality printer paper box advanced 100 suitable for industrial and commercial use. Meets ISO standards. Compliant with EN, ISO 9001, and OSHA workplace standards. Includes manufacturer warranty and full technical documentation. Suitable for continuous industrial duty cycles and harsh environments."
PRD-000542,Thermal Camera Pro 150,Electronics,2083.53,10,20,Digi-Key Corp,SP-669707,47.53,"Aisle B, Shelf 1","High-quality thermal camera pro 150 suitable for industrial and commercial use. Meets ISO standards. Compliant with EN, ISO 9001, and OSHA workplace standards. Includes manufacturer warranty and full technical documentation. Suitable for continuous industrial duty cycles and harsh environments."
PRD-000543,V-Belt Plus 300,Industrial Parts,1057.29,5,25,Stanley Black & Decker,SP-908263,70.36,"Aisle A, Shelf 19","High-quality v-belt plus 300 suitable for industrial and commercial use. Meets ISO standards. Compliant with EN, ISO 9001, and OSHA workplace standards. Includes manufacturer warranty and full technical documentation. Suitable for continuous industrial duty cycles and harsh environments."
PRD-000544,Toner Cartridge Plus 1000,Office Supplies,1504.99,10,20,Makita Corp,SP-680668,63.66,"Aisle F, Shelf 10","High-quality toner cartridge plus 1000 suitable for industrial and commercial use. Meets ISO standards. Compliant with EN, ISO 9001, and OSHA workplace standards. Includes manufacturer warranty and full technical documentation. Suitable for continuous industrial duty cycles and harsh environments."
PRD-000545,Label Maker Pro 120,Office Supplies,807.32,15,45,ABB Ltd,SP-145752,15.42,"Aisle F, Shelf 1","High-quality label maker pro 120 suitable for industrial and commercial use. Meets ISO standards. Compliant with EN, ISO 9001, and OSHA workplace standards. Includes manufacturer warranty and full technical documentation. Suitable for continuous industrial duty cycles and harsh environments."
PRD-000546,Thinner Gallon XL 250,Paint & Coating,523.26,5,15,Würth Group,SP-859616,40.7,"Aisle F, Shelf 8","High-quality thinner gallon xl 250 suitable for industrial and commercial use. Meets ISO standards. Compliant with EN, ISO 9001, and OSHA workplace standards. Includes manufacturer warranty and full technical documentation. Suitable for continuous industrial duty cycles and harsh environments."
PRD-000547,Rust Converter Heavy-Duty 100,Paint & Coating,357.06,15,45,Philips Industries,SP-776742,61.79,"Aisle D, Shelf 5","High-quality rust converter heavy-duty 100 suitable for industrial and commercial use. Meets ISO standards. Compliant with EN, ISO 9001, and OSHA workplace standards. Includes manufacturer warranty and full technical documentation. Suitable for continuous industrial duty cycles and harsh environments."
PRD-000548,Creeper Max 75,Automotive,1478.58,10,50,Arrow Electronics,SP-860215,66.88,"Aisle B, Shelf 18","High-quality creeper max 75 suitable for industrial and commercial use. Meets ISO standards. Compliant with EN, ISO 9001, and OSHA workplace standards. Includes manufacturer warranty and full technical documentation. Suitable for continuous industrial duty cycles and harsh environments."
PRD-000549,Ball Valve Ultra 50,Plumbing,1832.39,15,60,Würth Group,SP-961285,79.58,"Aisle C, Shelf 9","High-quality ball valve ultra 50 suitable for industrial and commercial use. Meets ISO standards. Compliant with EN, ISO 9001, and OSHA workplace standards. Includes manufacturer warranty and full technical documentation. Suitable for continuous industrial duty cycles and harsh environments."
PRD-000550,Label Maker Industrial 180,Office Supplies,2213.05,25,125,Allied Electronics,SP-113259,34.98,"Aisle B, Shelf 16","High-quality label maker industrial 180 suitable for industrial and commercial use. Meets ISO standards. Compliant with EN, ISO 9001, and OSHA workplace standards. Includes manufacturer warranty and full technical documentation. Suitable for continuous industrial duty cycles and harsh environments."
PRD-000551,Rivet Pack Max 600,Fasteners,2247.5,50,200,Allied Electronics,SP-281649,38.97,"Aisle D, Shelf 18","High-quality rivet pack max 600 suitable for industrial and commercial use. Meets ISO standards. Compliant with EN, ISO 9001, and OSHA workplace standards. Includes manufacturer warranty and full technical documentation. Suitable for continuous industrial duty cycles and harsh environments."
PRD-000552,High-Vis Vest Advanced 50,Safety Equipment,121.74,50,150,Siemens AG,SP-895201,31.86,"Aisle F, Shelf 6","High-quality high-vis vest advanced 50 suitable for industrial and commercial use. Meets ISO standards. Compliant with EN, ISO 9001, and OSHA workplace standards. Includes manufacturer warranty and full technical documentation. Suitable for continuous industrial duty cycles and harsh environments."
PRD-000553,Pipe Fitting Set Industrial 400,Plumbing,922.68,10,30,Stanley Black & Decker,SP-274895,4.66,"Aisle G, Shelf 15","High-quality pipe fitting set industrial 400 suitable for industrial and commercial use. Meets ISO standards. Compliant with EN, ISO 9001, and OSHA workplace standards. Includes manufacturer warranty and full technical documentation. Suitable for continuous industrial duty cycles and harsh environments."
PRD-000554,Face Shield Premium 75,Safety Equipment,2317.22,25,125,Schneider Electric,SP-568195,57.96,"Aisle A, Shelf 11","High-quality face shield premium 75 suitable for industrial and commercial use. Meets ISO standards. Compliant with EN, ISO 9001, and OSHA workplace standards. Includes manufacturer warranty and full technical documentation. Suitable for continuous industrial duty cycles and harsh environments."
PRD-000555,Air Compressor Elite 600,HVAC,1672.06,10,20,Würth Group,SP-175313,10.36,"Aisle A, Shelf 17","High-quality air compressor elite 600 suitable for industrial and commercial use. Meets ISO standards. Compliant with EN, ISO 9001, and OSHA workplace standards. Includes manufacturer warranty and full technical documentation. Suitable for continuous industrial duty cycles and harsh environments."
PRD-000556,Floodlight Elite 50,Lighting,1314.28,10,30,Philips Industries,SP-796372,66.15,"Aisle H, Shelf 3","High-quality floodlight elite 50 suitable for industrial and commercial use. Meets ISO standards. Compliant with EN, ISO 9001, and OSHA workplace standards. Includes manufacturer warranty and full technical documentation. Suitable for continuous industrial duty cycles and harsh environments."
PRD-000557,Safety Harness Commercial 200,Safety Equipment,171.14,20,100,Allied Electronics,SP-127727,61.07,"Aisle F, Shelf 19","High-quality safety harness commercial 200 suitable for industrial and commercial use. Meets ISO standards. Compliant with EN, ISO 9001, and OSHA workplace standards. Includes manufacturer warranty and full technical documentation. Suitable for continuous industrial duty cycles and harsh environments."
PRD-000558,Circular Saw Plus 1000,Tools,739.52,10,40,Würth Group,SP-667865,15.96,"Aisle A, Shelf 6","High-quality circular saw plus 1000 suitable for industrial and commercial use. Meets ISO standards. Compliant with EN, ISO 9001, and OSHA workplace standards. Includes manufacturer warranty and full technical documentation. Suitable for continuous industrial duty cycles and harsh environments."
PRD-000559,Strip Light Pro 600,Lighting,1242.56,50,200,MSC Industrial,SP-315604,83.17,"Aisle G, Shelf 11","High-quality strip light pro 600 suitable for industrial and commercial use. Meets ISO standards. Compliant with EN, ISO 9001, and OSHA workplace standards. Includes manufacturer warranty and full technical documentation. Suitable for continuous industrial duty cycles and harsh environments."
PRD-000560,Pallet Wrap Mini 500,Packaging,647.12,100,500,Allied Electronics,SP-459334,71.43,"Aisle A, Shelf 6","High-quality pallet wrap mini 500 suitable for industrial and commercial use. Meets ISO standards. Compliant with EN, ISO 9001, and OSHA workplace standards. Includes manufacturer warranty and full technical documentation. Suitable for continuous industrial duty cycles and harsh environments."
PRD-000561,Mop System Ultra 200,Cleaning,2034.14,5,10,ABB Ltd,SP-539359,54.49,"Aisle D, Shelf 11","High-quality mop system ultra 200 suitable for industrial and commercial use. Meets ISO standards. Compliant with EN, ISO 9001, and OSHA workplace standards. Includes manufacturer warranty and full technical documentation. Suitable for continuous industrial duty cycles and harsh environments."
PRD-000562,Steel Shelf Unit Industrial 75,Storage,2264.46,5,15,Grainger Inc,SP-357352,53.88,"Aisle C, Shelf 9","High-quality steel shelf unit industrial 75 suitable for industrial and commercial use. Meets ISO standards. Compliant with EN, ISO 9001, and OSHA workplace standards. Includes manufacturer warranty and full technical documentation. Suitable for continuous industrial duty cycles and harsh environments."
PRD-000563,Multimeter Max 180,Electronics,2007.45,25,75,Schneider Electric,SP-651144,15.48,"Aisle F, Shelf 13","High-quality multimeter max 180 suitable for industrial and commercial use. Meets ISO standards. Compliant with EN, ISO 9001, and OSHA workplace standards. Includes manufacturer warranty and full technical documentation. Suitable for continuous industrial duty cycles and harsh environments."
PRD-000564,Pallet Rack Basic 250,Storage,1106.67,10,40,Mouser Electronics,SP-725574,53.42,"Aisle F, Shelf 20","High-quality pallet rack basic 250 suitable for industrial and commercial use. Meets ISO standards. Compliant with EN, ISO 9001, and OSHA workplace standards. Includes manufacturer warranty and full technical documentation. Suitable for continuous industrial duty cycles and harsh environments."
PRD-000565,Steel Shelf Unit Commercial 1000,Storage,60.35,100,400,3M Corporation,SP-390401,50.05,"Aisle H, Shelf 11","High-quality steel shelf unit commercial 1000 suitable for industrial and commercial use. Meets ISO standards. Compliant with EN, ISO 9001, and OSHA workplace standards. Includes manufacturer warranty and full technical documentation. Suitable for continuous industrial duty cycles and harsh environments."
PRD-000566,Printer Paper Box Elite 50,Office Supplies,2430.12,15,45,Grainger Inc,SP-940515,63.35,"Aisle E, Shelf 20","High-quality printer paper box elite 50 suitable for industrial and commercial use. Meets ISO standards. Compliant with EN, ISO 9001, and OSHA workplace standards. Includes manufacturer warranty and full technical documentation. Suitable for continuous industrial duty cycles and harsh environments."
PRD-000567,Power Supply Unit Commercial 350,Electronics,388.47,100,500,Makita Corp,SP-715945,60.9,"Aisle A, Shelf 4","High-quality power supply unit commercial 350 suitable for industrial and commercial use. Meets ISO standards. Compliant with EN, ISO 9001, and OSHA workplace standards. Includes manufacturer warranty and full technical documentation. Suitable for continuous industrial duty cycles and harsh environments."
PRD-000568,Pallet Rack Premium 50,Storage,745.06,20,80,3M Corporation,SP-845816,6.55,"Aisle C, Shelf 13","High-quality pallet rack premium 50 suitable for industrial and commercial use. Meets ISO standards. Compliant with EN, ISO 9001, and OSHA workplace standards. Includes manufacturer warranty and full technical documentation. Suitable for continuous industrial duty cycles and harsh environments."
PRD-000569,Power Supply Unit Premium 400,Electronics,660.76,25,125,Arrow Electronics,SP-164944,28.83,"Aisle D, Shelf 12","High-quality power supply unit premium 400 suitable for industrial and commercial use. Meets ISO standards. Compliant with EN, ISO 9001, and OSHA workplace standards. Includes manufacturer warranty and full technical documentation. Suitable for continuous industrial duty cycles and harsh environments."
PRD-000570,Stretch Wrap Roll Elite 350,Packaging,1332.66,20,100,Stanley Black & Decker,SP-284665,3.45,"Aisle C, Shelf 5","High-quality stretch wrap roll elite 350 suitable for industrial and commercial use. Meets ISO standards. Compliant with EN, ISO 9001, and OSHA workplace standards. Includes manufacturer warranty and full technical documentation. Suitable for continuous industrial duty cycles and harsh environments."
PRD-000571,Oscilloscope Premium 600,Electronics,1726.98,10,40,Allied Electronics,SP-493080,17.05,"Aisle F, Shelf 12","High-quality oscilloscope premium 600 suitable for industrial and commercial use. Meets ISO standards. Compliant with EN, ISO 9001, and OSHA workplace standards. Includes manufacturer warranty and full technical documentation. Suitable for continuous industrial duty cycles and harsh environments."
PRD-000572,Wire Shelving Ultra 350,Storage,1757.75,15,60,Makita Corp,SP-487008,62.16,"Aisle A, Shelf 12","High-quality wire shelving ultra 350 suitable for industrial and commercial use. Meets ISO standards. Compliant with EN, ISO 9001, and OSHA workplace standards. Includes manufacturer warranty and full technical documentation. Suitable for continuous industrial duty cycles and harsh environments."
PRD-000573,Oscilloscope Industrial 180,Electronics,1743.37,10,40,Allied Electronics,SP-739487,46.49,"Aisle F, Shelf 2","High-quality oscilloscope industrial 180 suitable for industrial and commercial use. Meets ISO standards. Compliant with EN, ISO 9001, and OSHA workplace standards. Includes manufacturer warranty and full technical documentation. Suitable for continuous industrial duty cycles and harsh environments."
PRD-000574,Cordless Drill Premium 180,Tools,673.54,10,40,Würth Group,SP-458697,69.05,"Aisle H, Shelf 19","High-quality cordless drill premium 180 suitable for industrial and commercial use. Meets ISO standards. Compliant with EN, ISO 9001, and OSHA workplace standards. Includes manufacturer warranty and full technical documentation. Suitable for continuous industrial duty cycles and harsh environments."
PRD-000575,Duct Section Advanced 350,HVAC,2004.51,5,20,Grainger Inc,SP-149335,66.16,"Aisle E, Shelf 20","High-quality duct section advanced 350 suitable for industrial and commercial use. Meets ISO standards. Compliant with EN, ISO 9001, and OSHA workplace standards. Includes manufacturer warranty and full technical documentation. Suitable for continuous industrial duty cycles and harsh environments."
PRD-000576,Projector Ultra 400,Office Supplies,1228.28,100,400,ABB Ltd,SP-325931,60.64,"Aisle B, Shelf 18","High-quality projector ultra 400 suitable for industrial and commercial use. Meets ISO standards. Compliant with EN, ISO 9001, and OSHA workplace standards. Includes manufacturer warranty and full technical documentation. Suitable for continuous industrial duty cycles and harsh environments."
PRD-000577,Oil Filter Advanced 1000,Automotive,1151.53,20,100,Honeywell Inc,SP-490025,71.17,"Aisle F, Shelf 12","High-quality oil filter advanced 1000 suitable for industrial and commercial use. Meets ISO standards. Compliant with EN, ISO 9001, and OSHA workplace standards. Includes manufacturer warranty and full technical documentation. Suitable for continuous industrial duty cycles and harsh environments."
PRD-000578,Logic Analyzer Compact 1000,Electronics,669.82,50,150,Philips Industries,SP-993804,6.17,"Aisle H, Shelf 6","High-quality logic analyzer compact 1000 suitable for industrial and commercial use. Meets ISO standards. Compliant with EN, ISO 9001, and OSHA workplace standards. Includes manufacturer warranty and full technical documentation. Suitable for continuous industrial duty cycles and harsh environments."
PRD-000579,Water Pump Plus 120,Plumbing,512.36,10,30,Allied Electronics,SP-774660,72.32,"Aisle E, Shelf 14","High-quality water pump plus 120 suitable for industrial and commercial use. Meets ISO standards. Compliant with EN, ISO 9001, and OSHA workplace standards. Includes manufacturer warranty and full technical documentation. Suitable for continuous industrial duty cycles and harsh environments."
PRD-000580,Portable Work Light Heavy-Duty 250,Lighting,1266.31,10,50,Mouser Electronics,SP-827047,71.62,"Aisle E, Shelf 20","High-quality portable work light heavy-duty 250 suitable for industrial and commercial use. Meets ISO standards. Compliant with EN, ISO 9001, and OSHA workplace standards. Includes manufacturer warranty and full technical documentation. Suitable for continuous industrial duty cycles and harsh environments."
PRD-000581,Cable Tester Commercial 350,Electronics,220.07,100,300,ABB Ltd,SP-718544,58.05,"Aisle C, Shelf 2","High-quality cable tester commercial 350 suitable for industrial and commercial use. Meets ISO standards. Compliant with EN, ISO 9001, and OSHA workplace standards. Includes manufacturer warranty and full technical documentation. Suitable for continuous industrial duty cycles and harsh environments."
PRD-000582,Pneumatic Valve Industrial 1000,Industrial Parts,2360.57,50,200,Arrow Electronics,SP-456702,74.76,"Aisle G, Shelf 20","High-quality pneumatic valve industrial 1000 suitable for industrial and commercial use. Meets ISO standards. Compliant with EN, ISO 9001, and OSHA workplace standards. Includes manufacturer warranty and full technical documentation. Suitable for continuous industrial duty cycles and harsh environments."
PRD-000583,Printer Paper Box Commercial 400,Office Supplies,715.08,100,400,RS Components,SP-476108,20.0,"Aisle B, Shelf 12","High-quality printer paper box commercial 400 suitable for industrial and commercial use. Meets ISO standards. Compliant with EN, ISO 9001, and OSHA workplace standards. Includes manufacturer warranty and full technical documentation. Suitable for continuous industrial duty cycles and harsh environments."
PRD-000584,Ventilation Fan Basic 250,HVAC,1801.47,15,75,DeWalt Tools,SP-621462,61.27,"Aisle A, Shelf 19","High-quality ventilation fan basic 250 suitable for industrial and commercial use. Meets ISO standards. Compliant with EN, ISO 9001, and OSHA workplace standards. Includes manufacturer warranty and full technical documentation. Suitable for continuous industrial duty cycles and harsh environments."
PRD-000585,Pressure Washer Mini 100,Cleaning,1383.52,100,200,Würth Group,SP-753477,23.57,"Aisle D, Shelf 16","High-quality pressure washer mini 100 suitable for industrial and commercial use. Meets ISO standards. Compliant with EN, ISO 9001, and OSHA workplace standards. Includes manufacturer warranty and full technical documentation. Suitable for continuous industrial duty cycles and harsh environments."
PRD-000586,Humidity Sensor Standard 100,HVAC,2001.25,5,10,Mouser Electronics,SP-397675,71.11,"Aisle E, Shelf 5","High-quality humidity sensor standard 100 suitable for industrial and commercial use. Meets ISO standards. Compliant with EN, ISO 9001, and OSHA workplace standards. Includes manufacturer warranty and full technical documentation. Suitable for continuous industrial duty cycles and harsh environments."
PRD-000587,Pipe Cutter Plus 600,Plumbing,1441.51,50,200,Allied Electronics,SP-240970,36.04,"Aisle A, Shelf 9","High-quality pipe cutter plus 600 suitable for industrial and commercial use. Meets ISO standards. Compliant with EN, ISO 9001, and OSHA workplace standards. Includes manufacturer warranty and full technical documentation. Suitable for continuous industrial duty cycles and harsh environments."
PRD-000588,Heat Exchanger Premium 1000,HVAC,67.94,15,45,Fastenal Company,SP-170764,45.4,"Aisle C, Shelf 17","High-quality heat exchanger premium 1000 suitable for industrial and commercial use. Meets ISO standards. Compliant with EN, ISO 9001, and OSHA workplace standards. Includes manufacturer warranty and full technical documentation. Suitable for continuous industrial duty cycles and harsh environments."
PRD-000589,Gear Motor Commercial 200,Industrial Parts,1877.29,20,40,Siemens AG,SP-179735,36.16,"Aisle B, Shelf 19","High-quality gear motor commercial 200 suitable for industrial and commercial use. Meets ISO standards. Compliant with EN, ISO 9001, and OSHA workplace standards. Includes manufacturer warranty and full technical documentation. Suitable for continuous industrial duty cycles and harsh environments."
PRD-000590,Power Supply Unit Industrial 150,Electronics,2327.06,100,300,Honeywell Inc,SP-900784,29.5,"Aisle F, Shelf 4","High-quality power supply unit industrial 150 suitable for industrial and commercial use. Meets ISO standards. Compliant with EN, ISO 9001, and OSHA workplace standards. Includes manufacturer warranty and full technical documentation. Suitable for continuous industrial duty cycles and harsh environments."
PRD-000591,Locker Unit Max 100,Storage,1406.12,50,200,Siemens AG,SP-825379,15.75,"Aisle D, Shelf 18","High-quality locker unit max 100 suitable for industrial and commercial use. Meets ISO standards. Compliant with EN, ISO 9001, and OSHA workplace standards. Includes manufacturer warranty and full technical documentation. Suitable for continuous industrial duty cycles and harsh environments."
PRD-000592,Oscilloscope Industrial 400,Electronics,1504.09,20,80,Makita Corp,SP-532601,56.83,"Aisle A, Shelf 7","High-quality oscilloscope industrial 400 suitable for industrial and commercial use. Meets ISO standards. Compliant with EN, ISO 9001, and OSHA workplace standards. Includes manufacturer warranty and full technical documentation. Suitable for continuous industrial duty cycles and harsh environments."
PRD-000593,Ball Valve Basic 150,Plumbing,1760.9,100,200,Allied Electronics,SP-614884,7.45,"Aisle A, Shelf 17","High-quality ball valve basic 150 suitable for industrial and commercial use. Meets ISO standards. Compliant with EN, ISO 9001, and OSHA workplace standards. Includes manufacturer warranty and full technical documentation. Suitable for continuous industrial duty cycles and harsh environments."
PRD-000594,Water Pump Heavy-Duty 1000,Plumbing,1895.26,50,200,RS Components,SP-763670,44.08,"Aisle F, Shelf 11","High-quality water pump heavy-duty 1000 suitable for industrial and commercial use. Meets ISO standards. Compliant with EN, ISO 9001, and OSHA workplace standards. Includes manufacturer warranty and full technical documentation. Suitable for continuous industrial duty cycles and harsh environments."
PRD-000595,Fuse Kit Plus 200,Electrical,521.07,100,500,Fastenal Company,SP-276227,79.83,"Aisle F, Shelf 4","High-quality fuse kit plus 200 suitable for industrial and commercial use. Meets ISO standards. Compliant with EN, ISO 9001, and OSHA workplace standards. Includes manufacturer warranty and full technical documentation. Suitable for continuous industrial duty cycles and harsh environments."
PRD-000596,Toner Cartridge Standard 120,Office Supplies,269.53,20,40,Stanley Black & Decker,SP-883399,48.8,"Aisle B, Shelf 10","High-quality toner cartridge standard 120 suitable for industrial and commercial use. Meets ISO standards. Compliant with EN, ISO 9001, and OSHA workplace standards. Includes manufacturer warranty and full technical documentation. Suitable for continuous industrial duty cycles and harsh environments."
PRD-000597,Waste Container Advanced 600,Cleaning,1652.03,5,15,Arrow Electronics,SP-413045,64.87,"Aisle F, Shelf 11","High-quality waste container advanced 600 suitable for industrial and commercial use. Meets ISO standards. Compliant with EN, ISO 9001, and OSHA workplace standards. Includes manufacturer warranty and full technical documentation. Suitable for continuous industrial duty cycles and harsh environments."
PRD-000598,Battery Charger Plus 1000,Automotive,1547.07,15,45,Allied Electronics,SP-834292,35.8,"Aisle C, Shelf 17","High-quality battery charger plus 1000 suitable for industrial and commercial use. Meets ISO standards. Compliant with EN, ISO 9001, and OSHA workplace standards. Includes manufacturer warranty and full technical documentation. Suitable for continuous industrial duty cycles and harsh environments."
PRD-000599,First Aid Kit Ultra 75,Safety Equipment,2466.21,20,100,Würth Group,SP-773523,18.06,"Aisle E, Shelf 9","High-quality first aid kit ultra 75 suitable for industrial and commercial use. Meets ISO standards. Compliant with EN, ISO 9001, and OSHA workplace standards. Includes manufacturer warranty and full technical documentation. Suitable for continuous industrial duty cycles and harsh environments."
PRD-000600,Air Compressor Ultra 400,HVAC,120.04,100,200,Makita Corp,SP-263519,8.72,"Aisle F, Shelf 7","High-quality air compressor ultra 400 suitable for industrial and commercial use. Meets ISO standards. Compliant with EN, ISO 9001, and OSHA workplace standards. Includes manufacturer warranty and full technical documentation. Suitable for continuous industrial duty cycles and harsh environments."
PRD-000601,High-Vis Vest Elite 350,Safety Equipment,1934.19,100,200,ABB Ltd,SP-605425,41.86,"Aisle G, Shelf 8","High-quality high-vis vest elite 350 suitable for industrial and commercial use. Meets ISO standards. Compliant with EN, ISO 9001, and OSHA workplace standards. Includes manufacturer warranty and full technical documentation. Suitable for continuous industrial duty cycles and harsh environments."
PRD-000602,Degreaser Drum Mini 100,Cleaning,2188.74,15,30,3M Corporation,SP-211421,43.68,"Aisle D, Shelf 8","High-quality degreaser drum mini 100 suitable for industrial and commercial use. Meets ISO standards. Compliant with EN, ISO 9001, and OSHA workplace standards. Includes manufacturer warranty and full technical documentation. Suitable for continuous industrial duty cycles and harsh environments."
PRD-000603,Cardboard Box Set Industrial 75,Packaging,1015.96,100,500,Hilti AG,SP-355968,78.56,"Aisle D, Shelf 15","High-quality cardboard box set industrial 75 suitable for industrial and commercial use. Meets ISO standards. Compliant with EN, ISO 9001, and OSHA workplace standards. Includes manufacturer warranty and full technical documentation. Suitable for continuous industrial duty cycles and harsh environments."
PRD-000604,Junction Box Pro 250,Electrical,950.12,5,25,Honeywell Inc,SP-195015,26.43,"Aisle H, Shelf 4","High-quality junction box pro 250 suitable for industrial and commercial use. Meets ISO standards. Compliant with EN, ISO 9001, and OSHA workplace standards. Includes manufacturer warranty and full technical documentation. Suitable for continuous industrial duty cycles and harsh environments."
PRD-000605,Portable Work Light Plus 120,Lighting,1673.73,5,15,Siemens AG,SP-802933,20.59,"Aisle H, Shelf 15","High-quality portable work light plus 120 suitable for industrial and commercial use. Meets ISO standards. Compliant with EN, ISO 9001, and OSHA workplace standards. Includes manufacturer warranty and full technical documentation. Suitable for continuous industrial duty cycles and harsh environments."
PRD-000606,Strapping Machine Elite 100,Packaging,1303.1,15,30,Philips Industries,SP-805426,51.01,"Aisle B, Shelf 19","High-quality strapping machine elite 100 suitable for industrial and commercial use. Meets ISO standards. Compliant with EN, ISO 9001, and OSHA workplace standards. Includes manufacturer warranty and full technical documentation. Suitable for continuous industrial duty cycles and harsh environments."
PRD-000607,Shredder Commercial 75,Office Supplies,403.64,10,40,3M Corporation,SP-808506,57.07,"Aisle A, Shelf 7","High-quality shredder commercial 75 suitable for industrial and commercial use. Meets ISO standards. Compliant with EN, ISO 9001, and OSHA workplace standards. Includes manufacturer warranty and full technical documentation. Suitable for continuous industrial duty cycles and harsh environments."
PRD-000608,Strapping Machine Ultra 400,Packaging,1007.01,50,100,Siemens AG,SP-940388,62.1,"Aisle C, Shelf 10","High-quality strapping machine ultra 400 suitable for industrial and commercial use. Meets ISO standards. Compliant with EN, ISO 9001, and OSHA workplace standards. Includes manufacturer warranty and full technical documentation. Suitable for continuous industrial duty cycles and harsh environments."
PRD-000609,Toner Cartridge Advanced 180,Office Supplies,366.7,10,20,ABB Ltd,SP-289602,23.04,"Aisle B, Shelf 7","High-quality toner cartridge advanced 180 suitable for industrial and commercial use. Meets ISO standards. Compliant with EN, ISO 9001, and OSHA workplace standards. Includes manufacturer warranty and full technical documentation. Suitable for continuous industrial duty cycles and harsh environments."
PRD-000610,Power Supply Unit Ultra 150,Electronics,1917.66,10,50,Arrow Electronics,SP-350384,72.05,"Aisle A, Shelf 10","High-quality power supply unit ultra 150 suitable for industrial and commercial use. Meets ISO standards. Compliant with EN, ISO 9001, and OSHA workplace standards. Includes manufacturer warranty and full technical documentation. Suitable for continuous industrial duty cycles and harsh environments."
PRD-000611,Clip Assortment Elite 400,Fasteners,1945.77,25,100,Stanley Black & Decker,SP-372996,13.17,"Aisle G, Shelf 3","High-quality clip assortment elite 400 suitable for industrial and commercial use. Meets ISO standards. Compliant with EN, ISO 9001, and OSHA workplace standards. Includes manufacturer warranty and full technical documentation. Suitable for continuous industrial duty cycles and harsh environments."
PRD-000612,Stretch Wrap Roll Industrial 350,Packaging,1854.71,20,40,Arrow Electronics,SP-174237,79.81,"Aisle C, Shelf 19","High-quality stretch wrap roll industrial 350 suitable for industrial and commercial use. Meets ISO standards. Compliant with EN, ISO 9001, and OSHA workplace standards. Includes manufacturer warranty and full technical documentation. Suitable for continuous industrial duty cycles and harsh environments."
PRD-000613,Air Compressor Basic 50,HVAC,2098.16,100,200,Bosch GmbH,SP-241827,31.87,"Aisle E, Shelf 9","High-quality air compressor basic 50 suitable for industrial and commercial use. Meets ISO standards. Compliant with EN, ISO 9001, and OSHA workplace standards. Includes manufacturer warranty and full technical documentation. Suitable for continuous industrial duty cycles and harsh environments."
PRD-000614,Printer Paper Box Commercial 150,Office Supplies,771.22,25,50,Hilti AG,SP-815868,11.98,"Aisle D, Shelf 1","High-quality printer paper box commercial 150 suitable for industrial and commercial use. Meets ISO standards. Compliant with EN, ISO 9001, and OSHA workplace standards. Includes manufacturer warranty and full technical documentation. Suitable for continuous industrial duty cycles and harsh environments."
PRD-000615,Hydraulic Cylinder Industrial 50,Industrial Parts,37.72,10,30,Hilti AG,SP-927059,84.13,"Aisle D, Shelf 13","High-quality hydraulic cylinder industrial 50 suitable for industrial and commercial use. Meets ISO standards. Compliant with EN, ISO 9001, and OSHA workplace standards. Includes manufacturer warranty and full technical documentation. Suitable for continuous industrial duty cycles and harsh environments."
PRD-000616,Cardboard Box Set Mini 50,Packaging,1702.76,20,40,MSC Industrial,SP-521465,20.81,"Aisle C, Shelf 5","High-quality cardboard box set mini 50 suitable for industrial and commercial use. Meets ISO standards. Compliant with EN, ISO 9001, and OSHA workplace standards. Includes manufacturer warranty and full technical documentation. Suitable for continuous industrial duty cycles and harsh environments."
PRD-000617,Packing Tape Gun Pro 600,Packaging,1482.44,15,45,Digi-Key Corp,SP-308087,38.39,"Aisle A, Shelf 7","High-quality packing tape gun pro 600 suitable for industrial and commercial use. Meets ISO standards. Compliant with EN, ISO 9001, and OSHA workplace standards. Includes manufacturer warranty and full technical documentation. Suitable for continuous industrial duty cycles and harsh environments."
PRD-000618,Oil Filter Elite 1000,Automotive,1819.11,100,400,Würth Group,SP-448805,18.42,"Aisle C, Shelf 9","High-quality oil filter elite 1000 suitable for industrial and commercial use. Meets ISO standards. Compliant with EN, ISO 9001, and OSHA workplace standards. Includes manufacturer warranty and full technical documentation. Suitable for continuous industrial duty cycles and harsh environments."
PRD-000619,Mop System Pro 350,Cleaning,1501.81,100,400,Honeywell Inc,SP-225774,25.05,"Aisle H, Shelf 6","High-quality mop system pro 350 suitable for industrial and commercial use. Meets ISO standards. Compliant with EN, ISO 9001, and OSHA workplace standards. Includes manufacturer warranty and full technical documentation. Suitable for continuous industrial duty cycles and harsh environments."
PRD-000620,Floodlight Compact 1000,Lighting,605.7,5,20,Fastenal Company,SP-214038,7.41,"Aisle F, Shelf 4","High-quality floodlight compact 1000 suitable for industrial and commercial use. Meets ISO standards. Compliant with EN, ISO 9001, and OSHA workplace standards. Includes manufacturer warranty and full technical documentation. Suitable for continuous industrial duty cycles and harsh environments."
PRD-000621,V-Belt Plus 750,Industrial Parts,1791.3,25,125,Bosch GmbH,SP-703086,29.75,"Aisle B, Shelf 15","High-quality v-belt plus 750 suitable for industrial and commercial use. Meets ISO standards. Compliant with EN, ISO 9001, and OSHA workplace standards. Includes manufacturer warranty and full technical documentation. Suitable for continuous industrial duty cycles and harsh environments."
PRD-000622,Strip Light Compact 350,Lighting,2104.94,5,10,Siemens AG,SP-300911,37.18,"Aisle E, Shelf 8","High-quality strip light compact 350 suitable for industrial and commercial use. Meets ISO standards. Compliant with EN, ISO 9001, and OSHA workplace standards. Includes manufacturer warranty and full technical documentation. Suitable for continuous industrial duty cycles and harsh environments."
PRD-000623,Pneumatic Valve Basic 350,Industrial Parts,1320.33,25,50,Hilti AG,SP-957074,52.43,"Aisle A, Shelf 5","High-quality pneumatic valve basic 350 suitable for industrial and commercial use. Meets ISO standards. Compliant with EN, ISO 9001, and OSHA workplace standards. Includes manufacturer warranty and full technical documentation. Suitable for continuous industrial duty cycles and harsh environments."
PRD-000624,Wire Spool Advanced 100,Electrical,896.12,25,75,Siemens AG,SP-848194,46.7,"Aisle A, Shelf 2","High-quality wire spool advanced 100 suitable for industrial and commercial use. Meets ISO standards. Compliant with EN, ISO 9001, and OSHA workplace standards. Includes manufacturer warranty and full technical documentation. Suitable for continuous industrial duty cycles and harsh environments."
PRD-000625,Strapping Machine Heavy-Duty 300,Packaging,1427.56,50,250,Grainger Inc,SP-146510,59.74,"Aisle C, Shelf 4","High-quality strapping machine heavy-duty 300 suitable for industrial and commercial use. Meets ISO standards. Compliant with EN, ISO 9001, and OSHA workplace standards. Includes manufacturer warranty and full technical documentation. Suitable for continuous industrial duty cycles and harsh environments."
PRD-000626,Refrigerant Kit Basic 180,HVAC,1162.01,25,75,3M Corporation,SP-782023,62.7,"Aisle C, Shelf 9","High-quality refrigerant kit basic 180 suitable for industrial and commercial use. Meets ISO standards. Compliant with EN, ISO 9001, and OSHA workplace standards. Includes manufacturer warranty and full technical documentation. Suitable for continuous industrial duty cycles and harsh environments."
PRD-000627,Steel Shelf Unit XL 200,Storage,1102.69,25,75,Stanley Black & Decker,SP-493256,40.58,"Aisle F, Shelf 3","High-quality steel shelf unit xl 200 suitable for industrial and commercial use. Meets ISO standards. Compliant with EN, ISO 9001, and OSHA workplace standards. Includes manufacturer warranty and full technical documentation. Suitable for continuous industrial duty cycles and harsh environments."
PRD-000628,Pallet Wrap XL 100,Packaging,1464.0,15,60,Mouser Electronics,SP-870881,36.83,"Aisle F, Shelf 11","High-quality pallet wrap xl 100 suitable for industrial and commercial use. Meets ISO standards. Compliant with EN, ISO 9001, and OSHA workplace standards. Includes manufacturer warranty and full technical documentation. Suitable for continuous industrial duty cycles and harsh environments."
PRD-000629,Cable Tester Ultra 75,Electronics,1271.02,5,15,DeWalt Tools,SP-323839,67.6,"Aisle G, Shelf 1","High-quality cable tester ultra 75 suitable for industrial and commercial use. Meets ISO standards. Compliant with EN, ISO 9001, and OSHA workplace standards. Includes manufacturer warranty and full technical documentation. Suitable for continuous industrial duty cycles and harsh environments."
PRD-000630,Washer Set XL 250,Fasteners,1520.38,25,75,Bosch GmbH,SP-475968,63.29,"Aisle A, Shelf 4","High-quality washer set xl 250 suitable for industrial and commercial use. Meets ISO standards. Compliant with EN, ISO 9001, and OSHA workplace standards. Includes manufacturer warranty and full technical documentation. Suitable for continuous industrial duty cycles and harsh environments."
PRD-000631,Multimeter Industrial 1000,Electronics,1650.86,10,50,ABB Ltd,SP-503504,11.06,"Aisle B, Shelf 6","High-quality multimeter industrial 1000 suitable for industrial and commercial use. Meets ISO standards. Compliant with EN, ISO 9001, and OSHA workplace standards. Includes manufacturer warranty and full technical documentation. Suitable for continuous industrial duty cycles and harsh environments."
PRD-000632,Water Pump Industrial 120,Plumbing,86.34,20,40,Hilti AG,SP-876695,67.32,"Aisle G, Shelf 11","High-quality water pump industrial 120 suitable for industrial and commercial use. Meets ISO standards. Compliant with EN, ISO 9001, and OSHA workplace standards. Includes manufacturer warranty and full technical documentation. Suitable for continuous industrial duty cycles and harsh environments."
PRD-000633,Packing Tape Gun Max 400,Packaging,1033.19,25,50,MSC Industrial,SP-717103,44.93,"Aisle B, Shelf 13","High-quality packing tape gun max 400 suitable for industrial and commercial use. Meets ISO standards. Compliant with EN, ISO 9001, and OSHA workplace standards. Includes manufacturer warranty and full technical documentation. Suitable for continuous industrial duty cycles and harsh environments."
PRD-000634,Impact Wrench Premium 200,Tools,1834.36,100,300,Fastenal Company,SP-798025,44.77,"Aisle D, Shelf 10","High-quality impact wrench premium 200 suitable for industrial and commercial use. Meets ISO standards. Compliant with EN, ISO 9001, and OSHA workplace standards. Includes manufacturer warranty and full technical documentation. Suitable for continuous industrial duty cycles and harsh environments."
PRD-000635,Circular Saw Basic 600,Tools,1871.37,25,125,Hilti AG,SP-961368,34.9,"Aisle F, Shelf 1","High-quality circular saw basic 600 suitable for industrial and commercial use. Meets ISO standards. Compliant with EN, ISO 9001, and OSHA workplace standards. Includes manufacturer warranty and full technical documentation. Suitable for continuous industrial duty cycles and harsh environments."
PRD-000636,Oscilloscope Compact 120,Electronics,1699.66,25,50,ABB Ltd,SP-357448,18.56,"Aisle G, Shelf 14","High-quality oscilloscope compact 120 suitable for industrial and commercial use. Meets ISO standards. Compliant with EN, ISO 9001, and OSHA workplace standards. Includes manufacturer warranty and full technical documentation. Suitable for continuous industrial duty cycles and harsh environments."
PRD-000637,Filing Cabinet Heavy-Duty 1000,Office Supplies,453.9,50,200,Hilti AG,SP-830902,27.38,"Aisle B, Shelf 20","High-quality filing cabinet heavy-duty 1000 suitable for industrial and commercial use. Meets ISO standards. Compliant with EN, ISO 9001, and OSHA workplace standards. Includes manufacturer warranty and full technical documentation. Suitable for continuous industrial duty cycles and harsh environments."
PRD-000638,Pallet Wrap Elite 180,Packaging,2138.62,5,10,Hilti AG,SP-759326,70.07,"Aisle H, Shelf 15","High-quality pallet wrap elite 180 suitable for industrial and commercial use. Meets ISO standards. Compliant with EN, ISO 9001, and OSHA workplace standards. Includes manufacturer warranty and full technical documentation. Suitable for continuous industrial duty cycles and harsh environments."
PRD-000639,Pipe Cutter Basic 300,Plumbing,2389.8,100,200,MSC Industrial,SP-351814,6.18,"Aisle C, Shelf 10","High-quality pipe cutter basic 300 suitable for industrial and commercial use. Meets ISO standards. Compliant with EN, ISO 9001, and OSHA workplace standards. Includes manufacturer warranty and full technical documentation. Suitable for continuous industrial duty cycles and harsh environments."
PRD-000640,Router Industrial 120,Tools,1763.02,100,400,Bosch GmbH,SP-420835,32.25,"Aisle E, Shelf 5","High-quality router industrial 120 suitable for industrial and commercial use. Meets ISO standards. Compliant with EN, ISO 9001, and OSHA workplace standards. Includes manufacturer warranty and full technical documentation. Suitable for continuous industrial duty cycles and harsh environments."
PRD-000641,Pipe Fitting Set Compact 100,Plumbing,1659.91,100,200,Mouser Electronics,SP-535857,25.59,"Aisle D, Shelf 9","High-quality pipe fitting set compact 100 suitable for industrial and commercial use. Meets ISO standards. Compliant with EN, ISO 9001, and OSHA workplace standards. Includes manufacturer warranty and full technical documentation. Suitable for continuous industrial duty cycles and harsh environments."
PRD-000642,Floor Scrubber Heavy-Duty 500,Cleaning,833.5,20,60,ABB Ltd,SP-787025,15.15,"Aisle D, Shelf 15","High-quality floor scrubber heavy-duty 500 suitable for industrial and commercial use. Meets ISO standards. Compliant with EN, ISO 9001, and OSHA workplace standards. Includes manufacturer warranty and full technical documentation. Suitable for continuous industrial duty cycles and harsh environments."
PRD-000643,Industrial Vacuum Mini 300,Cleaning,564.55,20,80,RS Components,SP-692500,69.35,"Aisle B, Shelf 2","High-quality industrial vacuum mini 300 suitable for industrial and commercial use. Meets ISO standards. Compliant with EN, ISO 9001, and OSHA workplace standards. Includes manufacturer warranty and full technical documentation. Suitable for continuous industrial duty cycles and harsh environments."
PRD-000644,Filing Cabinet Standard 600,Office Supplies,792.69,10,40,Allied Electronics,SP-156691,27.75,"Aisle H, Shelf 15","High-quality filing cabinet standard 600 suitable for industrial and commercial use. Meets ISO standards. Compliant with EN, ISO 9001, and OSHA workplace standards. Includes manufacturer warranty and full technical documentation. Suitable for continuous industrial duty cycles and harsh environments."
PRD-000645,Shrink Wrap System Compact 50,Packaging,297.69,10,20,Siemens AG,SP-721494,80.17,"Aisle C, Shelf 11","High-quality shrink wrap system compact 50 suitable for industrial and commercial use. Meets ISO standards. Compliant with EN, ISO 9001, and OSHA workplace standards. Includes manufacturer warranty and full technical documentation. Suitable for continuous industrial duty cycles and harsh environments."
PRD-000646,Pneumatic Valve Compact 75,Industrial Parts,1058.67,5,10,Arrow Electronics,SP-537750,53.06,"Aisle C, Shelf 10","High-quality pneumatic valve compact 75 suitable for industrial and commercial use. Meets ISO standards. Compliant with EN, ISO 9001, and OSHA workplace standards. Includes manufacturer warranty and full technical documentation. Suitable for continuous industrial duty cycles and harsh environments."
PRD-000647,Cable Tester Heavy-Duty 75,Electronics,154.04,10,50,3M Corporation,SP-375806,80.54,"Aisle E, Shelf 5","High-quality cable tester heavy-duty 75 suitable for industrial and commercial use. Meets ISO standards. Compliant with EN, ISO 9001, and OSHA workplace standards. Includes manufacturer warranty and full technical documentation. Suitable for continuous industrial duty cycles and harsh environments."
PRD-000648,Shredder Ultra 50,Office Supplies,1914.16,15,60,Makita Corp,SP-413087,39.93,"Aisle E, Shelf 11","High-quality shredder ultra 50 suitable for industrial and commercial use. Meets ISO standards. Compliant with EN, ISO 9001, and OSHA workplace standards. Includes manufacturer warranty and full technical documentation. Suitable for continuous industrial duty cycles and harsh environments."
PRD-000649,Impact Wrench Industrial 100,Tools,1473.65,10,50,Philips Industries,SP-791297,62.33,"Aisle C, Shelf 1","High-quality impact wrench industrial 100 suitable for industrial and commercial use. Meets ISO standards. Compliant with EN, ISO 9001, and OSHA workplace standards. Includes manufacturer warranty and full technical documentation. Suitable for continuous industrial duty cycles and harsh environments."
PRD-000650,Steam Cleaner Heavy-Duty 50,Cleaning,2312.34,10,30,Philips Industries,SP-242465,31.43,"Aisle F, Shelf 16","High-quality steam cleaner heavy-duty 50 suitable for industrial and commercial use. Meets ISO standards. Compliant with EN, ISO 9001, and OSHA workplace standards. Includes manufacturer warranty and full technical documentation. Suitable for continuous industrial duty cycles and harsh environments."
PRD-000651,Safety Goggles Mini 750,Safety Equipment,533.04,10,30,Fastenal Company,SP-436850,72.34,"Aisle H, Shelf 10","High-quality safety goggles mini 750 suitable for industrial and commercial use. Meets ISO standards. Compliant with EN, ISO 9001, and OSHA workplace standards. Includes manufacturer warranty and full technical documentation. Suitable for continuous industrial duty cycles and harsh environments."
PRD-000652,Shredder Mini 500,Office Supplies,1751.22,25,50,Stanley Black & Decker,SP-531594,13.22,"Aisle F, Shelf 8","High-quality shredder mini 500 suitable for industrial and commercial use. Meets ISO standards. Compliant with EN, ISO 9001, and OSHA workplace standards. Includes manufacturer warranty and full technical documentation. Suitable for continuous industrial duty cycles and harsh environments."
PRD-000653,Ventilation Fan Mini 250,HVAC,763.47,15,60,Allied Electronics,SP-189880,12.64,"Aisle F, Shelf 7","High-quality ventilation fan mini 250 suitable for industrial and commercial use. Meets ISO standards. Compliant with EN, ISO 9001, and OSHA workplace standards. Includes manufacturer warranty and full technical documentation. Suitable for continuous industrial duty cycles and harsh environments."
PRD-000654,Sump Pump Industrial 600,Plumbing,1983.02,10,40,Bosch GmbH,SP-279135,69.2,"Aisle F, Shelf 14","High-quality sump pump industrial 600 suitable for industrial and commercial use. Meets ISO standards. Compliant with EN, ISO 9001, and OSHA workplace standards. Includes manufacturer warranty and full technical documentation. Suitable for continuous industrial duty cycles and harsh environments."
PRD-000655,Thinner Gallon XL 150,Paint & Coating,1575.82,10,20,MSC Industrial,SP-130775,14.88,"Aisle E, Shelf 6","High-quality thinner gallon xl 150 suitable for industrial and commercial use. Meets ISO standards. Compliant with EN, ISO 9001, and OSHA workplace standards. Includes manufacturer warranty and full technical documentation. Suitable for continuous industrial duty cycles and harsh environments."
PRD-000656,Duct Section Elite 120,HVAC,400.62,15,30,Stanley Black & Decker,SP-415231,81.98,"Aisle F, Shelf 16","High-quality duct section elite 120 suitable for industrial and commercial use. Meets ISO standards. Compliant with EN, ISO 9001, and OSHA workplace standards. Includes manufacturer warranty and full technical documentation. Suitable for continuous industrial duty cycles and harsh environments."
PRD-000657,Linear Guide Industrial 120,Industrial Parts,2245.59,10,50,Digi-Key Corp,SP-279332,25.83,"Aisle D, Shelf 2","High-quality linear guide industrial 120 suitable for industrial and commercial use. Meets ISO standards. Compliant with EN, ISO 9001, and OSHA workplace standards. Includes manufacturer warranty and full technical documentation. Suitable for continuous industrial duty cycles and harsh environments."
PRD-000658,Circular Saw Standard 75,Tools,1726.04,10,50,Schneider Electric,SP-638208,11.86,"Aisle G, Shelf 12","High-quality circular saw standard 75 suitable for industrial and commercial use. Meets ISO standards. Compliant with EN, ISO 9001, and OSHA workplace standards. Includes manufacturer warranty and full technical documentation. Suitable for continuous industrial duty cycles and harsh environments."
PRD-000659,Planer Advanced 300,Tools,608.51,25,50,Arrow Electronics,SP-687474,75.92,"Aisle C, Shelf 20","High-quality planer advanced 300 suitable for industrial and commercial use. Meets ISO standards. Compliant with EN, ISO 9001, and OSHA workplace standards. Includes manufacturer warranty and full technical documentation. Suitable for continuous industrial duty cycles and harsh environments."
PRD-000660,Pipe Cutter XL 300,Plumbing,1239.93,50,100,Digi-Key Corp,SP-631822,52.68,"Aisle B, Shelf 2","High-quality pipe cutter xl 300 suitable for industrial and commercial use. Meets ISO standards. Compliant with EN, ISO 9001, and OSHA workplace standards. Includes manufacturer warranty and full technical documentation. Suitable for continuous industrial duty cycles and harsh environments."
PRD-000661,Toggle Bolt Box Compact 250,Fasteners,2186.28,50,100,Allied Electronics,SP-846029,28.33,"Aisle H, Shelf 11","High-quality toggle bolt box compact 250 suitable for industrial and commercial use. Meets ISO standards. Compliant with EN, ISO 9001, and OSHA workplace standards. Includes manufacturer warranty and full technical documentation. Suitable for continuous industrial duty cycles and harsh environments."
PRD-000662,Logic Analyzer Standard 500,Electronics,2134.68,20,80,3M Corporation,SP-118082,15.8,"Aisle G, Shelf 11","High-quality logic analyzer standard 500 suitable for industrial and commercial use. Meets ISO standards. Compliant with EN, ISO 9001, and OSHA workplace standards. Includes manufacturer warranty and full technical documentation. Suitable for continuous industrial duty cycles and harsh environments."
PRD-000663,Projector Industrial 250,Office Supplies,475.51,50,150,MSC Industrial,SP-232220,42.11,"Aisle A, Shelf 9","High-quality projector industrial 250 suitable for industrial and commercial use. Meets ISO standards. Compliant with EN, ISO 9001, and OSHA workplace standards. Includes manufacturer warranty and full technical documentation. Suitable for continuous industrial duty cycles and harsh environments."
PRD-000664,LED Panel Light Compact 75,Lighting,1435.71,100,400,RS Components,SP-414641,63.98,"Aisle A, Shelf 6","High-quality led panel light compact 75 suitable for industrial and commercial use. Meets ISO standards. Compliant with EN, ISO 9001, and OSHA workplace standards. Includes manufacturer warranty and full technical documentation. Suitable for continuous industrial duty cycles and harsh environments."
PRD-000665,Spill Kit XL 150,Cleaning,2106.0,25,125,Allied Electronics,SP-864734,10.72,"Aisle E, Shelf 19","High-quality spill kit xl 150 suitable for industrial and commercial use. Meets ISO standards. Compliant with EN, ISO 9001, and OSHA workplace standards. Includes manufacturer warranty and full technical documentation. Suitable for continuous industrial duty cycles and harsh environments."
PRD-000666,Cordless Drill XL 120,Tools,1761.8,10,30,DeWalt Tools,SP-277928,9.58,"Aisle F, Shelf 14","High-quality cordless drill xl 120 suitable for industrial and commercial use. Meets ISO standards. Compliant with EN, ISO 9001, and OSHA workplace standards. Includes manufacturer warranty and full technical documentation. Suitable for continuous industrial duty cycles and harsh environments."
PRD-000667,Oil Filter Ultra 180,Automotive,1978.71,10,20,ABB Ltd,SP-628529,29.99,"Aisle E, Shelf 7","High-quality oil filter ultra 180 suitable for industrial and commercial use. Meets ISO standards. Compliant with EN, ISO 9001, and OSHA workplace standards. Includes manufacturer warranty and full technical documentation. Suitable for continuous industrial duty cycles and harsh environments."
PRD-000668,Drawer Cabinet Elite 100,Storage,1048.19,25,100,Honeywell Inc,SP-692694,5.03,"Aisle B, Shelf 4","High-quality drawer cabinet elite 100 suitable for industrial and commercial use. Meets ISO standards. Compliant with EN, ISO 9001, and OSHA workplace standards. Includes manufacturer warranty and full technical documentation. Suitable for continuous industrial duty cycles and harsh environments."
PRD-000669,High-Vis Vest Max 1000,Safety Equipment,1563.17,15,60,Stanley Black & Decker,SP-109178,13.42,"Aisle B, Shelf 4","High-quality high-vis vest max 1000 suitable for industrial and commercial use. Meets ISO standards. Compliant with EN, ISO 9001, and OSHA workplace standards. Includes manufacturer warranty and full technical documentation. Suitable for continuous industrial duty cycles and harsh environments."
PRD-000670,Foam Sheet Pack Plus 120,Packaging,416.36,100,500,RS Components,SP-194405,16.85,"Aisle A, Shelf 3","High-quality foam sheet pack plus 120 suitable for industrial and commercial use. Meets ISO standards. Compliant with EN, ISO 9001, and OSHA workplace standards. Includes manufacturer warranty and full technical documentation. Suitable for continuous industrial duty cycles and harsh environments."
PRD-000671,Projector Heavy-Duty 300,Office Supplies,190.07,50,200,Mouser Electronics,SP-114156,8.35,"Aisle A, Shelf 5","High-quality projector heavy-duty 300 suitable for industrial and commercial use. Meets ISO standards. Compliant with EN, ISO 9001, and OSHA workplace standards. Includes manufacturer warranty and full technical documentation. Suitable for continuous industrial duty cycles and harsh environments."
PRD-000672,High Bay Light Plus 180,Lighting,2031.78,20,80,Stanley Black & Decker,SP-987296,41.34,"Aisle C, Shelf 9","High-quality high bay light plus 180 suitable for industrial and commercial use. Meets ISO standards. Compliant with EN, ISO 9001, and OSHA workplace standards. Includes manufacturer warranty and full technical documentation. Suitable for continuous industrial duty cycles and harsh environments."
PRD-000673,Hard Hat Elite 250,Safety Equipment,1314.45,25,50,Stanley Black & Decker,SP-581820,59.45,"Aisle E, Shelf 20","High-quality hard hat elite 250 suitable for industrial and commercial use. Meets ISO standards. Compliant with EN, ISO 9001, and OSHA workplace standards. Includes manufacturer warranty and full technical documentation. Suitable for continuous industrial duty cycles and harsh environments."
PRD-000674,Safety Goggles Industrial 1000,Safety Equipment,2157.88,100,300,ABB Ltd,SP-353359,48.68,"Aisle D, Shelf 8","High-quality safety goggles industrial 1000 suitable for industrial and commercial use. Meets ISO standards. Compliant with EN, ISO 9001, and OSHA workplace standards. Includes manufacturer warranty and full technical documentation. Suitable for continuous industrial duty cycles and harsh environments."
PRD-000675,High Bay Light Premium 250,Lighting,1422.96,20,100,MSC Industrial,SP-823853,48.8,"Aisle A, Shelf 20","High-quality high bay light premium 250 suitable for industrial and commercial use. Meets ISO standards. Compliant with EN, ISO 9001, and OSHA workplace standards. Includes manufacturer warranty and full technical documentation. Suitable for continuous industrial duty cycles and harsh environments."
PRD-000676,Brush Set Basic 1000,Paint & Coating,903.73,100,300,Grainger Inc,SP-859136,83.61,"Aisle G, Shelf 16","High-quality brush set basic 1000 suitable for industrial and commercial use. Meets ISO standards. Compliant with EN, ISO 9001, and OSHA workplace standards. Includes manufacturer warranty and full technical documentation. Suitable for continuous industrial duty cycles and harsh environments."
PRD-000677,Whiteboard Mini 75,Office Supplies,706.14,5,10,DeWalt Tools,SP-437145,26.51,"Aisle E, Shelf 12","High-quality whiteboard mini 75 suitable for industrial and commercial use. Meets ISO standards. Compliant with EN, ISO 9001, and OSHA workplace standards. Includes manufacturer warranty and full technical documentation. Suitable for continuous industrial duty cycles and harsh environments."
PRD-000678,Air Compressor Elite 500,HVAC,2338.87,100,300,Mouser Electronics,SP-108954,51.18,"Aisle B, Shelf 1","High-quality air compressor elite 500 suitable for industrial and commercial use. Meets ISO standards. Compliant with EN, ISO 9001, and OSHA workplace standards. Includes manufacturer warranty and full technical documentation. Suitable for continuous industrial duty cycles and harsh environments."
PRD-000679,Bin Organizer Plus 180,Storage,1851.0,50,200,Bosch GmbH,SP-501195,0.29,"Aisle E, Shelf 11","High-quality bin organizer plus 180 suitable for industrial and commercial use. Meets ISO standards. Compliant with EN, ISO 9001, and OSHA workplace standards. Includes manufacturer warranty and full technical documentation. Suitable for continuous industrial duty cycles and harsh environments."
PRD-000680,Planer Premium 50,Tools,657.03,10,50,Mouser Electronics,SP-600385,79.69,"Aisle G, Shelf 6","High-quality planer premium 50 suitable for industrial and commercial use. Meets ISO standards. Compliant with EN, ISO 9001, and OSHA workplace standards. Includes manufacturer warranty and full technical documentation. Suitable for continuous industrial duty cycles and harsh environments."
PRD-000681,Soldering Station Standard 400,Electronics,836.82,25,100,Schneider Electric,SP-809362,59.31,"Aisle H, Shelf 20","High-quality soldering station standard 400 suitable for industrial and commercial use. Meets ISO standards. Compliant with EN, ISO 9001, and OSHA workplace standards. Includes manufacturer warranty and full technical documentation. Suitable for continuous industrial duty cycles and harsh environments."
PRD-000682,Printer Paper Box XL 150,Office Supplies,831.47,15,30,Siemens AG,SP-571815,32.47,"Aisle A, Shelf 2","High-quality printer paper box xl 150 suitable for industrial and commercial use. Meets ISO standards. Compliant with EN, ISO 9001, and OSHA workplace standards. Includes manufacturer warranty and full technical documentation. Suitable for continuous industrial duty cycles and harsh environments."
PRD-000683,Tool Chest Heavy-Duty 300,Storage,300.11,100,400,Digi-Key Corp,SP-358874,69.66,"Aisle E, Shelf 19","High-quality tool chest heavy-duty 300 suitable for industrial and commercial use. Meets ISO standards. Compliant with EN, ISO 9001, and OSHA workplace standards. Includes manufacturer warranty and full technical documentation. Suitable for continuous industrial duty cycles and harsh environments."
PRD-000684,Spray Paint Can Max 200,Paint & Coating,2460.2,5,10,Hilti AG,SP-144799,28.9,"Aisle E, Shelf 17","High-quality spray paint can max 200 suitable for industrial and commercial use. Meets ISO standards. Compliant with EN, ISO 9001, and OSHA workplace standards. Includes manufacturer warranty and full technical documentation. Suitable for continuous industrial duty cycles and harsh environments."
PRD-000685,Diagnostic Scanner Heavy-Duty 1000,Automotive,65.67,5,15,3M Corporation,SP-873317,7.04,"Aisle B, Shelf 13","High-quality diagnostic scanner heavy-duty 1000 suitable for industrial and commercial use. Meets ISO standards. Compliant with EN, ISO 9001, and OSHA workplace standards. Includes manufacturer warranty and full technical documentation. Suitable for continuous industrial duty cycles and harsh environments."
PRD-000686,Gear Motor Standard 350,Industrial Parts,2259.09,100,400,Arrow Electronics,SP-845608,73.76,"Aisle F, Shelf 15","High-quality gear motor standard 350 suitable for industrial and commercial use. Meets ISO standards. Compliant with EN, ISO 9001, and OSHA workplace standards. Includes manufacturer warranty and full technical documentation. Suitable for continuous industrial duty cycles and harsh environments."
PRD-000687,Packing Tape Gun Ultra 350,Packaging,1452.8,15,60,Würth Group,SP-173157,66.35,"Aisle B, Shelf 13","High-quality packing tape gun ultra 350 suitable for industrial and commercial use. Meets ISO standards. Compliant with EN, ISO 9001, and OSHA workplace standards. Includes manufacturer warranty and full technical documentation. Suitable for continuous industrial duty cycles and harsh environments."
PRD-000688,Soldering Station Advanced 150,Electronics,1954.82,100,400,Schneider Electric,SP-322740,69.2,"Aisle G, Shelf 11","High-quality soldering station advanced 150 suitable for industrial and commercial use. Meets ISO standards. Compliant with EN, ISO 9001, and OSHA workplace standards. Includes manufacturer warranty and full technical documentation. Suitable for continuous industrial duty cycles and harsh environments."
PRD-000689,Logic Analyzer Mini 500,Electronics,205.91,10,20,Schneider Electric,SP-431800,73.23,"Aisle C, Shelf 19","High-quality logic analyzer mini 500 suitable for industrial and commercial use. Meets ISO standards. Compliant with EN, ISO 9001, and OSHA workplace standards. Includes manufacturer warranty and full technical documentation. Suitable for continuous industrial duty cycles and harsh environments."
PRD-000690,Safety Harness Compact 120,Safety Equipment,1001.91,25,125,Philips Industries,SP-897143,64.93,"Aisle E, Shelf 18","High-quality safety harness compact 120 suitable for industrial and commercial use. Meets ISO standards. Compliant with EN, ISO 9001, and OSHA workplace standards. Includes manufacturer warranty and full technical documentation. Suitable for continuous industrial duty cycles and harsh environments."
PRD-000691,Desk Organizer Standard 200,Office Supplies,313.25,20,40,Makita Corp,SP-506727,55.39,"Aisle H, Shelf 8","High-quality desk organizer standard 200 suitable for industrial and commercial use. Meets ISO standards. Compliant with EN, ISO 9001, and OSHA workplace standards. Includes manufacturer warranty and full technical documentation. Suitable for continuous industrial duty cycles and harsh environments."
PRD-000692,Tool Chest Pro 500,Storage,1728.23,100,500,Honeywell Inc,SP-274490,44.01,"Aisle E, Shelf 17","High-quality tool chest pro 500 suitable for industrial and commercial use. Meets ISO standards. Compliant with EN, ISO 9001, and OSHA workplace standards. Includes manufacturer warranty and full technical documentation. Suitable for continuous industrial duty cycles and harsh environments."
PRD-000693,Epoxy Kit Pro 180,Paint & Coating,666.77,50,100,Siemens AG,SP-136667,63.84,"Aisle D, Shelf 14","High-quality epoxy kit pro 180 suitable for industrial and commercial use. Meets ISO standards. Compliant with EN, ISO 9001, and OSHA workplace standards. Includes manufacturer warranty and full technical documentation. Suitable for continuous industrial duty cycles and harsh environments."
PRD-000694,Junction Box Premium 400,Electrical,436.98,15,75,MSC Industrial,SP-233784,11.32,"Aisle G, Shelf 20","High-quality junction box premium 400 suitable for industrial and commercial use. Meets ISO standards. Compliant with EN, ISO 9001, and OSHA workplace standards. Includes manufacturer warranty and full technical documentation. Suitable for continuous industrial duty cycles and harsh environments."
PRD-000695,Conduit Pack Commercial 150,Electrical,1644.25,50,250,MSC Industrial,SP-431926,26.2,"Aisle G, Shelf 20","High-quality conduit pack commercial 150 suitable for industrial and commercial use. Meets ISO standards. Compliant with EN, ISO 9001, and OSHA workplace standards. Includes manufacturer warranty and full technical documentation. Suitable for continuous industrial duty cycles and harsh environments."
PRD-000696,Coupling Advanced 75,Industrial Parts,971.74,100,300,DeWalt Tools,SP-113996,38.09,"Aisle G, Shelf 1","High-quality coupling advanced 75 suitable for industrial and commercial use. Meets ISO standards. Compliant with EN, ISO 9001, and OSHA workplace standards. Includes manufacturer warranty and full technical documentation. Suitable for continuous industrial duty cycles and harsh environments."
PRD-000697,Bubble Wrap Roll Advanced 350,Packaging,1526.77,100,200,DeWalt Tools,SP-138480,0.14,"Aisle B, Shelf 2","High-quality bubble wrap roll advanced 350 suitable for industrial and commercial use. Meets ISO standards. Compliant with EN, ISO 9001, and OSHA workplace standards. Includes manufacturer warranty and full technical documentation. Suitable for continuous industrial duty cycles and harsh environments."
PRD-000698,Heat Exchanger Standard 100,HVAC,2093.31,20,60,Arrow Electronics,SP-833003,58.81,"Aisle G, Shelf 8","High-quality heat exchanger standard 100 suitable for industrial and commercial use. Meets ISO standards. Compliant with EN, ISO 9001, and OSHA workplace standards. Includes manufacturer warranty and full technical documentation. Suitable for continuous industrial duty cycles and harsh environments."
PRD-000699,Foam Sheet Pack Plus 400,Packaging,2338.41,100,400,Schneider Electric,SP-508212,19.36,"Aisle H, Shelf 7","High-quality foam sheet pack plus 400 suitable for industrial and commercial use. Meets ISO standards. Compliant with EN, ISO 9001, and OSHA workplace standards. Includes manufacturer warranty and full technical documentation. Suitable for continuous industrial duty cycles and harsh environments."
PRD-000700,Floodlight Heavy-Duty 350,Lighting,1034.26,15,60,Hilti AG,SP-518771,80.55,"Aisle H, Shelf 19","High-quality floodlight heavy-duty 350 suitable for industrial and commercial use. Meets ISO standards. Compliant with EN, ISO 9001, and OSHA workplace standards. Includes manufacturer warranty and full technical documentation. Suitable for continuous industrial duty cycles and harsh environments."
PRD-000701,Logic Analyzer Heavy-Duty 350,Electronics,1679.85,100,400,3M Corporation,SP-703844,70.82,"Aisle G, Shelf 14","High-quality logic analyzer heavy-duty 350 suitable for industrial and commercial use. Meets ISO standards. Compliant with EN, ISO 9001, and OSHA workplace standards. Includes manufacturer warranty and full technical documentation. Suitable for continuous industrial duty cycles and harsh environments."
PRD-000702,Desk Lamp Premium 150,Lighting,1943.79,100,200,Schneider Electric,SP-116389,24.98,"Aisle D, Shelf 19","High-quality desk lamp premium 150 suitable for industrial and commercial use. Meets ISO standards. Compliant with EN, ISO 9001, and OSHA workplace standards. Includes manufacturer warranty and full technical documentation. Suitable for continuous industrial duty cycles and harsh environments."
PRD-000703,Primer Gallon Commercial 400,Paint & Coating,1278.28,10,30,DeWalt Tools,SP-484743,79.16,"Aisle B, Shelf 18","High-quality primer gallon commercial 400 suitable for industrial and commercial use. Meets ISO standards. Compliant with EN, ISO 9001, and OSHA workplace standards. Includes manufacturer warranty and full technical documentation. Suitable for continuous industrial duty cycles and harsh environments."
PRD-000704,Sealant Tube Mini 200,Paint & Coating,2422.64,50,100,Grainger Inc,SP-658442,61.58,"Aisle D, Shelf 10","High-quality sealant tube mini 200 suitable for industrial and commercial use. Meets ISO standards. Compliant with EN, ISO 9001, and OSHA workplace standards. Includes manufacturer warranty and full technical documentation. Suitable for continuous industrial duty cycles and harsh environments."
PRD-000705,Jack Stand Set Commercial 600,Automotive,1733.94,20,60,Grainger Inc,SP-894679,16.63,"Aisle G, Shelf 1","High-quality jack stand set commercial 600 suitable for industrial and commercial use. Meets ISO standards. Compliant with EN, ISO 9001, and OSHA workplace standards. Includes manufacturer warranty and full technical documentation. Suitable for continuous industrial duty cycles and harsh environments."
PRD-000706,Whiteboard Industrial 150,Office Supplies,2390.79,100,200,Digi-Key Corp,SP-816261,63.91,"Aisle D, Shelf 20","High-quality whiteboard industrial 150 suitable for industrial and commercial use. Meets ISO standards. Compliant with EN, ISO 9001, and OSHA workplace standards. Includes manufacturer warranty and full technical documentation. Suitable for continuous industrial duty cycles and harsh environments."
PRD-000707,Logic Analyzer XL 120,Electronics,1856.52,20,80,RS Components,SP-187138,15.32,"Aisle A, Shelf 14","High-quality logic analyzer xl 120 suitable for industrial and commercial use. Meets ISO standards. Compliant with EN, ISO 9001, and OSHA workplace standards. Includes manufacturer warranty and full technical documentation. Suitable for continuous industrial duty cycles and harsh environments."
PRD-000708,Anchor Kit Mini 300,Fasteners,1279.08,20,100,DeWalt Tools,SP-400046,5.05,"Aisle D, Shelf 13","High-quality anchor kit mini 300 suitable for industrial and commercial use. Meets ISO standards. Compliant with EN, ISO 9001, and OSHA workplace standards. Includes manufacturer warranty and full technical documentation. Suitable for continuous industrial duty cycles and harsh environments."
PRD-000709,Check Valve Max 500,Plumbing,355.25,5,20,Arrow Electronics,SP-768247,6.91,"Aisle E, Shelf 19","High-quality check valve max 500 suitable for industrial and commercial use. Meets ISO standards. Compliant with EN, ISO 9001, and OSHA workplace standards. Includes manufacturer warranty and full technical documentation. Suitable for continuous industrial duty cycles and harsh environments."
PRD-000710,Multimeter Commercial 50,Electronics,2423.29,50,250,Digi-Key Corp,SP-366034,46.64,"Aisle B, Shelf 15","High-quality multimeter commercial 50 suitable for industrial and commercial use. Meets ISO standards. Compliant with EN, ISO 9001, and OSHA workplace standards. Includes manufacturer warranty and full technical documentation. Suitable for continuous industrial duty cycles and harsh environments."
PRD-000711,Printer Paper Box Compact 120,Office Supplies,189.53,50,200,Allied Electronics,SP-119812,36.57,"Aisle H, Shelf 13","High-quality printer paper box compact 120 suitable for industrial and commercial use. Meets ISO standards. Compliant with EN, ISO 9001, and OSHA workplace standards. Includes manufacturer warranty and full technical documentation. Suitable for continuous industrial duty cycles and harsh environments."
PRD-000712,Safety Goggles Mini 150,Safety Equipment,126.49,100,300,Arrow Electronics,SP-173805,83.84,"Aisle E, Shelf 6","High-quality safety goggles mini 150 suitable for industrial and commercial use. Meets ISO standards. Compliant with EN, ISO 9001, and OSHA workplace standards. Includes manufacturer warranty and full technical documentation. Suitable for continuous industrial duty cycles and harsh environments."
PRD-000713,Spark Plug Pack Plus 400,Automotive,1759.04,50,250,Grainger Inc,SP-568790,69.0,"Aisle C, Shelf 16","High-quality spark plug pack plus 400 suitable for industrial and commercial use. Meets ISO standards. Compliant with EN, ISO 9001, and OSHA workplace standards. Includes manufacturer warranty and full technical documentation. Suitable for continuous industrial duty cycles and harsh environments."
PRD-000714,Soldering Station Pro 750,Electronics,174.01,5,20,Philips Industries,SP-564887,7.2,"Aisle A, Shelf 11","High-quality soldering station pro 750 suitable for industrial and commercial use. Meets ISO standards. Compliant with EN, ISO 9001, and OSHA workplace standards. Includes manufacturer warranty and full technical documentation. Suitable for continuous industrial duty cycles and harsh environments."
PRD-000715,Toner Cartridge Ultra 1000,Office Supplies,412.17,10,40,3M Corporation,SP-407301,44.01,"Aisle E, Shelf 2","High-quality toner cartridge ultra 1000 suitable for industrial and commercial use. Meets ISO standards. Compliant with EN, ISO 9001, and OSHA workplace standards. Includes manufacturer warranty and full technical documentation. Suitable for continuous industrial duty cycles and harsh environments."
PRD-000716,Epoxy Kit Advanced 180,Paint & Coating,1763.72,100,200,Schneider Electric,SP-843100,1.48,"Aisle G, Shelf 20","High-quality epoxy kit advanced 180 suitable for industrial and commercial use. Meets ISO standards. Compliant with EN, ISO 9001, and OSHA workplace standards. Includes manufacturer warranty and full technical documentation. Suitable for continuous industrial duty cycles and harsh environments."
PRD-000717,First Aid Kit Compact 400,Safety Equipment,1178.13,100,400,MSC Industrial,SP-499128,26.68,"Aisle C, Shelf 17","High-quality first aid kit compact 400 suitable for industrial and commercial use. Meets ISO standards. Compliant with EN, ISO 9001, and OSHA workplace standards. Includes manufacturer warranty and full technical documentation. Suitable for continuous industrial duty cycles and harsh environments."
PRD-000718,Circuit Breaker Max 200,Electrical,2098.42,25,75,Mouser Electronics,SP-572319,74.74,"Aisle D, Shelf 9","High-quality circuit breaker max 200 suitable for industrial and commercial use. Meets ISO standards. Compliant with EN, ISO 9001, and OSHA workplace standards. Includes manufacturer warranty and full technical documentation. Suitable for continuous industrial duty cycles and harsh environments."
PRD-000719,Angle Grinder Ultra 750,Tools,298.46,10,40,Siemens AG,SP-806447,76.34,"Aisle E, Shelf 18","High-quality angle grinder ultra 750 suitable for industrial and commercial use. Meets ISO standards. Compliant with EN, ISO 9001, and OSHA workplace standards. Includes manufacturer warranty and full technical documentation. Suitable for continuous industrial duty cycles and harsh environments."
PRD-000720,Signal Generator Commercial 50,Electronics,859.65,5,20,3M Corporation,SP-487311,4.24,"Aisle B, Shelf 8","High-quality signal generator commercial 50 suitable for industrial and commercial use. Meets ISO standards. Compliant with EN, ISO 9001, and OSHA workplace standards. Includes manufacturer warranty and full technical documentation. Suitable for continuous industrial duty cycles and harsh environments."
PRD-000721,Safety Harness Heavy-Duty 500,Safety Equipment,1373.56,10,50,Honeywell Inc,SP-839135,53.95,"Aisle D, Shelf 11","High-quality safety harness heavy-duty 500 suitable for industrial and commercial use. Meets ISO standards. Compliant with EN, ISO 9001, and OSHA workplace standards. Includes manufacturer warranty and full technical documentation. Suitable for continuous industrial duty cycles and harsh environments."
PRD-000722,Desk Organizer Industrial 75,Office Supplies,6.92,5,10,Bosch GmbH,SP-250078,30.38,"Aisle E, Shelf 9","High-quality desk organizer industrial 75 suitable for industrial and commercial use. Meets ISO standards. Compliant with EN, ISO 9001, and OSHA workplace standards. Includes manufacturer warranty and full technical documentation. Suitable for continuous industrial duty cycles and harsh environments."
PRD-000723,Nut Assortment Premium 150,Fasteners,2088.81,15,45,Makita Corp,SP-242850,78.14,"Aisle G, Shelf 20","High-quality nut assortment premium 150 suitable for industrial and commercial use. Meets ISO standards. Compliant with EN, ISO 9001, and OSHA workplace standards. Includes manufacturer warranty and full technical documentation. Suitable for continuous industrial duty cycles and harsh environments."
PRD-000724,Spill Kit Compact 600,Cleaning,592.02,100,500,Allied Electronics,SP-864638,53.74,"Aisle F, Shelf 7","High-quality spill kit compact 600 suitable for industrial and commercial use. Meets ISO standards. Compliant with EN, ISO 9001, and OSHA workplace standards. Includes manufacturer warranty and full technical documentation. Suitable for continuous industrial duty cycles and harsh environments."
PRD-000725,Printer Paper Box Compact 350,Office Supplies,534.12,15,30,DeWalt Tools,SP-535379,7.98,"Aisle B, Shelf 5","High-quality printer paper box compact 350 suitable for industrial and commercial use. Meets ISO standards. Compliant with EN, ISO 9001, and OSHA workplace standards. Includes manufacturer warranty and full technical documentation. Suitable for continuous industrial duty cycles and harsh environments."
PRD-000726,Fuse Kit Heavy-Duty 1000,Electrical,1576.99,10,50,RS Components,SP-971023,35.52,"Aisle A, Shelf 8","High-quality fuse kit heavy-duty 1000 suitable for industrial and commercial use. Meets ISO standards. Compliant with EN, ISO 9001, and OSHA workplace standards. Includes manufacturer warranty and full technical documentation. Suitable for continuous industrial duty cycles and harsh environments."
PRD-000727,Gear Motor Mini 400,Industrial Parts,1891.67,5,20,Schneider Electric,SP-317154,27.16,"Aisle H, Shelf 2","High-quality gear motor mini 400 suitable for industrial and commercial use. Meets ISO standards. Compliant with EN, ISO 9001, and OSHA workplace standards. Includes manufacturer warranty and full technical documentation. Suitable for continuous industrial duty cycles and harsh environments."
PRD-000728,Pallet Wrap Mini 120,Packaging,2264.74,50,200,Hilti AG,SP-132283,41.77,"Aisle F, Shelf 1","High-quality pallet wrap mini 120 suitable for industrial and commercial use. Meets ISO standards. Compliant with EN, ISO 9001, and OSHA workplace standards. Includes manufacturer warranty and full technical documentation. Suitable for continuous industrial duty cycles and harsh environments."
PRD-000729,Tire Inflator Basic 180,Automotive,673.89,20,40,Allied Electronics,SP-849486,56.7,"Aisle F, Shelf 4","High-quality tire inflator basic 180 suitable for industrial and commercial use. Meets ISO standards. Compliant with EN, ISO 9001, and OSHA workplace standards. Includes manufacturer warranty and full technical documentation. Suitable for continuous industrial duty cycles and harsh environments."
PRD-000730,Pallet Wrap Mini 400,Packaging,1193.84,10,40,Arrow Electronics,SP-190396,17.51,"Aisle E, Shelf 5","High-quality pallet wrap mini 400 suitable for industrial and commercial use. Meets ISO standards. Compliant with EN, ISO 9001, and OSHA workplace standards. Includes manufacturer warranty and full technical documentation. Suitable for continuous industrial duty cycles and harsh environments."
PRD-000731,Flow Meter Ultra 150,Plumbing,1606.55,5,20,DeWalt Tools,SP-699114,14.89,"Aisle C, Shelf 6","High-quality flow meter ultra 150 suitable for industrial and commercial use. Meets ISO standards. Compliant with EN, ISO 9001, and OSHA workplace standards. Includes manufacturer warranty and full technical documentation. Suitable for continuous industrial duty cycles and harsh environments."
PRD-000732,Oscilloscope Premium 180,Electronics,990.15,15,75,MSC Industrial,SP-881001,18.0,"Aisle E, Shelf 3","High-quality oscilloscope premium 180 suitable for industrial and commercial use. Meets ISO standards. Compliant with EN, ISO 9001, and OSHA workplace standards. Includes manufacturer warranty and full technical documentation. Suitable for continuous industrial duty cycles and harsh environments."
PRD-000733,Washer Set Max 100,Fasteners,2383.02,15,60,Allied Electronics,SP-367725,25.46,"Aisle H, Shelf 17","High-quality washer set max 100 suitable for industrial and commercial use. Meets ISO standards. Compliant with EN, ISO 9001, and OSHA workplace standards. Includes manufacturer warranty and full technical documentation. Suitable for continuous industrial duty cycles and harsh environments."
PRD-000734,Stretch Wrap Roll Ultra 500,Packaging,534.6,25,125,Mouser Electronics,SP-473948,0.65,"Aisle C, Shelf 3","High-quality stretch wrap roll ultra 500 suitable for industrial and commercial use. Meets ISO standards. Compliant with EN, ISO 9001, and OSHA workplace standards. Includes manufacturer warranty and full technical documentation. Suitable for continuous industrial duty cycles and harsh environments."
PRD-000735,Jack Stand Set Advanced 150,Automotive,1250.02,100,500,RS Components,SP-996905,80.03,"Aisle D, Shelf 13","High-quality jack stand set advanced 150 suitable for industrial and commercial use. Meets ISO standards. Compliant with EN, ISO 9001, and OSHA workplace standards. Includes manufacturer warranty and full technical documentation. Suitable for continuous industrial duty cycles and harsh environments."
PRD-000736,Hydraulic Cylinder Max 150,Industrial Parts,1329.58,50,200,Mouser Electronics,SP-577688,27.37,"Aisle B, Shelf 2","High-quality hydraulic cylinder max 150 suitable for industrial and commercial use. Meets ISO standards. Compliant with EN, ISO 9001, and OSHA workplace standards. Includes manufacturer warranty and full technical documentation. Suitable for continuous industrial duty cycles and harsh environments."
PRD-000737,Refrigerant Kit Basic 600,HVAC,2251.96,10,50,3M Corporation,SP-418285,5.27,"Aisle H, Shelf 12","High-quality refrigerant kit basic 600 suitable for industrial and commercial use. Meets ISO standards. Compliant with EN, ISO 9001, and OSHA workplace standards. Includes manufacturer warranty and full technical documentation. Suitable for continuous industrial duty cycles and harsh environments."
PRD-000738,Pipe Fitting Set Elite 600,Plumbing,818.85,5,25,Stanley Black & Decker,SP-426416,67.67,"Aisle A, Shelf 17","High-quality pipe fitting set elite 600 suitable for industrial and commercial use. Meets ISO standards. Compliant with EN, ISO 9001, and OSHA workplace standards. Includes manufacturer warranty and full technical documentation. Suitable for continuous industrial duty cycles and harsh environments."
PRD-000739,Diagnostic Scanner Elite 120,Automotive,996.36,100,300,ABB Ltd,SP-768914,41.92,"Aisle B, Shelf 3","High-quality diagnostic scanner elite 120 suitable for industrial and commercial use. Meets ISO standards. Compliant with EN, ISO 9001, and OSHA workplace standards. Includes manufacturer warranty and full technical documentation. Suitable for continuous industrial duty cycles and harsh environments."
PRD-000740,Storage Cabinet Compact 100,Storage,1642.49,25,125,Honeywell Inc,SP-196719,31.1,"Aisle H, Shelf 4","High-quality storage cabinet compact 100 suitable for industrial and commercial use. Meets ISO standards. Compliant with EN, ISO 9001, and OSHA workplace standards. Includes manufacturer warranty and full technical documentation. Suitable for continuous industrial duty cycles and harsh environments."
PRD-000741,Sealant Tube Advanced 350,Paint & Coating,365.77,10,40,Philips Industries,SP-999388,11.57,"Aisle F, Shelf 6","High-quality sealant tube advanced 350 suitable for industrial and commercial use. Meets ISO standards. Compliant with EN, ISO 9001, and OSHA workplace standards. Includes manufacturer warranty and full technical documentation. Suitable for continuous industrial duty cycles and harsh environments."
PRD-000742,Creeper Advanced 350,Automotive,1378.13,50,150,Allied Electronics,SP-452221,13.98,"Aisle D, Shelf 6","High-quality creeper advanced 350 suitable for industrial and commercial use. Meets ISO standards. Compliant with EN, ISO 9001, and OSHA workplace standards. Includes manufacturer warranty and full technical documentation. Suitable for continuous industrial duty cycles and harsh environments."
PRD-000743,Shredder Ultra 180,Office Supplies,459.13,15,30,Schneider Electric,SP-121823,36.35,"Aisle F, Shelf 8","High-quality shredder ultra 180 suitable for industrial and commercial use. Meets ISO standards. Compliant with EN, ISO 9001, and OSHA workplace standards. Includes manufacturer warranty and full technical documentation. Suitable for continuous industrial duty cycles and harsh environments."
PRD-000744,High Bay Light Max 300,Lighting,2325.88,15,60,Digi-Key Corp,SP-315405,40.27,"Aisle H, Shelf 8","High-quality high bay light max 300 suitable for industrial and commercial use. Meets ISO standards. Compliant with EN, ISO 9001, and OSHA workplace standards. Includes manufacturer warranty and full technical documentation. Suitable for continuous industrial duty cycles and harsh environments."
PRD-000745,Pipe Fitting Set Heavy-Duty 1000,Plumbing,1582.13,5,10,Honeywell Inc,SP-812518,58.41,"Aisle H, Shelf 7","High-quality pipe fitting set heavy-duty 1000 suitable for industrial and commercial use. Meets ISO standards. Compliant with EN, ISO 9001, and OSHA workplace standards. Includes manufacturer warranty and full technical documentation. Suitable for continuous industrial duty cycles and harsh environments."
PRD-000746,Battery Charger Heavy-Duty 600,Automotive,1720.71,100,400,3M Corporation,SP-437841,19.92,"Aisle C, Shelf 20","High-quality battery charger heavy-duty 600 suitable for industrial and commercial use. Meets ISO standards. Compliant with EN, ISO 9001, and OSHA workplace standards. Includes manufacturer warranty and full technical documentation. Suitable for continuous industrial duty cycles and harsh environments."
PRD-000747,Terminal Block Compact 100,Electrical,588.5,50,200,MSC Industrial,SP-357474,13.58,"Aisle C, Shelf 11","High-quality terminal block compact 100 suitable for industrial and commercial use. Meets ISO standards. Compliant with EN, ISO 9001, and OSHA workplace standards. Includes manufacturer warranty and full technical documentation. Suitable for continuous industrial duty cycles and harsh environments."
PRD-000748,Battery Charger Plus 600,Automotive,1026.72,25,75,Honeywell Inc,SP-702824,18.26,"Aisle G, Shelf 13","High-quality battery charger plus 600 suitable for industrial and commercial use. Meets ISO standards. Compliant with EN, ISO 9001, and OSHA workplace standards. Includes manufacturer warranty and full technical documentation. Suitable for continuous industrial duty cycles and harsh environments."
PRD-000749,Wire Shelving Elite 600,Storage,2288.09,10,30,Bosch GmbH,SP-222816,4.48,"Aisle D, Shelf 17","High-quality wire shelving elite 600 suitable for industrial and commercial use. Meets ISO standards. Compliant with EN, ISO 9001, and OSHA workplace standards. Includes manufacturer warranty and full technical documentation. Suitable for continuous industrial duty cycles and harsh environments."
PRD-000750,Emergency Light Compact 250,Lighting,1731.52,50,250,DeWalt Tools,SP-185107,40.89,"Aisle A, Shelf 14","High-quality emergency light compact 250 suitable for industrial and commercial use. Meets ISO standards. Compliant with EN, ISO 9001, and OSHA workplace standards. Includes manufacturer warranty and full technical documentation. Suitable for continuous industrial duty cycles and harsh environments."
PRD-000751,Locker Unit XL 200,Storage,2046.5,5,20,Honeywell Inc,SP-467086,67.07,"Aisle G, Shelf 17","High-quality locker unit xl 200 suitable for industrial and commercial use. Meets ISO standards. Compliant with EN, ISO 9001, and OSHA workplace standards. Includes manufacturer warranty and full technical documentation. Suitable for continuous industrial duty cycles and harsh environments."
PRD-000752,Whiteboard Plus 250,Office Supplies,2369.63,5,10,Makita Corp,SP-215630,19.06,"Aisle G, Shelf 11","High-quality whiteboard plus 250 suitable for industrial and commercial use. Meets ISO standards. Compliant with EN, ISO 9001, and OSHA workplace standards. Includes manufacturer warranty and full technical documentation. Suitable for continuous industrial duty cycles and harsh environments."
PRD-000753,Junction Box Premium 50,Electrical,2093.14,25,100,Stanley Black & Decker,SP-580127,23.54,"Aisle A, Shelf 19","High-quality junction box premium 50 suitable for industrial and commercial use. Meets ISO standards. Compliant with EN, ISO 9001, and OSHA workplace standards. Includes manufacturer warranty and full technical documentation. Suitable for continuous industrial duty cycles and harsh environments."
PRD-000754,Rust Converter Basic 120,Paint & Coating,2345.66,100,200,Stanley Black & Decker,SP-544720,1.64,"Aisle B, Shelf 5","High-quality rust converter basic 120 suitable for industrial and commercial use. Meets ISO standards. Compliant with EN, ISO 9001, and OSHA workplace standards. Includes manufacturer warranty and full technical documentation. Suitable for continuous industrial duty cycles and harsh environments."
PRD-000755,Rust Converter Premium 100,Paint & Coating,1330.18,5,15,Digi-Key Corp,SP-619448,40.09,"Aisle H, Shelf 16","High-quality rust converter premium 100 suitable for industrial and commercial use. Meets ISO standards. Compliant with EN, ISO 9001, and OSHA workplace standards. Includes manufacturer warranty and full technical documentation. Suitable for continuous industrial duty cycles and harsh environments."
PRD-000756,Check Valve Plus 250,Plumbing,675.0,50,100,Würth Group,SP-426871,57.63,"Aisle B, Shelf 20","High-quality check valve plus 250 suitable for industrial and commercial use. Meets ISO standards. Compliant with EN, ISO 9001, and OSHA workplace standards. Includes manufacturer warranty and full technical documentation. Suitable for continuous industrial duty cycles and harsh environments."
PRD-000757,Projector Industrial 350,Office Supplies,1512.54,50,100,Bosch GmbH,SP-571904,3.06,"Aisle A, Shelf 12","High-quality projector industrial 350 suitable for industrial and commercial use. Meets ISO standards. Compliant with EN, ISO 9001, and OSHA workplace standards. Includes manufacturer warranty and full technical documentation. Suitable for continuous industrial duty cycles and harsh environments."
PRD-000758,Terminal Block XL 200,Electrical,1442.5,100,400,Digi-Key Corp,SP-843219,8.58,"Aisle H, Shelf 15","High-quality terminal block xl 200 suitable for industrial and commercial use. Meets ISO standards. Compliant with EN, ISO 9001, and OSHA workplace standards. Includes manufacturer warranty and full technical documentation. Suitable for continuous industrial duty cycles and harsh environments."
PRD-000759,Pneumatic Valve Elite 350,Industrial Parts,2163.4,100,300,Schneider Electric,SP-183004,2.21,"Aisle E, Shelf 15","High-quality pneumatic valve elite 350 suitable for industrial and commercial use. Meets ISO standards. Compliant with EN, ISO 9001, and OSHA workplace standards. Includes manufacturer warranty and full technical documentation. Suitable for continuous industrial duty cycles and harsh environments."
PRD-000760,Safety Goggles Mini 180,Safety Equipment,1905.82,50,200,Grainger Inc,SP-339364,26.51,"Aisle G, Shelf 14","High-quality safety goggles mini 180 suitable for industrial and commercial use. Meets ISO standards. Compliant with EN, ISO 9001, and OSHA workplace standards. Includes manufacturer warranty and full technical documentation. Suitable for continuous industrial duty cycles and harsh environments."
PRD-000761,Safety Goggles Elite 250,Safety Equipment,77.82,20,100,Siemens AG,SP-584753,37.3,"Aisle C, Shelf 2","High-quality safety goggles elite 250 suitable for industrial and commercial use. Meets ISO standards. Compliant with EN, ISO 9001, and OSHA workplace standards. Includes manufacturer warranty and full technical documentation. Suitable for continuous industrial duty cycles and harsh environments."
PRD-000762,Cardboard Box Set Pro 500,Packaging,195.73,15,75,Digi-Key Corp,SP-429217,24.58,"Aisle G, Shelf 12","High-quality cardboard box set pro 500 suitable for industrial and commercial use. Meets ISO standards. Compliant with EN, ISO 9001, and OSHA workplace standards. Includes manufacturer warranty and full technical documentation. Suitable for continuous industrial duty cycles and harsh environments."
PRD-000763,Tire Inflator Basic 200,Automotive,232.55,25,50,DeWalt Tools,SP-777136,62.02,"Aisle B, Shelf 3","High-quality tire inflator basic 200 suitable for industrial and commercial use. Meets ISO standards. Compliant with EN, ISO 9001, and OSHA workplace standards. Includes manufacturer warranty and full technical documentation. Suitable for continuous industrial duty cycles and harsh environments."
PRD-000764,Pipe Cutter Ultra 600,Plumbing,1750.18,50,150,Hilti AG,SP-623567,66.58,"Aisle F, Shelf 19","High-quality pipe cutter ultra 600 suitable for industrial and commercial use. Meets ISO standards. Compliant with EN, ISO 9001, and OSHA workplace standards. Includes manufacturer warranty and full technical documentation. Suitable for continuous industrial duty cycles and harsh environments."
PRD-000765,Router Pro 120,Tools,535.76,5,10,Hilti AG,SP-540103,79.54,"Aisle A, Shelf 15","High-quality router pro 120 suitable for industrial and commercial use. Meets ISO standards. Compliant with EN, ISO 9001, and OSHA workplace standards. Includes manufacturer warranty and full technical documentation. Suitable for continuous industrial duty cycles and harsh environments."
PRD-000766,Tire Inflator Commercial 600,Automotive,2390.74,5,10,RS Components,SP-405202,26.6,"Aisle E, Shelf 6","High-quality tire inflator commercial 600 suitable for industrial and commercial use. Meets ISO standards. Compliant with EN, ISO 9001, and OSHA workplace standards. Includes manufacturer warranty and full technical documentation. Suitable for continuous industrial duty cycles and harsh environments."
PRD-000767,Pipe Fitting Set Elite 200,Plumbing,860.23,25,75,Stanley Black & Decker,SP-925713,31.66,"Aisle H, Shelf 20","High-quality pipe fitting set elite 200 suitable for industrial and commercial use. Meets ISO standards. Compliant with EN, ISO 9001, and OSHA workplace standards. Includes manufacturer warranty and full technical documentation. Suitable for continuous industrial duty cycles and harsh environments."
PRD-000768,Steam Cleaner Plus 600,Cleaning,544.21,20,80,DeWalt Tools,SP-374765,13.37,"Aisle H, Shelf 4","High-quality steam cleaner plus 600 suitable for industrial and commercial use. Meets ISO standards. Compliant with EN, ISO 9001, and OSHA workplace standards. Includes manufacturer warranty and full technical documentation. Suitable for continuous industrial duty cycles and harsh environments."
PRD-000769,Filing Cabinet Pro 150,Office Supplies,427.39,25,75,Allied Electronics,SP-532559,81.85,"Aisle B, Shelf 17","High-quality filing cabinet pro 150 suitable for industrial and commercial use. Meets ISO standards. Compliant with EN, ISO 9001, and OSHA workplace standards. Includes manufacturer warranty and full technical documentation. Suitable for continuous industrial duty cycles and harsh environments."
PRD-000770,Motion Sensor Light Heavy-Duty 1000,Lighting,1000.09,15,60,MSC Industrial,SP-488266,23.28,"Aisle F, Shelf 15","High-quality motion sensor light heavy-duty 1000 suitable for industrial and commercial use. Meets ISO standards. Compliant with EN, ISO 9001, and OSHA workplace standards. Includes manufacturer warranty and full technical documentation. Suitable for continuous industrial duty cycles and harsh environments."
PRD-000771,V-Belt Premium 400,Industrial Parts,546.61,10,40,MSC Industrial,SP-604150,12.14,"Aisle E, Shelf 17","High-quality v-belt premium 400 suitable for industrial and commercial use. Meets ISO standards. Compliant with EN, ISO 9001, and OSHA workplace standards. Includes manufacturer warranty and full technical documentation. Suitable for continuous industrial duty cycles and harsh environments."
PRD-000772,Thermostat Max 400,HVAC,1184.67,50,100,Mouser Electronics,SP-805382,12.79,"Aisle G, Shelf 16","High-quality thermostat max 400 suitable for industrial and commercial use. Meets ISO standards. Compliant with EN, ISO 9001, and OSHA workplace standards. Includes manufacturer warranty and full technical documentation. Suitable for continuous industrial duty cycles and harsh environments."
PRD-000773,Portable Work Light Compact 300,Lighting,2126.62,15,30,Digi-Key Corp,SP-785349,68.07,"Aisle A, Shelf 14","High-quality portable work light compact 300 suitable for industrial and commercial use. Meets ISO standards. Compliant with EN, ISO 9001, and OSHA workplace standards. Includes manufacturer warranty and full technical documentation. Suitable for continuous industrial duty cycles and harsh environments."
PRD-000774,Shrink Wrap System Industrial 180,Packaging,553.13,10,50,MSC Industrial,SP-642641,14.35,"Aisle F, Shelf 10","High-quality shrink wrap system industrial 180 suitable for industrial and commercial use. Meets ISO standards. Compliant with EN, ISO 9001, and OSHA workplace standards. Includes manufacturer warranty and full technical documentation. Suitable for continuous industrial duty cycles and harsh environments."
PRD-000775,Clip Assortment Commercial 500,Fasteners,193.68,100,400,Würth Group,SP-561721,69.94,"Aisle H, Shelf 9","High-quality clip assortment commercial 500 suitable for industrial and commercial use. Meets ISO standards. Compliant with EN, ISO 9001, and OSHA workplace standards. Includes manufacturer warranty and full technical documentation. Suitable for continuous industrial duty cycles and harsh environments."
PRD-000776,High Bay Light Standard 600,Lighting,1325.36,25,125,Mouser Electronics,SP-595938,76.26,"Aisle F, Shelf 18","High-quality high bay light standard 600 suitable for industrial and commercial use. Meets ISO standards. Compliant with EN, ISO 9001, and OSHA workplace standards. Includes manufacturer warranty and full technical documentation. Suitable for continuous industrial duty cycles and harsh environments."
PRD-000777,Spark Plug Pack Commercial 75,Automotive,2465.26,10,50,Hilti AG,SP-411012,45.37,"Aisle B, Shelf 12","High-quality spark plug pack commercial 75 suitable for industrial and commercial use. Meets ISO standards. Compliant with EN, ISO 9001, and OSHA workplace standards. Includes manufacturer warranty and full technical documentation. Suitable for continuous industrial duty cycles and harsh environments."
PRD-000778,Pallet Rack Premium 200,Storage,1711.26,5,25,Fastenal Company,SP-654668,57.59,"Aisle F, Shelf 17","High-quality pallet rack premium 200 suitable for industrial and commercial use. Meets ISO standards. Compliant with EN, ISO 9001, and OSHA workplace standards. Includes manufacturer warranty and full technical documentation. Suitable for continuous industrial duty cycles and harsh environments."
PRD-000779,Tire Inflator Heavy-Duty 250,Automotive,2455.55,20,60,Schneider Electric,SP-896276,11.06,"Aisle B, Shelf 6","High-quality tire inflator heavy-duty 250 suitable for industrial and commercial use. Meets ISO standards. Compliant with EN, ISO 9001, and OSHA workplace standards. Includes manufacturer warranty and full technical documentation. Suitable for continuous industrial duty cycles and harsh environments."
PRD-000780,Sealant Tube Commercial 500,Paint & Coating,457.59,50,250,RS Components,SP-993548,40.6,"Aisle B, Shelf 5","High-quality sealant tube commercial 500 suitable for industrial and commercial use. Meets ISO standards. Compliant with EN, ISO 9001, and OSHA workplace standards. Includes manufacturer warranty and full technical documentation. Suitable for continuous industrial duty cycles and harsh environments."
PRD-000781,Spill Kit Elite 350,Cleaning,1558.26,10,50,DeWalt Tools,SP-852603,69.29,"Aisle G, Shelf 14","High-quality spill kit elite 350 suitable for industrial and commercial use. Meets ISO standards. Compliant with EN, ISO 9001, and OSHA workplace standards. Includes manufacturer warranty and full technical documentation. Suitable for continuous industrial duty cycles and harsh environments."
PRD-000782,Pallet Rack Compact 50,Storage,1974.97,20,60,DeWalt Tools,SP-630717,44.23,"Aisle E, Shelf 6","High-quality pallet rack compact 50 suitable for industrial and commercial use. Meets ISO standards. Compliant with EN, ISO 9001, and OSHA workplace standards. Includes manufacturer warranty and full technical documentation. Suitable for continuous industrial duty cycles and harsh environments."
PRD-000783,Desk Organizer Commercial 300,Office Supplies,712.3,50,200,Hilti AG,SP-419479,19.43,"Aisle H, Shelf 14","High-quality desk organizer commercial 300 suitable for industrial and commercial use. Meets ISO standards. Compliant with EN, ISO 9001, and OSHA workplace standards. Includes manufacturer warranty and full technical documentation. Suitable for continuous industrial duty cycles and harsh environments."
PRD-000784,High Bay Light Compact 500,Lighting,480.55,50,100,Würth Group,SP-452062,58.45,"Aisle D, Shelf 19","High-quality high bay light compact 500 suitable for industrial and commercial use. Meets ISO standards. Compliant with EN, ISO 9001, and OSHA workplace standards. Includes manufacturer warranty and full technical documentation. Suitable for continuous industrial duty cycles and harsh environments."
PRD-000785,Mop System Plus 400,Cleaning,1946.05,100,300,MSC Industrial,SP-862546,51.44,"Aisle H, Shelf 14","High-quality mop system plus 400 suitable for industrial and commercial use. Meets ISO standards. Compliant with EN, ISO 9001, and OSHA workplace standards. Includes manufacturer warranty and full technical documentation. Suitable for continuous industrial duty cycles and harsh environments."
PRD-000786,Floodlight Commercial 50,Lighting,2103.46,50,250,ABB Ltd,SP-970601,66.92,"Aisle G, Shelf 9","High-quality floodlight commercial 50 suitable for industrial and commercial use. Meets ISO standards. Compliant with EN, ISO 9001, and OSHA workplace standards. Includes manufacturer warranty and full technical documentation. Suitable for continuous industrial duty cycles and harsh environments."
PRD-000787,Ventilation Fan Mini 75,HVAC,1330.6,100,300,DeWalt Tools,SP-720849,33.04,"Aisle D, Shelf 5","High-quality ventilation fan mini 75 suitable for industrial and commercial use. Meets ISO standards. Compliant with EN, ISO 9001, and OSHA workplace standards. Includes manufacturer warranty and full technical documentation. Suitable for continuous industrial duty cycles and harsh environments."
PRD-000788,Mop System Elite 50,Cleaning,410.1,50,100,RS Components,SP-579790,35.1,"Aisle F, Shelf 16","High-quality mop system elite 50 suitable for industrial and commercial use. Meets ISO standards. Compliant with EN, ISO 9001, and OSHA workplace standards. Includes manufacturer warranty and full technical documentation. Suitable for continuous industrial duty cycles and harsh environments."
PRD-000789,Creeper Basic 75,Automotive,975.57,10,30,Mouser Electronics,SP-908915,22.73,"Aisle A, Shelf 14","High-quality creeper basic 75 suitable for industrial and commercial use. Meets ISO standards. Compliant with EN, ISO 9001, and OSHA workplace standards. Includes manufacturer warranty and full technical documentation. Suitable for continuous industrial duty cycles and harsh environments."
PRD-000790,Thinner Gallon Plus 180,Paint & Coating,1357.23,25,125,Makita Corp,SP-640542,10.44,"Aisle E, Shelf 11","High-quality thinner gallon plus 180 suitable for industrial and commercial use. Meets ISO standards. Compliant with EN, ISO 9001, and OSHA workplace standards. Includes manufacturer warranty and full technical documentation. Suitable for continuous industrial duty cycles and harsh environments."
PRD-000791,Cardboard Box Set Heavy-Duty 180,Packaging,1607.44,5,15,Arrow Electronics,SP-674069,79.04,"Aisle D, Shelf 7","High-quality cardboard box set heavy-duty 180 suitable for industrial and commercial use. Meets ISO standards. Compliant with EN, ISO 9001, and OSHA workplace standards. Includes manufacturer warranty and full technical documentation. Suitable for continuous industrial duty cycles and harsh environments."
PRD-000792,Epoxy Kit XL 300,Paint & Coating,1497.27,10,40,ABB Ltd,SP-744105,29.98,"Aisle A, Shelf 13","High-quality epoxy kit xl 300 suitable for industrial and commercial use. Meets ISO standards. Compliant with EN, ISO 9001, and OSHA workplace standards. Includes manufacturer warranty and full technical documentation. Suitable for continuous industrial duty cycles and harsh environments."
PRD-000793,Junction Box Commercial 180,Electrical,882.75,25,100,Digi-Key Corp,SP-600687,46.71,"Aisle A, Shelf 19","High-quality junction box commercial 180 suitable for industrial and commercial use. Meets ISO standards. Compliant with EN, ISO 9001, and OSHA workplace standards. Includes manufacturer warranty and full technical documentation. Suitable for continuous industrial duty cycles and harsh environments."
PRD-000794,Ball Valve Compact 500,Plumbing,2029.19,15,60,Fastenal Company,SP-457779,61.68,"Aisle B, Shelf 14","High-quality ball valve compact 500 suitable for industrial and commercial use. Meets ISO standards. Compliant with EN, ISO 9001, and OSHA workplace standards. Includes manufacturer warranty and full technical documentation. Suitable for continuous industrial duty cycles and harsh environments."
PRD-000795,Epoxy Kit XL 120,Paint & Coating,2043.84,50,150,RS Components,SP-958403,44.44,"Aisle B, Shelf 14","High-quality epoxy kit xl 120 suitable for industrial and commercial use. Meets ISO standards. Compliant with EN, ISO 9001, and OSHA workplace standards. Includes manufacturer warranty and full technical documentation. Suitable for continuous industrial duty cycles and harsh environments."
PRD-000796,Diagnostic Scanner Commercial 100,Automotive,1870.12,5,20,Siemens AG,SP-402618,6.01,"Aisle A, Shelf 19","High-quality diagnostic scanner commercial 100 suitable for industrial and commercial use. Meets ISO standards. Compliant with EN, ISO 9001, and OSHA workplace standards. Includes manufacturer warranty and full technical documentation. Suitable for continuous industrial duty cycles and harsh environments."
PRD-000797,Jack Stand Set Heavy-Duty 500,Automotive,1021.31,25,125,MSC Industrial,SP-973738,47.41,"Aisle C, Shelf 17","High-quality jack stand set heavy-duty 500 suitable for industrial and commercial use. Meets ISO standards. Compliant with EN, ISO 9001, and OSHA workplace standards. Includes manufacturer warranty and full technical documentation. Suitable for continuous industrial duty cycles and harsh environments."
PRD-000798,Printer Paper Box Plus 600,Office Supplies,353.16,100,500,Würth Group,SP-586749,1.6,"Aisle E, Shelf 4","High-quality printer paper box plus 600 suitable for industrial and commercial use. Meets ISO standards. Compliant with EN, ISO 9001, and OSHA workplace standards. Includes manufacturer warranty and full technical documentation. Suitable for continuous industrial duty cycles and harsh environments."
PRD-000799,Storage Cabinet Elite 150,Storage,1232.09,25,75,Digi-Key Corp,SP-937457,55.12,"Aisle H, Shelf 10","High-quality storage cabinet elite 150 suitable for industrial and commercial use. Meets ISO standards. Compliant with EN, ISO 9001, and OSHA workplace standards. Includes manufacturer warranty and full technical documentation. Suitable for continuous industrial duty cycles and harsh environments."
PRD-000800,Seal Kit Commercial 750,Industrial Parts,1080.31,15,75,DeWalt Tools,SP-821635,5.53,"Aisle A, Shelf 7","High-quality seal kit commercial 750 suitable for industrial and commercial use. Meets ISO standards. Compliant with EN, ISO 9001, and OSHA workplace standards. Includes manufacturer warranty and full technical documentation. Suitable for continuous industrial duty cycles and harsh environments."
PRD-000801,Brake Pad Set Mini 150,Automotive,2286.62,15,75,Würth Group,SP-477045,65.05,"Aisle D, Shelf 19","High-quality brake pad set mini 150 suitable for industrial and commercial use. Meets ISO standards. Compliant with EN, ISO 9001, and OSHA workplace standards. Includes manufacturer warranty and full technical documentation. Suitable for continuous industrial duty cycles and harsh environments."
PRD-000802,Bubble Wrap Roll Heavy-Duty 1000,Packaging,2158.8,15,75,3M Corporation,SP-764081,47.96,"Aisle E, Shelf 1","High-quality bubble wrap roll heavy-duty 1000 suitable for industrial and commercial use. Meets ISO standards. Compliant with EN, ISO 9001, and OSHA workplace standards. Includes manufacturer warranty and full technical documentation. Suitable for continuous industrial duty cycles and harsh environments."
PRD-000803,Cable Tester Max 350,Electronics,122.3,25,125,Makita Corp,SP-611230,77.21,"Aisle G, Shelf 19","High-quality cable tester max 350 suitable for industrial and commercial use. Meets ISO standards. Compliant with EN, ISO 9001, and OSHA workplace standards. Includes manufacturer warranty and full technical documentation. Suitable for continuous industrial duty cycles and harsh environments."
PRD-000804,Planer Basic 600,Tools,1158.18,5,20,RS Components,SP-115654,48.69,"Aisle B, Shelf 5","High-quality planer basic 600 suitable for industrial and commercial use. Meets ISO standards. Compliant with EN, ISO 9001, and OSHA workplace standards. Includes manufacturer warranty and full technical documentation. Suitable for continuous industrial duty cycles and harsh environments."
PRD-000805,Water Pump Basic 100,Plumbing,2129.09,15,75,3M Corporation,SP-870327,32.22,"Aisle C, Shelf 15","High-quality water pump basic 100 suitable for industrial and commercial use. Meets ISO standards. Compliant with EN, ISO 9001, and OSHA workplace standards. Includes manufacturer warranty and full technical documentation. Suitable for continuous industrial duty cycles and harsh environments."
PRD-000806,Desk Organizer Standard 750,Office Supplies,1117.19,5,15,Schneider Electric,SP-527433,58.3,"Aisle C, Shelf 7","High-quality desk organizer standard 750 suitable for industrial and commercial use. Meets ISO standards. Compliant with EN, ISO 9001, and OSHA workplace standards. Includes manufacturer warranty and full technical documentation. Suitable for continuous industrial duty cycles and harsh environments."
PRD-000807,Soldering Station Ultra 250,Electronics,1994.37,10,50,MSC Industrial,SP-982984,33.91,"Aisle C, Shelf 8","High-quality soldering station ultra 250 suitable for industrial and commercial use. Meets ISO standards. Compliant with EN, ISO 9001, and OSHA workplace standards. Includes manufacturer warranty and full technical documentation. Suitable for continuous industrial duty cycles and harsh environments."
PRD-000808,Pipe Fitting Set Heavy-Duty 600,Plumbing,1822.81,5,20,Hilti AG,SP-764696,37.22,"Aisle C, Shelf 16","High-quality pipe fitting set heavy-duty 600 suitable for industrial and commercial use. Meets ISO standards. Compliant with EN, ISO 9001, and OSHA workplace standards. Includes manufacturer warranty and full technical documentation. Suitable for continuous industrial duty cycles and harsh environments."
PRD-000809,Battery Charger Elite 300,Automotive,1110.24,20,80,MSC Industrial,SP-862180,17.43,"Aisle A, Shelf 19","High-quality battery charger elite 300 suitable for industrial and commercial use. Meets ISO standards. Compliant with EN, ISO 9001, and OSHA workplace standards. Includes manufacturer warranty and full technical documentation. Suitable for continuous industrial duty cycles and harsh environments."
PRD-000810,Pneumatic Valve Plus 150,Industrial Parts,704.52,10,50,Fastenal Company,SP-814614,82.16,"Aisle B, Shelf 10","High-quality pneumatic valve plus 150 suitable for industrial and commercial use. Meets ISO standards. Compliant with EN, ISO 9001, and OSHA workplace standards. Includes manufacturer warranty and full technical documentation. Suitable for continuous industrial duty cycles and harsh environments."
PRD-000811,Cordless Drill Standard 1000,Tools,1557.0,20,80,Stanley Black & Decker,SP-981531,83.73,"Aisle H, Shelf 1","High-quality cordless drill standard 1000 suitable for industrial and commercial use. Meets ISO standards. Compliant with EN, ISO 9001, and OSHA workplace standards. Includes manufacturer warranty and full technical documentation. Suitable for continuous industrial duty cycles and harsh environments."
PRD-000812,Relay Module Standard 400,Electrical,593.41,5,10,Schneider Electric,SP-848198,46.94,"Aisle D, Shelf 12","High-quality relay module standard 400 suitable for industrial and commercial use. Meets ISO standards. Compliant with EN, ISO 9001, and OSHA workplace standards. Includes manufacturer warranty and full technical documentation. Suitable for continuous industrial duty cycles and harsh environments."
PRD-000813,Belt Sander Standard 200,Tools,2426.77,5,20,Siemens AG,SP-917960,64.15,"Aisle E, Shelf 6","High-quality belt sander standard 200 suitable for industrial and commercial use. Meets ISO standards. Compliant with EN, ISO 9001, and OSHA workplace standards. Includes manufacturer warranty and full technical documentation. Suitable for continuous industrial duty cycles and harsh environments."
PRD-000814,High Bay Light Max 75,Lighting,40.18,25,50,MSC Industrial,SP-236670,78.67,"Aisle G, Shelf 11","High-quality high bay light max 75 suitable for industrial and commercial use. Meets ISO standards. Compliant with EN, ISO 9001, and OSHA workplace standards. Includes manufacturer warranty and full technical documentation. Suitable for continuous industrial duty cycles and harsh environments."
PRD-000815,Strip Light Pro 250,Lighting,2458.23,50,100,3M Corporation,SP-819627,49.06,"Aisle A, Shelf 14","High-quality strip light pro 250 suitable for industrial and commercial use. Meets ISO standards. Compliant with EN, ISO 9001, and OSHA workplace standards. Includes manufacturer warranty and full technical documentation. Suitable for continuous industrial duty cycles and harsh environments."
PRD-000816,Coupling Commercial 75,Industrial Parts,2355.3,100,200,Fastenal Company,SP-606931,56.15,"Aisle F, Shelf 11","High-quality coupling commercial 75 suitable for industrial and commercial use. Meets ISO standards. Compliant with EN, ISO 9001, and OSHA workplace standards. Includes manufacturer warranty and full technical documentation. Suitable for continuous industrial duty cycles and harsh environments."
PRD-000817,Spray Paint Can Compact 75,Paint & Coating,2299.6,25,100,Bosch GmbH,SP-132210,51.65,"Aisle F, Shelf 3","High-quality spray paint can compact 75 suitable for industrial and commercial use. Meets ISO standards. Compliant with EN, ISO 9001, and OSHA workplace standards. Includes manufacturer warranty and full technical documentation. Suitable for continuous industrial duty cycles and harsh environments."
PRD-000818,Projector Premium 600,Office Supplies,32.83,15,60,DeWalt Tools,SP-624021,1.74,"Aisle B, Shelf 10","High-quality projector premium 600 suitable for industrial and commercial use. Meets ISO standards. Compliant with EN, ISO 9001, and OSHA workplace standards. Includes manufacturer warranty and full technical documentation. Suitable for continuous industrial duty cycles and harsh environments."
PRD-000819,Floodlight Premium 300,Lighting,224.75,20,80,RS Components,SP-446245,33.02,"Aisle F, Shelf 17","High-quality floodlight premium 300 suitable for industrial and commercial use. Meets ISO standards. Compliant with EN, ISO 9001, and OSHA workplace standards. Includes manufacturer warranty and full technical documentation. Suitable for continuous industrial duty cycles and harsh environments."
PRD-000820,Sump Pump XL 200,Plumbing,2437.61,25,125,Hilti AG,SP-464816,20.09,"Aisle C, Shelf 17","High-quality sump pump xl 200 suitable for industrial and commercial use. Meets ISO standards. Compliant with EN, ISO 9001, and OSHA workplace standards. Includes manufacturer warranty and full technical documentation. Suitable for continuous industrial duty cycles and harsh environments."
PRD-000821,Multimeter Advanced 350,Electronics,2165.7,100,200,Siemens AG,SP-623215,64.15,"Aisle F, Shelf 16","High-quality multimeter advanced 350 suitable for industrial and commercial use. Meets ISO standards. Compliant with EN, ISO 9001, and OSHA workplace standards. Includes manufacturer warranty and full technical documentation. Suitable for continuous industrial duty cycles and harsh environments."
PRD-000822,Sump Pump Plus 500,Plumbing,1036.39,50,250,Würth Group,SP-732315,39.05,"Aisle D, Shelf 13","High-quality sump pump plus 500 suitable for industrial and commercial use. Meets ISO standards. Compliant with EN, ISO 9001, and OSHA workplace standards. Includes manufacturer warranty and full technical documentation. Suitable for continuous industrial duty cycles and harsh environments."
PRD-000823,Pallet Rack Compact 180,Storage,491.32,10,30,Würth Group,SP-771928,46.83,"Aisle E, Shelf 10","High-quality pallet rack compact 180 suitable for industrial and commercial use. Meets ISO standards. Compliant with EN, ISO 9001, and OSHA workplace standards. Includes manufacturer warranty and full technical documentation. Suitable for continuous industrial duty cycles and harsh environments."
PRD-000824,Hex Bolt Box Advanced 350,Fasteners,2316.06,100,500,Arrow Electronics,SP-657639,65.48,"Aisle H, Shelf 13","High-quality hex bolt box advanced 350 suitable for industrial and commercial use. Meets ISO standards. Compliant with EN, ISO 9001, and OSHA workplace standards. Includes manufacturer warranty and full technical documentation. Suitable for continuous industrial duty cycles and harsh environments."
PRD-000825,Power Supply Unit Elite 180,Electronics,2435.66,15,60,Digi-Key Corp,SP-602079,14.18,"Aisle B, Shelf 18","High-quality power supply unit elite 180 suitable for industrial and commercial use. Meets ISO standards. Compliant with EN, ISO 9001, and OSHA workplace standards. Includes manufacturer warranty and full technical documentation. Suitable for continuous industrial duty cycles and harsh environments."
PRD-000826,Humidity Sensor Premium 400,HVAC,276.68,15,45,Makita Corp,SP-124190,26.93,"Aisle C, Shelf 17","High-quality humidity sensor premium 400 suitable for industrial and commercial use. Meets ISO standards. Compliant with EN, ISO 9001, and OSHA workplace standards. Includes manufacturer warranty and full technical documentation. Suitable for continuous industrial duty cycles and harsh environments."
PRD-000827,Wire Spool Commercial 350,Electrical,414.5,15,75,Siemens AG,SP-221430,38.12,"Aisle A, Shelf 19","High-quality wire spool commercial 350 suitable for industrial and commercial use. Meets ISO standards. Compliant with EN, ISO 9001, and OSHA workplace standards. Includes manufacturer warranty and full technical documentation. Suitable for continuous industrial duty cycles and harsh environments."
PRD-000828,Tire Inflator Plus 1000,Automotive,1199.37,25,50,Digi-Key Corp,SP-481538,78.04,"Aisle B, Shelf 18","High-quality tire inflator plus 1000 suitable for industrial and commercial use. Meets ISO standards. Compliant with EN, ISO 9001, and OSHA workplace standards. Includes manufacturer warranty and full technical documentation. Suitable for continuous industrial duty cycles and harsh environments."
PRD-000829,Sealant Tube Pro 500,Paint & Coating,939.73,5,15,Stanley Black & Decker,SP-170958,25.07,"Aisle C, Shelf 11","High-quality sealant tube pro 500 suitable for industrial and commercial use. Meets ISO standards. Compliant with EN, ISO 9001, and OSHA workplace standards. Includes manufacturer warranty and full technical documentation. Suitable for continuous industrial duty cycles and harsh environments."
PRD-000830,Circuit Breaker Ultra 180,Electrical,1128.5,10,20,Philips Industries,SP-745606,58.56,"Aisle F, Shelf 1","High-quality circuit breaker ultra 180 suitable for industrial and commercial use. Meets ISO standards. Compliant with EN, ISO 9001, and OSHA workplace standards. Includes manufacturer warranty and full technical documentation. Suitable for continuous industrial duty cycles and harsh environments."
PRD-000831,Linear Guide Plus 1000,Industrial Parts,1514.72,10,50,DeWalt Tools,SP-514633,47.94,"Aisle E, Shelf 2","High-quality linear guide plus 1000 suitable for industrial and commercial use. Meets ISO standards. Compliant with EN, ISO 9001, and OSHA workplace standards. Includes manufacturer warranty and full technical documentation. Suitable for continuous industrial duty cycles and harsh environments."
PRD-000832,Circular Saw Mini 400,Tools,152.66,50,150,3M Corporation,SP-976549,30.94,"Aisle B, Shelf 6","High-quality circular saw mini 400 suitable for industrial and commercial use. Meets ISO standards. Compliant with EN, ISO 9001, and OSHA workplace standards. Includes manufacturer warranty and full technical documentation. Suitable for continuous industrial duty cycles and harsh environments."
PRD-000833,Pneumatic Valve Standard 200,Industrial Parts,1591.17,50,250,Schneider Electric,SP-649443,25.58,"Aisle H, Shelf 9","High-quality pneumatic valve standard 200 suitable for industrial and commercial use. Meets ISO standards. Compliant with EN, ISO 9001, and OSHA workplace standards. Includes manufacturer warranty and full technical documentation. Suitable for continuous industrial duty cycles and harsh environments."
PRD-000834,Wire Spool Premium 1000,Electrical,274.75,50,100,Digi-Key Corp,SP-230177,38.0,"Aisle H, Shelf 2","High-quality wire spool premium 1000 suitable for industrial and commercial use. Meets ISO standards. Compliant with EN, ISO 9001, and OSHA workplace standards. Includes manufacturer warranty and full technical documentation. Suitable for continuous industrial duty cycles and harsh environments."
PRD-000835,Epoxy Kit Mini 1000,Paint & Coating,2013.66,25,100,Digi-Key Corp,SP-809479,31.24,"Aisle F, Shelf 4","High-quality epoxy kit mini 1000 suitable for industrial and commercial use. Meets ISO standards. Compliant with EN, ISO 9001, and OSHA workplace standards. Includes manufacturer warranty and full technical documentation. Suitable for continuous industrial duty cycles and harsh environments."
PRD-000836,Printer Paper Box Compact 750,Office Supplies,2098.88,15,75,Mouser Electronics,SP-625118,83.61,"Aisle H, Shelf 13","High-quality printer paper box compact 750 suitable for industrial and commercial use. Meets ISO standards. Compliant with EN, ISO 9001, and OSHA workplace standards. Includes manufacturer warranty and full technical documentation. Suitable for continuous industrial duty cycles and harsh environments."
PRD-000837,Tool Chest Heavy-Duty 50,Storage,748.58,50,150,Fastenal Company,SP-669255,5.62,"Aisle B, Shelf 9","High-quality tool chest heavy-duty 50 suitable for industrial and commercial use. Meets ISO standards. Compliant with EN, ISO 9001, and OSHA workplace standards. Includes manufacturer warranty and full technical documentation. Suitable for continuous industrial duty cycles and harsh environments."
PRD-000838,Shrink Wrap System Basic 75,Packaging,1740.13,100,200,Allied Electronics,SP-164473,1.52,"Aisle C, Shelf 18","High-quality shrink wrap system basic 75 suitable for industrial and commercial use. Meets ISO standards. Compliant with EN, ISO 9001, and OSHA workplace standards. Includes manufacturer warranty and full technical documentation. Suitable for continuous industrial duty cycles and harsh environments."
PRD-000839,Degreaser Drum XL 100,Cleaning,182.47,20,40,Philips Industries,SP-376444,78.09,"Aisle A, Shelf 2","High-quality degreaser drum xl 100 suitable for industrial and commercial use. Meets ISO standards. Compliant with EN, ISO 9001, and OSHA workplace standards. Includes manufacturer warranty and full technical documentation. Suitable for continuous industrial duty cycles and harsh environments."
PRD-000840,Pallet Wrap Pro 1000,Packaging,2290.34,5,25,Fastenal Company,SP-963494,14.69,"Aisle G, Shelf 8","High-quality pallet wrap pro 1000 suitable for industrial and commercial use. Meets ISO standards. Compliant with EN, ISO 9001, and OSHA workplace standards. Includes manufacturer warranty and full technical documentation. Suitable for continuous industrial duty cycles and harsh environments."
PRD-000841,Pressure Gauge Commercial 250,Plumbing,358.57,50,250,Bosch GmbH,SP-346351,18.74,"Aisle D, Shelf 6","High-quality pressure gauge commercial 250 suitable for industrial and commercial use. Meets ISO standards. Compliant with EN, ISO 9001, and OSHA workplace standards. Includes manufacturer warranty and full technical documentation. Suitable for continuous industrial duty cycles and harsh environments."
PRD-000842,Refrigerant Kit Commercial 600,HVAC,1286.2,50,150,DeWalt Tools,SP-865089,69.97,"Aisle F, Shelf 7","High-quality refrigerant kit commercial 600 suitable for industrial and commercial use. Meets ISO standards. Compliant with EN, ISO 9001, and OSHA workplace standards. Includes manufacturer warranty and full technical documentation. Suitable for continuous industrial duty cycles and harsh environments."
PRD-000843,Thinner Gallon Premium 350,Paint & Coating,960.87,5,15,Arrow Electronics,SP-380465,43.94,"Aisle D, Shelf 1","High-quality thinner gallon premium 350 suitable for industrial and commercial use. Meets ISO standards. Compliant with EN, ISO 9001, and OSHA workplace standards. Includes manufacturer warranty and full technical documentation. Suitable for continuous industrial duty cycles and harsh environments."
PRD-000844,Steam Cleaner Plus 50,Cleaning,2240.16,25,100,Grainger Inc,SP-759369,71.48,"Aisle B, Shelf 20","High-quality steam cleaner plus 50 suitable for industrial and commercial use. Meets ISO standards. Compliant with EN, ISO 9001, and OSHA workplace standards. Includes manufacturer warranty and full technical documentation. Suitable for continuous industrial duty cycles and harsh environments."
PRD-000845,Angle Grinder Max 1000,Tools,1194.36,5,10,Stanley Black & Decker,SP-494399,36.72,"Aisle D, Shelf 1","High-quality angle grinder max 1000 suitable for industrial and commercial use. Meets ISO standards. Compliant with EN, ISO 9001, and OSHA workplace standards. Includes manufacturer warranty and full technical documentation. Suitable for continuous industrial duty cycles and harsh environments."
PRD-000846,Washer Set Standard 350,Fasteners,1690.74,5,15,Hilti AG,SP-344016,35.78,"Aisle D, Shelf 2","High-quality washer set standard 350 suitable for industrial and commercial use. Meets ISO standards. Compliant with EN, ISO 9001, and OSHA workplace standards. Includes manufacturer warranty and full technical documentation. Suitable for continuous industrial duty cycles and harsh environments."
PRD-000847,Water Pump Mini 750,Plumbing,2327.77,25,75,Würth Group,SP-425686,8.13,"Aisle H, Shelf 1","High-quality water pump mini 750 suitable for industrial and commercial use. Meets ISO standards. Compliant with EN, ISO 9001, and OSHA workplace standards. Includes manufacturer warranty and full technical documentation. Suitable for continuous industrial duty cycles and harsh environments."
PRD-000848,Desk Lamp Premium 300,Lighting,2029.42,100,400,Allied Electronics,SP-110683,12.43,"Aisle D, Shelf 11","High-quality desk lamp premium 300 suitable for industrial and commercial use. Meets ISO standards. Compliant with EN, ISO 9001, and OSHA workplace standards. Includes manufacturer warranty and full technical documentation. Suitable for continuous industrial duty cycles and harsh environments."
PRD-000849,Air Compressor Commercial 750,HVAC,1668.46,50,150,RS Components,SP-250820,34.57,"Aisle G, Shelf 19","High-quality air compressor commercial 750 suitable for industrial and commercial use. Meets ISO standards. Compliant with EN, ISO 9001, and OSHA workplace standards. Includes manufacturer warranty and full technical documentation. Suitable for continuous industrial duty cycles and harsh environments."
PRD-000850,V-Belt Plus 350,Industrial Parts,892.48,100,500,Philips Industries,SP-375283,74.48,"Aisle C, Shelf 11","High-quality v-belt plus 350 suitable for industrial and commercial use. Meets ISO standards. Compliant with EN, ISO 9001, and OSHA workplace standards. Includes manufacturer warranty and full technical documentation. Suitable for continuous industrial duty cycles and harsh environments."
PRD-000851,Ear Protection Basic 750,Safety Equipment,1410.07,50,150,Fastenal Company,SP-369911,47.48,"Aisle G, Shelf 20","High-quality ear protection basic 750 suitable for industrial and commercial use. Meets ISO standards. Compliant with EN, ISO 9001, and OSHA workplace standards. Includes manufacturer warranty and full technical documentation. Suitable for continuous industrial duty cycles and harsh environments."
PRD-000852,Tool Chest Mini 180,Storage,981.4,50,150,Siemens AG,SP-286432,30.77,"Aisle A, Shelf 11","High-quality tool chest mini 180 suitable for industrial and commercial use. Meets ISO standards. Compliant with EN, ISO 9001, and OSHA workplace standards. Includes manufacturer warranty and full technical documentation. Suitable for continuous industrial duty cycles and harsh environments."
PRD-000853,Linear Guide XL 120,Industrial Parts,974.83,100,200,Digi-Key Corp,SP-779429,63.42,"Aisle H, Shelf 19","High-quality linear guide xl 120 suitable for industrial and commercial use. Meets ISO standards. Compliant with EN, ISO 9001, and OSHA workplace standards. Includes manufacturer warranty and full technical documentation. Suitable for continuous industrial duty cycles and harsh environments."
PRD-000854,Battery Charger Advanced 180,Automotive,468.71,20,80,RS Components,SP-703452,23.92,"Aisle H, Shelf 7","High-quality battery charger advanced 180 suitable for industrial and commercial use. Meets ISO standards. Compliant with EN, ISO 9001, and OSHA workplace standards. Includes manufacturer warranty and full technical documentation. Suitable for continuous industrial duty cycles and harsh environments."
PRD-000855,Logic Analyzer Max 120,Electronics,994.1,5,25,Makita Corp,SP-867355,2.94,"Aisle C, Shelf 4","High-quality logic analyzer max 120 suitable for industrial and commercial use. Meets ISO standards. Compliant with EN, ISO 9001, and OSHA workplace standards. Includes manufacturer warranty and full technical documentation. Suitable for continuous industrial duty cycles and harsh environments."
PRD-000856,Signal Generator Elite 100,Electronics,2052.54,5,25,MSC Industrial,SP-527396,10.64,"Aisle F, Shelf 6","High-quality signal generator elite 100 suitable for industrial and commercial use. Meets ISO standards. Compliant with EN, ISO 9001, and OSHA workplace standards. Includes manufacturer warranty and full technical documentation. Suitable for continuous industrial duty cycles and harsh environments."
PRD-000857,Filing Cabinet Mini 750,Office Supplies,2145.49,15,30,3M Corporation,SP-953480,40.78,"Aisle F, Shelf 1","High-quality filing cabinet mini 750 suitable for industrial and commercial use. Meets ISO standards. Compliant with EN, ISO 9001, and OSHA workplace standards. Includes manufacturer warranty and full technical documentation. Suitable for continuous industrial duty cycles and harsh environments."
PRD-000858,Face Shield Standard 750,Safety Equipment,1119.69,50,200,Grainger Inc,SP-882457,56.16,"Aisle G, Shelf 1","High-quality face shield standard 750 suitable for industrial and commercial use. Meets ISO standards. Compliant with EN, ISO 9001, and OSHA workplace standards. Includes manufacturer warranty and full technical documentation. Suitable for continuous industrial duty cycles and harsh environments."
PRD-000859,Router Premium 250,Tools,797.86,100,400,DeWalt Tools,SP-839499,52.0,"Aisle H, Shelf 3","High-quality router premium 250 suitable for industrial and commercial use. Meets ISO standards. Compliant with EN, ISO 9001, and OSHA workplace standards. Includes manufacturer warranty and full technical documentation. Suitable for continuous industrial duty cycles and harsh environments."
PRD-000860,Refrigerant Kit Ultra 75,HVAC,2234.19,15,60,Mouser Electronics,SP-169173,39.52,"Aisle B, Shelf 3","High-quality refrigerant kit ultra 75 suitable for industrial and commercial use. Meets ISO standards. Compliant with EN, ISO 9001, and OSHA workplace standards. Includes manufacturer warranty and full technical documentation. Suitable for continuous industrial duty cycles and harsh environments."
PRD-000861,Strip Light Premium 150,Lighting,2304.17,15,75,3M Corporation,SP-945701,49.61,"Aisle C, Shelf 2","High-quality strip light premium 150 suitable for industrial and commercial use. Meets ISO standards. Compliant with EN, ISO 9001, and OSHA workplace standards. Includes manufacturer warranty and full technical documentation. Suitable for continuous industrial duty cycles and harsh environments."
PRD-000862,Spill Kit Commercial 50,Cleaning,1143.88,5,25,Philips Industries,SP-815084,13.12,"Aisle G, Shelf 18","High-quality spill kit commercial 50 suitable for industrial and commercial use. Meets ISO standards. Compliant with EN, ISO 9001, and OSHA workplace standards. Includes manufacturer warranty and full technical documentation. Suitable for continuous industrial duty cycles and harsh environments."
PRD-000863,Strapping Machine Mini 1000,Packaging,2209.06,15,60,Bosch GmbH,SP-902842,16.15,"Aisle C, Shelf 20","High-quality strapping machine mini 1000 suitable for industrial and commercial use. Meets ISO standards. Compliant with EN, ISO 9001, and OSHA workplace standards. Includes manufacturer warranty and full technical documentation. Suitable for continuous industrial duty cycles and harsh environments."
PRD-000864,Tool Chest Premium 200,Storage,267.75,100,500,Bosch GmbH,SP-565737,6.07,"Aisle H, Shelf 14","High-quality tool chest premium 200 suitable for industrial and commercial use. Meets ISO standards. Compliant with EN, ISO 9001, and OSHA workplace standards. Includes manufacturer warranty and full technical documentation. Suitable for continuous industrial duty cycles and harsh environments."
PRD-000865,Pressure Gauge Plus 750,Plumbing,2182.32,10,30,Mouser Electronics,SP-911324,74.04,"Aisle D, Shelf 7","High-quality pressure gauge plus 750 suitable for industrial and commercial use. Meets ISO standards. Compliant with EN, ISO 9001, and OSHA workplace standards. Includes manufacturer warranty and full technical documentation. Suitable for continuous industrial duty cycles and harsh environments."
PRD-000866,Hex Bolt Box Standard 400,Fasteners,1316.25,10,20,Hilti AG,SP-861376,27.19,"Aisle D, Shelf 19","High-quality hex bolt box standard 400 suitable for industrial and commercial use. Meets ISO standards. Compliant with EN, ISO 9001, and OSHA workplace standards. Includes manufacturer warranty and full technical documentation. Suitable for continuous industrial duty cycles and harsh environments."
PRD-000867,Rust Converter Premium 250,Paint & Coating,2230.44,5,25,Philips Industries,SP-824674,2.88,"Aisle G, Shelf 14","High-quality rust converter premium 250 suitable for industrial and commercial use. Meets ISO standards. Compliant with EN, ISO 9001, and OSHA workplace standards. Includes manufacturer warranty and full technical documentation. Suitable for continuous industrial duty cycles and harsh environments."
PRD-000868,Washer Set Industrial 250,Fasteners,297.1,20,40,MSC Industrial,SP-702345,82.55,"Aisle B, Shelf 17","High-quality washer set industrial 250 suitable for industrial and commercial use. Meets ISO standards. Compliant with EN, ISO 9001, and OSHA workplace standards. Includes manufacturer warranty and full technical documentation. Suitable for continuous industrial duty cycles and harsh environments."
PRD-000869,Face Shield Ultra 180,Safety Equipment,1149.79,15,45,Stanley Black & Decker,SP-452078,29.94,"Aisle A, Shelf 14","High-quality face shield ultra 180 suitable for industrial and commercial use. Meets ISO standards. Compliant with EN, ISO 9001, and OSHA workplace standards. Includes manufacturer warranty and full technical documentation. Suitable for continuous industrial duty cycles and harsh environments."
PRD-000870,Wood Screw Set Advanced 500,Fasteners,2143.25,100,300,Arrow Electronics,SP-525358,84.35,"Aisle H, Shelf 13","High-quality wood screw set advanced 500 suitable for industrial and commercial use. Meets ISO standards. Compliant with EN, ISO 9001, and OSHA workplace standards. Includes manufacturer warranty and full technical documentation. Suitable for continuous industrial duty cycles and harsh environments."
PRD-000871,Hydraulic Cylinder Industrial 300,Industrial Parts,1837.93,25,50,Makita Corp,SP-270519,65.56,"Aisle G, Shelf 12","High-quality hydraulic cylinder industrial 300 suitable for industrial and commercial use. Meets ISO standards. Compliant with EN, ISO 9001, and OSHA workplace standards. Includes manufacturer warranty and full technical documentation. Suitable for continuous industrial duty cycles and harsh environments."
PRD-000872,Wood Screw Set Mini 250,Fasteners,2085.33,100,400,Digi-Key Corp,SP-922603,1.04,"Aisle F, Shelf 19","High-quality wood screw set mini 250 suitable for industrial and commercial use. Meets ISO standards. Compliant with EN, ISO 9001, and OSHA workplace standards. Includes manufacturer warranty and full technical documentation. Suitable for continuous industrial duty cycles and harsh environments."
PRD-000873,Coupling Mini 750,Industrial Parts,1652.7,10,40,Mouser Electronics,SP-813901,26.84,"Aisle G, Shelf 10","High-quality coupling mini 750 suitable for industrial and commercial use. Meets ISO standards. Compliant with EN, ISO 9001, and OSHA workplace standards. Includes manufacturer warranty and full technical documentation. Suitable for continuous industrial duty cycles and harsh environments."
PRD-000874,Linear Guide Heavy-Duty 500,Industrial Parts,2419.03,100,200,MSC Industrial,SP-443862,35.03,"Aisle H, Shelf 2","High-quality linear guide heavy-duty 500 suitable for industrial and commercial use. Meets ISO standards. Compliant with EN, ISO 9001, and OSHA workplace standards. Includes manufacturer warranty and full technical documentation. Suitable for continuous industrial duty cycles and harsh environments."
PRD-000875,Storage Cabinet Plus 1000,Storage,770.77,25,100,3M Corporation,SP-366730,46.83,"Aisle F, Shelf 11","High-quality storage cabinet plus 1000 suitable for industrial and commercial use. Meets ISO standards. Compliant with EN, ISO 9001, and OSHA workplace standards. Includes manufacturer warranty and full technical documentation. Suitable for continuous industrial duty cycles and harsh environments."
PRD-000876,Emergency Light Elite 600,Lighting,199.79,10,20,3M Corporation,SP-917890,49.08,"Aisle E, Shelf 12","High-quality emergency light elite 600 suitable for industrial and commercial use. Meets ISO standards. Compliant with EN, ISO 9001, and OSHA workplace standards. Includes manufacturer warranty and full technical documentation. Suitable for continuous industrial duty cycles and harsh environments."
PRD-000877,Signal Generator Max 300,Electronics,1910.35,50,200,Würth Group,SP-167180,18.56,"Aisle B, Shelf 5","High-quality signal generator max 300 suitable for industrial and commercial use. Meets ISO standards. Compliant with EN, ISO 9001, and OSHA workplace standards. Includes manufacturer warranty and full technical documentation. Suitable for continuous industrial duty cycles and harsh environments."
PRD-000878,Air Compressor Pro 350,HVAC,1637.76,100,200,Siemens AG,SP-478038,40.33,"Aisle D, Shelf 3","High-quality air compressor pro 350 suitable for industrial and commercial use. Meets ISO standards. Compliant with EN, ISO 9001, and OSHA workplace standards. Includes manufacturer warranty and full technical documentation. Suitable for continuous industrial duty cycles and harsh environments."
PRD-000879,Terminal Block Pro 400,Electrical,1975.28,15,30,3M Corporation,SP-679846,29.35,"Aisle D, Shelf 7","High-quality terminal block pro 400 suitable for industrial and commercial use. Meets ISO standards. Compliant with EN, ISO 9001, and OSHA workplace standards. Includes manufacturer warranty and full technical documentation. Suitable for continuous industrial duty cycles and harsh environments."
PRD-000880,Safety Goggles Ultra 600,Safety Equipment,2329.73,25,125,Schneider Electric,SP-767414,8.02,"Aisle B, Shelf 14","High-quality safety goggles ultra 600 suitable for industrial and commercial use. Meets ISO standards. Compliant with EN, ISO 9001, and OSHA workplace standards. Includes manufacturer warranty and full technical documentation. Suitable for continuous industrial duty cycles and harsh environments."
PRD-000881,Paint Roller Set Ultra 600,Paint & Coating,921.5,50,150,Grainger Inc,SP-800373,15.82,"Aisle G, Shelf 17","High-quality paint roller set ultra 600 suitable for industrial and commercial use. Meets ISO standards. Compliant with EN, ISO 9001, and OSHA workplace standards. Includes manufacturer warranty and full technical documentation. Suitable for continuous industrial duty cycles and harsh environments."
PRD-000882,Paint Roller Set Elite 120,Paint & Coating,359.75,15,60,Philips Industries,SP-756187,19.77,"Aisle B, Shelf 4","High-quality paint roller set elite 120 suitable for industrial and commercial use. Meets ISO standards. Compliant with EN, ISO 9001, and OSHA workplace standards. Includes manufacturer warranty and full technical documentation. Suitable for continuous industrial duty cycles and harsh environments."
PRD-000883,Pressure Washer Advanced 1000,Cleaning,529.57,5,20,Digi-Key Corp,SP-926115,38.64,"Aisle B, Shelf 11","High-quality pressure washer advanced 1000 suitable for industrial and commercial use. Meets ISO standards. Compliant with EN, ISO 9001, and OSHA workplace standards. Includes manufacturer warranty and full technical documentation. Suitable for continuous industrial duty cycles and harsh environments."
PRD-000884,Linear Guide Plus 350,Industrial Parts,1726.49,100,300,Digi-Key Corp,SP-952513,53.43,"Aisle E, Shelf 7","High-quality linear guide plus 350 suitable for industrial and commercial use. Meets ISO standards. Compliant with EN, ISO 9001, and OSHA workplace standards. Includes manufacturer warranty and full technical documentation. Suitable for continuous industrial duty cycles and harsh environments."
PRD-000885,Clip Assortment Basic 120,Fasteners,310.64,15,30,Bosch GmbH,SP-695266,6.46,"Aisle B, Shelf 19","High-quality clip assortment basic 120 suitable for industrial and commercial use. Meets ISO standards. Compliant with EN, ISO 9001, and OSHA workplace standards. Includes manufacturer warranty and full technical documentation. Suitable for continuous industrial duty cycles and harsh environments."
PRD-000886,Brake Pad Set Commercial 200,Automotive,1578.46,5,25,Makita Corp,SP-134052,83.18,"Aisle A, Shelf 3","High-quality brake pad set commercial 200 suitable for industrial and commercial use. Meets ISO standards. Compliant with EN, ISO 9001, and OSHA workplace standards. Includes manufacturer warranty and full technical documentation. Suitable for continuous industrial duty cycles and harsh environments."
PRD-000887,Strip Light Heavy-Duty 250,Lighting,2381.73,100,300,Stanley Black & Decker,SP-883063,60.74,"Aisle A, Shelf 11","High-quality strip light heavy-duty 250 suitable for industrial and commercial use. Meets ISO standards. Compliant with EN, ISO 9001, and OSHA workplace standards. Includes manufacturer warranty and full technical documentation. Suitable for continuous industrial duty cycles and harsh environments."
PRD-000888,Storage Cabinet Commercial 180,Storage,457.52,50,250,Würth Group,SP-898499,49.21,"Aisle B, Shelf 14","High-quality storage cabinet commercial 180 suitable for industrial and commercial use. Meets ISO standards. Compliant with EN, ISO 9001, and OSHA workplace standards. Includes manufacturer warranty and full technical documentation. Suitable for continuous industrial duty cycles and harsh environments."
PRD-000889,Portable Work Light Commercial 200,Lighting,162.31,100,500,Bosch GmbH,SP-251154,83.78,"Aisle C, Shelf 4","High-quality portable work light commercial 200 suitable for industrial and commercial use. Meets ISO standards. Compliant with EN, ISO 9001, and OSHA workplace standards. Includes manufacturer warranty and full technical documentation. Suitable for continuous industrial duty cycles and harsh environments."
PRD-000890,Oscilloscope Commercial 1000,Electronics,1308.52,15,60,Schneider Electric,SP-796777,79.62,"Aisle H, Shelf 12","High-quality oscilloscope commercial 1000 suitable for industrial and commercial use. Meets ISO standards. Compliant with EN, ISO 9001, and OSHA workplace standards. Includes manufacturer warranty and full technical documentation. Suitable for continuous industrial duty cycles and harsh environments."
PRD-000891,Circular Saw Ultra 100,Tools,271.61,10,20,Arrow Electronics,SP-378733,53.6,"Aisle D, Shelf 16","High-quality circular saw ultra 100 suitable for industrial and commercial use. Meets ISO standards. Compliant with EN, ISO 9001, and OSHA workplace standards. Includes manufacturer warranty and full technical documentation. Suitable for continuous industrial duty cycles and harsh environments."
PRD-000892,Tool Chest Standard 180,Storage,2186.64,25,50,Allied Electronics,SP-398454,80.36,"Aisle B, Shelf 13","High-quality tool chest standard 180 suitable for industrial and commercial use. Meets ISO standards. Compliant with EN, ISO 9001, and OSHA workplace standards. Includes manufacturer warranty and full technical documentation. Suitable for continuous industrial duty cycles and harsh environments."
PRD-000893,Battery Charger Plus 100,Automotive,2240.17,100,400,Fastenal Company,SP-640380,34.52,"Aisle F, Shelf 19","High-quality battery charger plus 100 suitable for industrial and commercial use. Meets ISO standards. Compliant with EN, ISO 9001, and OSHA workplace standards. Includes manufacturer warranty and full technical documentation. Suitable for continuous industrial duty cycles and harsh environments."
PRD-000894,Brake Pad Set Ultra 1000,Automotive,2204.32,10,30,Mouser Electronics,SP-139097,38.65,"Aisle E, Shelf 19","High-quality brake pad set ultra 1000 suitable for industrial and commercial use. Meets ISO standards. Compliant with EN, ISO 9001, and OSHA workplace standards. Includes manufacturer warranty and full technical documentation. Suitable for continuous industrial duty cycles and harsh environments."
PRD-000895,Face Shield Industrial 750,Safety Equipment,2281.2,20,100,Stanley Black & Decker,SP-838595,12.05,"Aisle G, Shelf 18","High-quality face shield industrial 750 suitable for industrial and commercial use. Meets ISO standards. Compliant with EN, ISO 9001, and OSHA workplace standards. Includes manufacturer warranty and full technical documentation. Suitable for continuous industrial duty cycles and harsh environments."
PRD-000896,Oscilloscope Mini 500,Electronics,1513.49,100,200,Grainger Inc,SP-145580,56.89,"Aisle F, Shelf 16","High-quality oscilloscope mini 500 suitable for industrial and commercial use. Meets ISO standards. Compliant with EN, ISO 9001, and OSHA workplace standards. Includes manufacturer warranty and full technical documentation. Suitable for continuous industrial duty cycles and harsh environments."
PRD-000897,Face Shield XL 1000,Safety Equipment,2043.03,15,75,Honeywell Inc,SP-511418,62.88,"Aisle B, Shelf 16","High-quality face shield xl 1000 suitable for industrial and commercial use. Meets ISO standards. Compliant with EN, ISO 9001, and OSHA workplace standards. Includes manufacturer warranty and full technical documentation. Suitable for continuous industrial duty cycles and harsh environments."
PRD-000898,Pneumatic Valve Heavy-Duty 75,Industrial Parts,461.17,20,80,Würth Group,SP-570998,42.17,"Aisle H, Shelf 16","High-quality pneumatic valve heavy-duty 75 suitable for industrial and commercial use. Meets ISO standards. Compliant with EN, ISO 9001, and OSHA workplace standards. Includes manufacturer warranty and full technical documentation. Suitable for continuous industrial duty cycles and harsh environments."
PRD-000899,Steel-toe Boots Max 100,Safety Equipment,931.42,15,60,3M Corporation,SP-725470,69.6,"Aisle B, Shelf 17","High-quality steel-toe boots max 100 suitable for industrial and commercial use. Meets ISO standards. Compliant with EN, ISO 9001, and OSHA workplace standards. Includes manufacturer warranty and full technical documentation. Suitable for continuous industrial duty cycles and harsh environments."
PRD-000900,Steel-toe Boots Industrial 400,Safety Equipment,142.52,20,80,DeWalt Tools,SP-296634,75.27,"Aisle B, Shelf 12","High-quality steel-toe boots industrial 400 suitable for industrial and commercial use. Meets ISO standards. Compliant with EN, ISO 9001, and OSHA workplace standards. Includes manufacturer warranty and full technical documentation. Suitable for continuous industrial duty cycles and harsh environments."
PRD-000901,Creeper Advanced 180,Automotive,1708.83,100,200,DeWalt Tools,SP-116106,67.58,"Aisle H, Shelf 18","High-quality creeper advanced 180 suitable for industrial and commercial use. Meets ISO standards. Compliant with EN, ISO 9001, and OSHA workplace standards. Includes manufacturer warranty and full technical documentation. Suitable for continuous industrial duty cycles and harsh environments."
PRD-000902,Spray Paint Can Heavy-Duty 120,Paint & Coating,1016.61,25,50,Honeywell Inc,SP-649330,56.21,"Aisle A, Shelf 9","High-quality spray paint can heavy-duty 120 suitable for industrial and commercial use. Meets ISO standards. Compliant with EN, ISO 9001, and OSHA workplace standards. Includes manufacturer warranty and full technical documentation. Suitable for continuous industrial duty cycles and harsh environments."
PRD-000903,Hydraulic Cylinder Commercial 75,Industrial Parts,2056.9,50,250,Allied Electronics,SP-538196,29.57,"Aisle H, Shelf 7","High-quality hydraulic cylinder commercial 75 suitable for industrial and commercial use. Meets ISO standards. Compliant with EN, ISO 9001, and OSHA workplace standards. Includes manufacturer warranty and full technical documentation. Suitable for continuous industrial duty cycles and harsh environments."
PRD-000904,Planer Commercial 150,Tools,2078.93,25,50,Honeywell Inc,SP-322372,38.97,"Aisle D, Shelf 18","High-quality planer commercial 150 suitable for industrial and commercial use. Meets ISO standards. Compliant with EN, ISO 9001, and OSHA workplace standards. Includes manufacturer warranty and full technical documentation. Suitable for continuous industrial duty cycles and harsh environments."
PRD-000905,Motion Sensor Light Commercial 150,Lighting,225.16,5,20,Makita Corp,SP-647606,55.98,"Aisle G, Shelf 7","High-quality motion sensor light commercial 150 suitable for industrial and commercial use. Meets ISO standards. Compliant with EN, ISO 9001, and OSHA workplace standards. Includes manufacturer warranty and full technical documentation. Suitable for continuous industrial duty cycles and harsh environments."
PRD-000906,Mop System Compact 100,Cleaning,2467.07,50,200,Siemens AG,SP-340880,72.36,"Aisle H, Shelf 12","High-quality mop system compact 100 suitable for industrial and commercial use. Meets ISO standards. Compliant with EN, ISO 9001, and OSHA workplace standards. Includes manufacturer warranty and full technical documentation. Suitable for continuous industrial duty cycles and harsh environments."
PRD-000907,Hex Bolt Box Compact 350,Fasteners,301.85,10,30,RS Components,SP-664694,9.95,"Aisle E, Shelf 4","High-quality hex bolt box compact 350 suitable for industrial and commercial use. Meets ISO standards. Compliant with EN, ISO 9001, and OSHA workplace standards. Includes manufacturer warranty and full technical documentation. Suitable for continuous industrial duty cycles and harsh environments."
PRD-000908,Emergency Light Compact 750,Lighting,315.45,10,40,Grainger Inc,SP-861538,12.06,"Aisle A, Shelf 14","High-quality emergency light compact 750 suitable for industrial and commercial use. Meets ISO standards. Compliant with EN, ISO 9001, and OSHA workplace standards. Includes manufacturer warranty and full technical documentation. Suitable for continuous industrial duty cycles and harsh environments."
PRD-000909,Humidity Sensor Max 200,HVAC,125.01,10,20,Digi-Key Corp,SP-637359,40.8,"Aisle A, Shelf 3","High-quality humidity sensor max 200 suitable for industrial and commercial use. Meets ISO standards. Compliant with EN, ISO 9001, and OSHA workplace standards. Includes manufacturer warranty and full technical documentation. Suitable for continuous industrial duty cycles and harsh environments."
PRD-000910,High Bay Light Pro 50,Lighting,1295.08,15,75,MSC Industrial,SP-871861,54.51,"Aisle E, Shelf 9","High-quality high bay light pro 50 suitable for industrial and commercial use. Meets ISO standards. Compliant with EN, ISO 9001, and OSHA workplace standards. Includes manufacturer warranty and full technical documentation. Suitable for continuous industrial duty cycles and harsh environments."
PRD-000911,V-Belt Elite 200,Industrial Parts,2433.74,50,100,Digi-Key Corp,SP-911503,49.53,"Aisle G, Shelf 20","High-quality v-belt elite 200 suitable for industrial and commercial use. Meets ISO standards. Compliant with EN, ISO 9001, and OSHA workplace standards. Includes manufacturer warranty and full technical documentation. Suitable for continuous industrial duty cycles and harsh environments."
PRD-000912,Wire Shelving Compact 100,Storage,303.47,25,50,Allied Electronics,SP-185295,84.52,"Aisle H, Shelf 14","High-quality wire shelving compact 100 suitable for industrial and commercial use. Meets ISO standards. Compliant with EN, ISO 9001, and OSHA workplace standards. Includes manufacturer warranty and full technical documentation. Suitable for continuous industrial duty cycles and harsh environments."
PRD-000913,Printer Paper Box Commercial 120,Office Supplies,719.54,20,60,Stanley Black & Decker,SP-323026,37.66,"Aisle A, Shelf 6","High-quality printer paper box commercial 120 suitable for industrial and commercial use. Meets ISO standards. Compliant with EN, ISO 9001, and OSHA workplace standards. Includes manufacturer warranty and full technical documentation. Suitable for continuous industrial duty cycles and harsh environments."
PRD-000914,Shrink Wrap System Plus 100,Packaging,818.05,5,20,Schneider Electric,SP-921398,20.29,"Aisle A, Shelf 10","High-quality shrink wrap system plus 100 suitable for industrial and commercial use. Meets ISO standards. Compliant with EN, ISO 9001, and OSHA workplace standards. Includes manufacturer warranty and full technical documentation. Suitable for continuous industrial duty cycles and harsh environments."
PRD-000915,Belt Sander Plus 400,Tools,460.83,100,400,Arrow Electronics,SP-298213,65.6,"Aisle C, Shelf 16","High-quality belt sander plus 400 suitable for industrial and commercial use. Meets ISO standards. Compliant with EN, ISO 9001, and OSHA workplace standards. Includes manufacturer warranty and full technical documentation. Suitable for continuous industrial duty cycles and harsh environments."
PRD-000916,High Bay Light XL 250,Lighting,452.78,10,40,Honeywell Inc,SP-820042,24.57,"Aisle D, Shelf 7","High-quality high bay light xl 250 suitable for industrial and commercial use. Meets ISO standards. Compliant with EN, ISO 9001, and OSHA workplace standards. Includes manufacturer warranty and full technical documentation. Suitable for continuous industrial duty cycles and harsh environments."
PRD-000917,Anchor Kit Industrial 180,Fasteners,2218.99,5,10,3M Corporation,SP-385185,71.0,"Aisle B, Shelf 2","High-quality anchor kit industrial 180 suitable for industrial and commercial use. Meets ISO standards. Compliant with EN, ISO 9001, and OSHA workplace standards. Includes manufacturer warranty and full technical documentation. Suitable for continuous industrial duty cycles and harsh environments."
PRD-000918,Outlet Box Ultra 100,Electrical,35.72,25,125,Honeywell Inc,SP-213624,65.83,"Aisle E, Shelf 15","High-quality outlet box ultra 100 suitable for industrial and commercial use. Meets ISO standards. Compliant with EN, ISO 9001, and OSHA workplace standards. Includes manufacturer warranty and full technical documentation. Suitable for continuous industrial duty cycles and harsh environments."
PRD-000919,Ball Bearing Premium 300,Industrial Parts,2350.37,100,400,Fastenal Company,SP-408863,28.14,"Aisle E, Shelf 7","High-quality ball bearing premium 300 suitable for industrial and commercial use. Meets ISO standards. Compliant with EN, ISO 9001, and OSHA workplace standards. Includes manufacturer warranty and full technical documentation. Suitable for continuous industrial duty cycles and harsh environments."
PRD-000920,Mop System Advanced 180,Cleaning,1865.24,20,80,Stanley Black & Decker,SP-645542,29.65,"Aisle C, Shelf 5","High-quality mop system advanced 180 suitable for industrial and commercial use. Meets ISO standards. Compliant with EN, ISO 9001, and OSHA workplace standards. Includes manufacturer warranty and full technical documentation. Suitable for continuous industrial duty cycles and harsh environments."
PRD-000921,Flow Meter Commercial 50,Plumbing,626.7,20,40,Bosch GmbH,SP-502548,52.06,"Aisle G, Shelf 17","High-quality flow meter commercial 50 suitable for industrial and commercial use. Meets ISO standards. Compliant with EN, ISO 9001, and OSHA workplace standards. Includes manufacturer warranty and full technical documentation. Suitable for continuous industrial duty cycles and harsh environments."
PRD-000922,Label Maker Heavy-Duty 750,Office Supplies,505.45,20,80,Philips Industries,SP-357034,64.27,"Aisle H, Shelf 19","High-quality label maker heavy-duty 750 suitable for industrial and commercial use. Meets ISO standards. Compliant with EN, ISO 9001, and OSHA workplace standards. Includes manufacturer warranty and full technical documentation. Suitable for continuous industrial duty cycles and harsh environments."
PRD-000923,Degreaser Drum Ultra 180,Cleaning,775.43,20,100,Honeywell Inc,SP-153547,8.6,"Aisle B, Shelf 10","High-quality degreaser drum ultra 180 suitable for industrial and commercial use. Meets ISO standards. Compliant with EN, ISO 9001, and OSHA workplace standards. Includes manufacturer warranty and full technical documentation. Suitable for continuous industrial duty cycles and harsh environments."
PRD-000924,Impact Wrench Elite 50,Tools,2453.47,5,25,Allied Electronics,SP-442193,8.94,"Aisle C, Shelf 5","High-quality impact wrench elite 50 suitable for industrial and commercial use. Meets ISO standards. Compliant with EN, ISO 9001, and OSHA workplace standards. Includes manufacturer warranty and full technical documentation. Suitable for continuous industrial duty cycles and harsh environments."
PRD-000925,Strapping Machine Industrial 50,Packaging,2476.38,100,500,Arrow Electronics,SP-823631,2.65,"Aisle C, Shelf 3","High-quality strapping machine industrial 50 suitable for industrial and commercial use. Meets ISO standards. Compliant with EN, ISO 9001, and OSHA workplace standards. Includes manufacturer warranty and full technical documentation. Suitable for continuous industrial duty cycles and harsh environments."
PRD-000926,Safety Goggles Ultra 200,Safety Equipment,1165.24,100,300,Fastenal Company,SP-472372,45.29,"Aisle C, Shelf 3","High-quality safety goggles ultra 200 suitable for industrial and commercial use. Meets ISO standards. Compliant with EN, ISO 9001, and OSHA workplace standards. Includes manufacturer warranty and full technical documentation. Suitable for continuous industrial duty cycles and harsh environments."
PRD-000927,Cardboard Box Set Heavy-Duty 100,Packaging,2405.5,15,60,Hilti AG,SP-385115,8.61,"Aisle D, Shelf 19","High-quality cardboard box set heavy-duty 100 suitable for industrial and commercial use. Meets ISO standards. Compliant with EN, ISO 9001, and OSHA workplace standards. Includes manufacturer warranty and full technical documentation. Suitable for continuous industrial duty cycles and harsh environments."
PRD-000928,High-Vis Vest Pro 500,Safety Equipment,1254.32,25,125,Digi-Key Corp,SP-757221,62.8,"Aisle B, Shelf 2","High-quality high-vis vest pro 500 suitable for industrial and commercial use. Meets ISO standards. Compliant with EN, ISO 9001, and OSHA workplace standards. Includes manufacturer warranty and full technical documentation. Suitable for continuous industrial duty cycles and harsh environments."
PRD-000929,Rivet Pack Heavy-Duty 100,Fasteners,1965.98,20,40,Philips Industries,SP-275136,76.62,"Aisle B, Shelf 2","High-quality rivet pack heavy-duty 100 suitable for industrial and commercial use. Meets ISO standards. Compliant with EN, ISO 9001, and OSHA workplace standards. Includes manufacturer warranty and full technical documentation. Suitable for continuous industrial duty cycles and harsh environments."
PRD-000930,Wood Screw Set Mini 150,Fasteners,172.74,25,100,Philips Industries,SP-676799,42.39,"Aisle G, Shelf 2","High-quality wood screw set mini 150 suitable for industrial and commercial use. Meets ISO standards. Compliant with EN, ISO 9001, and OSHA workplace standards. Includes manufacturer warranty and full technical documentation. Suitable for continuous industrial duty cycles and harsh environments."
PRD-000931,Power Supply Unit Basic 200,Electronics,1552.64,20,80,Grainger Inc,SP-683100,25.41,"Aisle C, Shelf 18","High-quality power supply unit basic 200 suitable for industrial and commercial use. Meets ISO standards. Compliant with EN, ISO 9001, and OSHA workplace standards. Includes manufacturer warranty and full technical documentation. Suitable for continuous industrial duty cycles and harsh environments."
PRD-000932,Pressure Gauge Max 75,Plumbing,233.29,50,250,Grainger Inc,SP-631379,77.25,"Aisle H, Shelf 8","High-quality pressure gauge max 75 suitable for industrial and commercial use. Meets ISO standards. Compliant with EN, ISO 9001, and OSHA workplace standards. Includes manufacturer warranty and full technical documentation. Suitable for continuous industrial duty cycles and harsh environments."
PRD-000933,Shredder Compact 300,Office Supplies,1496.06,100,400,Mouser Electronics,SP-535434,44.13,"Aisle H, Shelf 20","High-quality shredder compact 300 suitable for industrial and commercial use. Meets ISO standards. Compliant with EN, ISO 9001, and OSHA workplace standards. Includes manufacturer warranty and full technical documentation. Suitable for continuous industrial duty cycles and harsh environments."
PRD-000934,Signal Generator Basic 500,Electronics,1245.45,100,200,Digi-Key Corp,SP-916001,23.54,"Aisle A, Shelf 18","High-quality signal generator basic 500 suitable for industrial and commercial use. Meets ISO standards. Compliant with EN, ISO 9001, and OSHA workplace standards. Includes manufacturer warranty and full technical documentation. Suitable for continuous industrial duty cycles and harsh environments."
PRD-000935,Oscilloscope Mini 500,Electronics,2152.4,20,100,Siemens AG,SP-812303,57.3,"Aisle G, Shelf 2","High-quality oscilloscope mini 500 suitable for industrial and commercial use. Meets ISO standards. Compliant with EN, ISO 9001, and OSHA workplace standards. Includes manufacturer warranty and full technical documentation. Suitable for continuous industrial duty cycles and harsh environments."
PRD-000936,Water Pump Commercial 400,Plumbing,1441.13,5,20,RS Components,SP-913999,3.47,"Aisle F, Shelf 10","High-quality water pump commercial 400 suitable for industrial and commercial use. Meets ISO standards. Compliant with EN, ISO 9001, and OSHA workplace standards. Includes manufacturer warranty and full technical documentation. Suitable for continuous industrial duty cycles and harsh environments."
PRD-000937,Safety Harness Advanced 250,Safety Equipment,2023.75,25,50,Makita Corp,SP-652163,70.52,"Aisle E, Shelf 4","High-quality safety harness advanced 250 suitable for industrial and commercial use. Meets ISO standards. Compliant with EN, ISO 9001, and OSHA workplace standards. Includes manufacturer warranty and full technical documentation. Suitable for continuous industrial duty cycles and harsh environments."
PRD-000938,Nut Assortment Pro 500,Fasteners,59.52,5,25,RS Components,SP-214335,72.8,"Aisle C, Shelf 2","High-quality nut assortment pro 500 suitable for industrial and commercial use. Meets ISO standards. Compliant with EN, ISO 9001, and OSHA workplace standards. Includes manufacturer warranty and full technical documentation. Suitable for continuous industrial duty cycles and harsh environments."
PRD-000939,Gear Motor Compact 750,Industrial Parts,1652.91,10,20,Fastenal Company,SP-804055,48.97,"Aisle G, Shelf 9","High-quality gear motor compact 750 suitable for industrial and commercial use. Meets ISO standards. Compliant with EN, ISO 9001, and OSHA workplace standards. Includes manufacturer warranty and full technical documentation. Suitable for continuous industrial duty cycles and harsh environments."
PRD-000940,Pressure Gauge XL 200,Plumbing,729.48,5,15,Hilti AG,SP-892611,28.72,"Aisle D, Shelf 20","High-quality pressure gauge xl 200 suitable for industrial and commercial use. Meets ISO standards. Compliant with EN, ISO 9001, and OSHA workplace standards. Includes manufacturer warranty and full technical documentation. Suitable for continuous industrial duty cycles and harsh environments."
PRD-000941,Air Compressor Premium 180,HVAC,1726.3,5,10,Grainger Inc,SP-713715,3.58,"Aisle B, Shelf 7","High-quality air compressor premium 180 suitable for industrial and commercial use. Meets ISO standards. Compliant with EN, ISO 9001, and OSHA workplace standards. Includes manufacturer warranty and full technical documentation. Suitable for continuous industrial duty cycles and harsh environments."
PRD-000942,Brake Pad Set Premium 1000,Automotive,1844.71,25,50,Würth Group,SP-420243,60.12,"Aisle B, Shelf 17","High-quality brake pad set premium 1000 suitable for industrial and commercial use. Meets ISO standards. Compliant with EN, ISO 9001, and OSHA workplace standards. Includes manufacturer warranty and full technical documentation. Suitable for continuous industrial duty cycles and harsh environments."
PRD-000943,Air Compressor Commercial 120,HVAC,376.8,15,45,Siemens AG,SP-110815,76.84,"Aisle H, Shelf 10","High-quality air compressor commercial 120 suitable for industrial and commercial use. Meets ISO standards. Compliant with EN, ISO 9001, and OSHA workplace standards. Includes manufacturer warranty and full technical documentation. Suitable for continuous industrial duty cycles and harsh environments."
PRD-000944,Cable Tester Elite 200,Electronics,2357.12,50,100,Grainger Inc,SP-912883,61.49,"Aisle G, Shelf 2","High-quality cable tester elite 200 suitable for industrial and commercial use. Meets ISO standards. Compliant with EN, ISO 9001, and OSHA workplace standards. Includes manufacturer warranty and full technical documentation. Suitable for continuous industrial duty cycles and harsh environments."
PRD-000945,Spark Plug Pack Industrial 75,Automotive,1352.98,20,40,Würth Group,SP-848367,44.42,"Aisle E, Shelf 17","High-quality spark plug pack industrial 75 suitable for industrial and commercial use. Meets ISO standards. Compliant with EN, ISO 9001, and OSHA workplace standards. Includes manufacturer warranty and full technical documentation. Suitable for continuous industrial duty cycles and harsh environments."
PRD-000946,Filing Cabinet Premium 750,Office Supplies,1043.65,25,50,Bosch GmbH,SP-531906,13.48,"Aisle G, Shelf 2","High-quality filing cabinet premium 750 suitable for industrial and commercial use. Meets ISO standards. Compliant with EN, ISO 9001, and OSHA workplace standards. Includes manufacturer warranty and full technical documentation. Suitable for continuous industrial duty cycles and harsh environments."
PRD-000947,Toner Cartridge Basic 300,Office Supplies,124.38,25,100,Makita Corp,SP-936443,58.79,"Aisle A, Shelf 13","High-quality toner cartridge basic 300 suitable for industrial and commercial use. Meets ISO standards. Compliant with EN, ISO 9001, and OSHA workplace standards. Includes manufacturer warranty and full technical documentation. Suitable for continuous industrial duty cycles and harsh environments."
PRD-000948,Ventilation Fan Elite 500,HVAC,470.04,20,60,Grainger Inc,SP-267487,80.78,"Aisle B, Shelf 15","High-quality ventilation fan elite 500 suitable for industrial and commercial use. Meets ISO standards. Compliant with EN, ISO 9001, and OSHA workplace standards. Includes manufacturer warranty and full technical documentation. Suitable for continuous industrial duty cycles and harsh environments."
PRD-000949,Industrial Vacuum Premium 300,Cleaning,2368.87,50,150,Bosch GmbH,SP-700928,14.52,"Aisle D, Shelf 7","High-quality industrial vacuum premium 300 suitable for industrial and commercial use. Meets ISO standards. Compliant with EN, ISO 9001, and OSHA workplace standards. Includes manufacturer warranty and full technical documentation. Suitable for continuous industrial duty cycles and harsh environments."
PRD-000950,Circuit Breaker Commercial 500,Electrical,2250.49,100,200,MSC Industrial,SP-338553,38.11,"Aisle B, Shelf 9","High-quality circuit breaker commercial 500 suitable for industrial and commercial use. Meets ISO standards. Compliant with EN, ISO 9001, and OSHA workplace standards. Includes manufacturer warranty and full technical documentation. Suitable for continuous industrial duty cycles and harsh environments."
PRD-000951,Washer Set Premium 300,Fasteners,706.39,25,50,Philips Industries,SP-677664,15.15,"Aisle D, Shelf 19","High-quality washer set premium 300 suitable for industrial and commercial use. Meets ISO standards. Compliant with EN, ISO 9001, and OSHA workplace standards. Includes manufacturer warranty and full technical documentation. Suitable for continuous industrial duty cycles and harsh environments."
PRD-000952,Waste Container Premium 500,Cleaning,2264.72,50,250,Arrow Electronics,SP-318767,0.49,"Aisle A, Shelf 2","High-quality waste container premium 500 suitable for industrial and commercial use. Meets ISO standards. Compliant with EN, ISO 9001, and OSHA workplace standards. Includes manufacturer warranty and full technical documentation. Suitable for continuous industrial duty cycles and harsh environments."
PRD-000953,Strip Light Mini 100,Lighting,384.71,50,200,Honeywell Inc,SP-838238,63.64,"Aisle E, Shelf 18","High-quality strip light mini 100 suitable for industrial and commercial use. Meets ISO standards. Compliant with EN, ISO 9001, and OSHA workplace standards. Includes manufacturer warranty and full technical documentation. Suitable for continuous industrial duty cycles and harsh environments."
PRD-000954,Pneumatic Valve Compact 500,Industrial Parts,1765.89,10,40,RS Components,SP-924887,24.47,"Aisle G, Shelf 10","High-quality pneumatic valve compact 500 suitable for industrial and commercial use. Meets ISO standards. Compliant with EN, ISO 9001, and OSHA workplace standards. Includes manufacturer warranty and full technical documentation. Suitable for continuous industrial duty cycles and harsh environments."
PRD-000955,Wire Shelving Ultra 400,Storage,1460.61,10,30,Allied Electronics,SP-225738,9.19,"Aisle G, Shelf 19","High-quality wire shelving ultra 400 suitable for industrial and commercial use. Meets ISO standards. Compliant with EN, ISO 9001, and OSHA workplace standards. Includes manufacturer warranty and full technical documentation. Suitable for continuous industrial duty cycles and harsh environments."
PRD-000956,Soldering Station Heavy-Duty 400,Electronics,2274.75,10,40,RS Components,SP-872696,62.73,"Aisle C, Shelf 5","High-quality soldering station heavy-duty 400 suitable for industrial and commercial use. Meets ISO standards. Compliant with EN, ISO 9001, and OSHA workplace standards. Includes manufacturer warranty and full technical documentation. Suitable for continuous industrial duty cycles and harsh environments."
PRD-000957,Jigsaw Mini 120,Tools,382.56,25,100,Fastenal Company,SP-282856,39.75,"Aisle G, Shelf 1","High-quality jigsaw mini 120 suitable for industrial and commercial use. Meets ISO standards. Compliant with EN, ISO 9001, and OSHA workplace standards. Includes manufacturer warranty and full technical documentation. Suitable for continuous industrial duty cycles and harsh environments."
PRD-000958,Check Valve Pro 400,Plumbing,398.57,20,40,Würth Group,SP-856974,4.34,"Aisle D, Shelf 7","High-quality check valve pro 400 suitable for industrial and commercial use. Meets ISO standards. Compliant with EN, ISO 9001, and OSHA workplace standards. Includes manufacturer warranty and full technical documentation. Suitable for continuous industrial duty cycles and harsh environments."
PRD-000959,Impact Wrench Advanced 75,Tools,1279.08,100,400,Honeywell Inc,SP-799153,78.01,"Aisle A, Shelf 11","High-quality impact wrench advanced 75 suitable for industrial and commercial use. Meets ISO standards. Compliant with EN, ISO 9001, and OSHA workplace standards. Includes manufacturer warranty and full technical documentation. Suitable for continuous industrial duty cycles and harsh environments."
PRD-000960,Nut Assortment Max 750,Fasteners,2393.17,15,30,Bosch GmbH,SP-207901,75.38,"Aisle B, Shelf 8","High-quality nut assortment max 750 suitable for industrial and commercial use. Meets ISO standards. Compliant with EN, ISO 9001, and OSHA workplace standards. Includes manufacturer warranty and full technical documentation. Suitable for continuous industrial duty cycles and harsh environments."
PRD-000961,Drawer Cabinet Ultra 400,Storage,2302.88,25,75,Schneider Electric,SP-744467,66.85,"Aisle F, Shelf 8","High-quality drawer cabinet ultra 400 suitable for industrial and commercial use. Meets ISO standards. Compliant with EN, ISO 9001, and OSHA workplace standards. Includes manufacturer warranty and full technical documentation. Suitable for continuous industrial duty cycles and harsh environments."
PRD-000962,Drawer Cabinet Standard 600,Storage,2409.32,25,50,RS Components,SP-965503,75.35,"Aisle E, Shelf 7","High-quality drawer cabinet standard 600 suitable for industrial and commercial use. Meets ISO standards. Compliant with EN, ISO 9001, and OSHA workplace standards. Includes manufacturer warranty and full technical documentation. Suitable for continuous industrial duty cycles and harsh environments."
PRD-000963,Degreaser Drum Mini 180,Cleaning,153.49,10,40,Stanley Black & Decker,SP-856172,22.94,"Aisle A, Shelf 11","High-quality degreaser drum mini 180 suitable for industrial and commercial use. Meets ISO standards. Compliant with EN, ISO 9001, and OSHA workplace standards. Includes manufacturer warranty and full technical documentation. Suitable for continuous industrial duty cycles and harsh environments."
PRD-000964,Steam Cleaner Basic 120,Cleaning,1446.18,15,75,Philips Industries,SP-135618,78.27,"Aisle E, Shelf 19","High-quality steam cleaner basic 120 suitable for industrial and commercial use. Meets ISO standards. Compliant with EN, ISO 9001, and OSHA workplace standards. Includes manufacturer warranty and full technical documentation. Suitable for continuous industrial duty cycles and harsh environments."
PRD-000965,Junction Box Plus 250,Electrical,2257.89,100,200,MSC Industrial,SP-533444,68.2,"Aisle B, Shelf 11","High-quality junction box plus 250 suitable for industrial and commercial use. Meets ISO standards. Compliant with EN, ISO 9001, and OSHA workplace standards. Includes manufacturer warranty and full technical documentation. Suitable for continuous industrial duty cycles and harsh environments."
PRD-000966,Sealant Tube Basic 750,Paint & Coating,2317.98,15,60,Würth Group,SP-308059,74.01,"Aisle D, Shelf 3","High-quality sealant tube basic 750 suitable for industrial and commercial use. Meets ISO standards. Compliant with EN, ISO 9001, and OSHA workplace standards. Includes manufacturer warranty and full technical documentation. Suitable for continuous industrial duty cycles and harsh environments."
PRD-000967,Sump Pump Standard 200,Plumbing,1525.54,15,30,Würth Group,SP-701610,59.32,"Aisle D, Shelf 8","High-quality sump pump standard 200 suitable for industrial and commercial use. Meets ISO standards. Compliant with EN, ISO 9001, and OSHA workplace standards. Includes manufacturer warranty and full technical documentation. Suitable for continuous industrial duty cycles and harsh environments."
PRD-000968,Coupling Pro 400,Industrial Parts,265.3,50,200,3M Corporation,SP-562519,76.47,"Aisle G, Shelf 11","High-quality coupling pro 400 suitable for industrial and commercial use. Meets ISO standards. Compliant with EN, ISO 9001, and OSHA workplace standards. Includes manufacturer warranty and full technical documentation. Suitable for continuous industrial duty cycles and harsh environments."
PRD-000969,Safety Goggles Premium 50,Safety Equipment,1096.22,15,60,Digi-Key Corp,SP-409732,59.85,"Aisle F, Shelf 1","High-quality safety goggles premium 50 suitable for industrial and commercial use. Meets ISO standards. Compliant with EN, ISO 9001, and OSHA workplace standards. Includes manufacturer warranty and full technical documentation. Suitable for continuous industrial duty cycles and harsh environments."
PRD-000970,Thermal Camera Ultra 200,Electronics,1889.08,5,20,Bosch GmbH,SP-698559,48.29,"Aisle G, Shelf 1","High-quality thermal camera ultra 200 suitable for industrial and commercial use. Meets ISO standards. Compliant with EN, ISO 9001, and OSHA workplace standards. Includes manufacturer warranty and full technical documentation. Suitable for continuous industrial duty cycles and harsh environments."
PRD-000971,Jack Stand Set Elite 150,Automotive,2074.89,10,50,Mouser Electronics,SP-420793,56.31,"Aisle C, Shelf 11","High-quality jack stand set elite 150 suitable for industrial and commercial use. Meets ISO standards. Compliant with EN, ISO 9001, and OSHA workplace standards. Includes manufacturer warranty and full technical documentation. Suitable for continuous industrial duty cycles and harsh environments."
PRD-000972,Battery Charger Premium 180,Automotive,1101.94,100,200,Siemens AG,SP-331304,72.3,"Aisle H, Shelf 17","High-quality battery charger premium 180 suitable for industrial and commercial use. Meets ISO standards. Compliant with EN, ISO 9001, and OSHA workplace standards. Includes manufacturer warranty and full technical documentation. Suitable for continuous industrial duty cycles and harsh environments."
PRD-000973,Ear Protection Industrial 250,Safety Equipment,1271.06,100,300,DeWalt Tools,SP-521157,22.3,"Aisle F, Shelf 13","High-quality ear protection industrial 250 suitable for industrial and commercial use. Meets ISO standards. Compliant with EN, ISO 9001, and OSHA workplace standards. Includes manufacturer warranty and full technical documentation. Suitable for continuous industrial duty cycles and harsh environments."
PRD-000974,Ear Protection Pro 150,Safety Equipment,1856.2,100,200,Makita Corp,SP-282926,45.75,"Aisle D, Shelf 11","High-quality ear protection pro 150 suitable for industrial and commercial use. Meets ISO standards. Compliant with EN, ISO 9001, and OSHA workplace standards. Includes manufacturer warranty and full technical documentation. Suitable for continuous industrial duty cycles and harsh environments."
PRD-000975,Floodlight Basic 250,Lighting,542.71,5,10,Digi-Key Corp,SP-281216,41.08,"Aisle E, Shelf 9","High-quality floodlight basic 250 suitable for industrial and commercial use. Meets ISO standards. Compliant with EN, ISO 9001, and OSHA workplace standards. Includes manufacturer warranty and full technical documentation. Suitable for continuous industrial duty cycles and harsh environments."
PRD-000976,Circular Saw Elite 120,Tools,2076.77,25,75,MSC Industrial,SP-427086,34.11,"Aisle G, Shelf 12","High-quality circular saw elite 120 suitable for industrial and commercial use. Meets ISO standards. Compliant with EN, ISO 9001, and OSHA workplace standards. Includes manufacturer warranty and full technical documentation. Suitable for continuous industrial duty cycles and harsh environments."
PRD-000977,Safety Harness Industrial 250,Safety Equipment,2009.6,50,200,Fastenal Company,SP-804672,68.22,"Aisle E, Shelf 12","High-quality safety harness industrial 250 suitable for industrial and commercial use. Meets ISO standards. Compliant with EN, ISO 9001, and OSHA workplace standards. Includes manufacturer warranty and full technical documentation. Suitable for continuous industrial duty cycles and harsh environments."
PRD-000978,Terminal Block Max 400,Electrical,859.44,100,400,DeWalt Tools,SP-481213,14.9,"Aisle F, Shelf 12","High-quality terminal block max 400 suitable for industrial and commercial use. Meets ISO standards. Compliant with EN, ISO 9001, and OSHA workplace standards. Includes manufacturer warranty and full technical documentation. Suitable for continuous industrial duty cycles and harsh environments."
PRD-000979,Flow Meter Plus 600,Plumbing,1112.5,100,500,Honeywell Inc,SP-445756,26.17,"Aisle F, Shelf 9","High-quality flow meter plus 600 suitable for industrial and commercial use. Meets ISO standards. Compliant with EN, ISO 9001, and OSHA workplace standards. Includes manufacturer warranty and full technical documentation. Suitable for continuous industrial duty cycles and harsh environments."
PRD-000980,Pressure Gauge Plus 180,Plumbing,1406.76,100,200,Arrow Electronics,SP-544452,81.25,"Aisle A, Shelf 20","High-quality pressure gauge plus 180 suitable for industrial and commercial use. Meets ISO standards. Compliant with EN, ISO 9001, and OSHA workplace standards. Includes manufacturer warranty and full technical documentation. Suitable for continuous industrial duty cycles and harsh environments."
PRD-000981,Impact Wrench Mini 100,Tools,1977.53,10,20,Stanley Black & Decker,SP-440338,4.91,"Aisle G, Shelf 15","High-quality impact wrench mini 100 suitable for industrial and commercial use. Meets ISO standards. Compliant with EN, ISO 9001, and OSHA workplace standards. Includes manufacturer warranty and full technical documentation. Suitable for continuous industrial duty cycles and harsh environments."
PRD-000982,Tool Chest Max 200,Storage,797.55,25,100,3M Corporation,SP-915526,73.54,"Aisle G, Shelf 6","High-quality tool chest max 200 suitable for industrial and commercial use. Meets ISO standards. Compliant with EN, ISO 9001, and OSHA workplace standards. Includes manufacturer warranty and full technical documentation. Suitable for continuous industrial duty cycles and harsh environments."
PRD-000983,Degreaser Drum Pro 150,Cleaning,1176.0,25,50,Philips Industries,SP-911610,8.3,"Aisle B, Shelf 9","High-quality degreaser drum pro 150 suitable for industrial and commercial use. Meets ISO standards. Compliant with EN, ISO 9001, and OSHA workplace standards. Includes manufacturer warranty and full technical documentation. Suitable for continuous industrial duty cycles and harsh environments."
PRD-000984,Jigsaw Max 300,Tools,1269.79,5,10,Arrow Electronics,SP-811313,56.79,"Aisle H, Shelf 15","High-quality jigsaw max 300 suitable for industrial and commercial use. Meets ISO standards. Compliant with EN, ISO 9001, and OSHA workplace standards. Includes manufacturer warranty and full technical documentation. Suitable for continuous industrial duty cycles and harsh environments."
PRD-000985,Pressure Washer Max 300,Cleaning,877.91,10,50,Digi-Key Corp,SP-456926,60.56,"Aisle D, Shelf 17","High-quality pressure washer max 300 suitable for industrial and commercial use. Meets ISO standards. Compliant with EN, ISO 9001, and OSHA workplace standards. Includes manufacturer warranty and full technical documentation. Suitable for continuous industrial duty cycles and harsh environments."
PRD-000986,Portable Work Light Compact 1000,Lighting,1469.72,10,40,Hilti AG,SP-839959,63.81,"Aisle E, Shelf 19","High-quality portable work light compact 1000 suitable for industrial and commercial use. Meets ISO standards. Compliant with EN, ISO 9001, and OSHA workplace standards. Includes manufacturer warranty and full technical documentation. Suitable for continuous industrial duty cycles and harsh environments."
PRD-000987,Nut Assortment Premium 50,Fasteners,2067.28,10,50,Hilti AG,SP-122208,59.57,"Aisle B, Shelf 7","High-quality nut assortment premium 50 suitable for industrial and commercial use. Meets ISO standards. Compliant with EN, ISO 9001, and OSHA workplace standards. Includes manufacturer warranty and full technical documentation. Suitable for continuous industrial duty cycles and harsh environments."
PRD-000988,Cordless Drill Advanced 100,Tools,136.85,15,45,Schneider Electric,SP-311335,27.62,"Aisle E, Shelf 11","High-quality cordless drill advanced 100 suitable for industrial and commercial use. Meets ISO standards. Compliant with EN, ISO 9001, and OSHA workplace standards. Includes manufacturer warranty and full technical documentation. Suitable for continuous industrial duty cycles and harsh environments."
PRD-000989,Paint Roller Set Commercial 150,Paint & Coating,599.26,50,250,RS Components,SP-784181,51.47,"Aisle F, Shelf 6","High-quality paint roller set commercial 150 suitable for industrial and commercial use. Meets ISO standards. Compliant with EN, ISO 9001, and OSHA workplace standards. Includes manufacturer warranty and full technical documentation. Suitable for continuous industrial duty cycles and harsh environments."
PRD-000990,Relay Module Industrial 150,Electrical,2368.77,100,300,Allied Electronics,SP-351874,2.05,"Aisle A, Shelf 20","High-quality relay module industrial 150 suitable for industrial and commercial use. Meets ISO standards. Compliant with EN, ISO 9001, and OSHA workplace standards. Includes manufacturer warranty and full technical documentation. Suitable for continuous industrial duty cycles and harsh environments."
PRD-000991,Primer Gallon Basic 1000,Paint & Coating,2119.17,25,125,3M Corporation,SP-945516,42.75,"Aisle F, Shelf 20","High-quality primer gallon basic 1000 suitable for industrial and commercial use. Meets ISO standards. Compliant with EN, ISO 9001, and OSHA workplace standards. Includes manufacturer warranty and full technical documentation. Suitable for continuous industrial duty cycles and harsh environments."
PRD-000992,Clip Assortment Compact 250,Fasteners,2356.3,10,40,Makita Corp,SP-823758,15.51,"Aisle H, Shelf 13","High-quality clip assortment compact 250 suitable for industrial and commercial use. Meets ISO standards. Compliant with EN, ISO 9001, and OSHA workplace standards. Includes manufacturer warranty and full technical documentation. Suitable for continuous industrial duty cycles and harsh environments."
PRD-000993,Junction Box Compact 120,Electrical,285.95,50,250,Makita Corp,SP-651509,47.14,"Aisle F, Shelf 5","High-quality junction box compact 120 suitable for industrial and commercial use. Meets ISO standards. Compliant with EN, ISO 9001, and OSHA workplace standards. Includes manufacturer warranty and full technical documentation. Suitable for continuous industrial duty cycles and harsh environments."
PRD-000994,Thermal Camera Advanced 250,Electronics,1626.27,10,50,RS Components,SP-385548,50.91,"Aisle F, Shelf 3","High-quality thermal camera advanced 250 suitable for industrial and commercial use. Meets ISO standards. Compliant with EN, ISO 9001, and OSHA workplace standards. Includes manufacturer warranty and full technical documentation. Suitable for continuous industrial duty cycles and harsh environments."
PRD-000995,Ball Valve XL 100,Plumbing,1757.54,15,75,3M Corporation,SP-825746,48.6,"Aisle D, Shelf 14","High-quality ball valve xl 100 suitable for industrial and commercial use. Meets ISO standards. Compliant with EN, ISO 9001, and OSHA workplace standards. Includes manufacturer warranty and full technical documentation. Suitable for continuous industrial duty cycles and harsh environments."
PRD-000996,Pressure Gauge Plus 200,Plumbing,2106.43,100,300,RS Components,SP-360181,57.19,"Aisle G, Shelf 18","High-quality pressure gauge plus 200 suitable for industrial and commercial use. Meets ISO standards. Compliant with EN, ISO 9001, and OSHA workplace standards. Includes manufacturer warranty and full technical documentation. Suitable for continuous industrial duty cycles and harsh environments."
PRD-000997,Check Valve Basic 120,Plumbing,1308.61,15,45,DeWalt Tools,SP-518824,57.61,"Aisle A, Shelf 2","High-quality check valve basic 120 suitable for industrial and commercial use. Meets ISO standards. Compliant with EN, ISO 9001, and OSHA workplace standards. Includes manufacturer warranty and full technical documentation. Suitable for continuous industrial duty cycles and harsh environments."
PRD-000998,Angle Grinder XL 180,Tools,1441.65,20,40,RS Components,SP-294873,46.02,"Aisle C, Shelf 8","High-quality angle grinder xl 180 suitable for industrial and commercial use. Meets ISO standards. Compliant with EN, ISO 9001, and OSHA workplace standards. Includes manufacturer warranty and full technical documentation. Suitable for continuous industrial duty cycles and harsh environments."
PRD-000999,Conduit Pack Elite 750,Electrical,2099.21,15,60,Bosch GmbH,SP-725304,74.13,"Aisle G, Shelf 16","High-quality conduit pack elite 750 suitable for industrial and commercial use. Meets ISO standards. Compliant with EN, ISO 9001, and OSHA workplace standards. Includes manufacturer warranty and full technical documentation. Suitable for continuous industrial duty cycles and harsh environments."
PRD-001000,Desk Lamp Advanced 200,Lighting,251.07,15,45,Digi-Key Corp,SP-875797,64.72,"Aisle B, Shelf 17","High-quality desk lamp advanced 200 suitable for industrial and commercial use. Meets ISO standards. Compliant with EN, ISO 9001, and OSHA workplace standards. Includes manufacturer warranty and full technical documentation. Suitable for continuous industrial duty cycles and harsh environments."
PRD-001001,Battery Charger Industrial 50,Automotive,166.12,15,75,Würth Group,SP-229035,46.34,"Aisle H, Shelf 17","High-quality battery charger industrial 50 suitable for industrial and commercial use. Meets ISO standards. Compliant with EN, ISO 9001, and OSHA workplace standards. Includes manufacturer warranty and full technical documentation. Suitable for continuous industrial duty cycles and harsh environments."
PRD-001002,Clip Assortment Elite 400,Fasteners,335.04,5,15,Siemens AG,SP-808522,17.07,"Aisle H, Shelf 17","High-quality clip assortment elite 400 suitable for industrial and commercial use. Meets ISO standards. Compliant with EN, ISO 9001, and OSHA workplace standards. Includes manufacturer warranty and full technical documentation. Suitable for continuous industrial duty cycles and harsh environments."
PRD-001003,Nut Assortment Pro 180,Fasteners,399.55,5,15,Schneider Electric,SP-253993,17.43,"Aisle H, Shelf 1","High-quality nut assortment pro 180 suitable for industrial and commercial use. Meets ISO standards. Compliant with EN, ISO 9001, and OSHA workplace standards. Includes manufacturer warranty and full technical documentation. Suitable for continuous industrial duty cycles and harsh environments."
PRD-001004,Router Plus 75,Tools,1589.74,10,50,Siemens AG,SP-951316,54.2,"Aisle H, Shelf 18","High-quality router plus 75 suitable for industrial and commercial use. Meets ISO standards. Compliant with EN, ISO 9001, and OSHA workplace standards. Includes manufacturer warranty and full technical documentation. Suitable for continuous industrial duty cycles and harsh environments."
PRD-001005,Portable Work Light Industrial 350,Lighting,488.7,10,40,Würth Group,SP-796290,31.98,"Aisle F, Shelf 1","High-quality portable work light industrial 350 suitable for industrial and commercial use. Meets ISO standards. Compliant with EN, ISO 9001, and OSHA workplace standards. Includes manufacturer warranty and full technical documentation. Suitable for continuous industrial duty cycles and harsh environments."
PRD-001006,Battery Charger Compact 250,Automotive,1979.42,15,60,Allied Electronics,SP-777513,12.69,"Aisle C, Shelf 13","High-quality battery charger compact 250 suitable for industrial and commercial use. Meets ISO standards. Compliant with EN, ISO 9001, and OSHA workplace standards. Includes manufacturer warranty and full technical documentation. Suitable for continuous industrial duty cycles and harsh environments."
PRD-001007,Soldering Station Premium 500,Electronics,2239.21,10,20,Schneider Electric,SP-365745,17.75,"Aisle E, Shelf 6","High-quality soldering station premium 500 suitable for industrial and commercial use. Meets ISO standards. Compliant with EN, ISO 9001, and OSHA workplace standards. Includes manufacturer warranty and full technical documentation. Suitable for continuous industrial duty cycles and harsh environments."
PRD-001008,Jack Stand Set Mini 150,Automotive,620.63,10,20,RS Components,SP-943893,33.96,"Aisle C, Shelf 14","High-quality jack stand set mini 150 suitable for industrial and commercial use. Meets ISO standards. Compliant with EN, ISO 9001, and OSHA workplace standards. Includes manufacturer warranty and full technical documentation. Suitable for continuous industrial duty cycles and harsh environments."
PRD-001009,Degreaser Drum Pro 500,Cleaning,304.89,15,45,Fastenal Company,SP-438523,68.86,"Aisle H, Shelf 17","High-quality degreaser drum pro 500 suitable for industrial and commercial use. Meets ISO standards. Compliant with EN, ISO 9001, and OSHA workplace standards. Includes manufacturer warranty and full technical documentation. Suitable for continuous industrial duty cycles and harsh environments."
PRD-001010,Ball Valve XL 750,Plumbing,1484.25,100,300,Makita Corp,SP-292161,79.28,"Aisle H, Shelf 20","High-quality ball valve xl 750 suitable for industrial and commercial use. Meets ISO standards. Compliant with EN, ISO 9001, and OSHA workplace standards. Includes manufacturer warranty and full technical documentation. Suitable for continuous industrial duty cycles and harsh environments."
PRD-001011,Jigsaw Premium 150,Tools,133.56,5,10,DeWalt Tools,SP-933881,0.38,"Aisle H, Shelf 14","High-quality jigsaw premium 150 suitable for industrial and commercial use. Meets ISO standards. Compliant with EN, ISO 9001, and OSHA workplace standards. Includes manufacturer warranty and full technical documentation. Suitable for continuous industrial duty cycles and harsh environments."
PRD-001012,Fuse Kit Advanced 200,Electrical,2437.28,5,10,Arrow Electronics,SP-460507,7.49,"Aisle H, Shelf 11","High-quality fuse kit advanced 200 suitable for industrial and commercial use. Meets ISO standards. Compliant with EN, ISO 9001, and OSHA workplace standards. Includes manufacturer warranty and full technical documentation. Suitable for continuous industrial duty cycles and harsh environments."
PRD-001013,Relay Module XL 120,Electrical,1409.76,5,15,Bosch GmbH,SP-885506,5.82,"Aisle A, Shelf 1","High-quality relay module xl 120 suitable for industrial and commercial use. Meets ISO standards. Compliant with EN, ISO 9001, and OSHA workplace standards. Includes manufacturer warranty and full technical documentation. Suitable for continuous industrial duty cycles and harsh environments."
PRD-001014,Jigsaw Heavy-Duty 200,Tools,1098.71,5,15,Würth Group,SP-671063,51.5,"Aisle A, Shelf 2","High-quality jigsaw heavy-duty 200 suitable for industrial and commercial use. Meets ISO standards. Compliant with EN, ISO 9001, and OSHA workplace standards. Includes manufacturer warranty and full technical documentation. Suitable for continuous industrial duty cycles and harsh environments."
PRD-001015,Cardboard Box Set Industrial 350,Packaging,915.19,100,300,Würth Group,SP-986164,75.72,"Aisle B, Shelf 11","High-quality cardboard box set industrial 350 suitable for industrial and commercial use. Meets ISO standards. Compliant with EN, ISO 9001, and OSHA workplace standards. Includes manufacturer warranty and full technical documentation. Suitable for continuous industrial duty cycles and harsh environments."
PRD-001016,Degreaser Drum Max 120,Cleaning,553.85,5,10,Grainger Inc,SP-166525,4.79,"Aisle G, Shelf 8","High-quality degreaser drum max 120 suitable for industrial and commercial use. Meets ISO standards. Compliant with EN, ISO 9001, and OSHA workplace standards. Includes manufacturer warranty and full technical documentation. Suitable for continuous industrial duty cycles and harsh environments."
PRD-001017,High Bay Light Heavy-Duty 750,Lighting,1188.93,20,80,Grainger Inc,SP-102338,59.03,"Aisle F, Shelf 13","High-quality high bay light heavy-duty 750 suitable for industrial and commercial use. Meets ISO standards. Compliant with EN, ISO 9001, and OSHA workplace standards. Includes manufacturer warranty and full technical documentation. Suitable for continuous industrial duty cycles and harsh environments."
PRD-001018,Pallet Rack XL 750,Storage,1549.96,20,100,RS Components,SP-686515,67.09,"Aisle A, Shelf 14","High-quality pallet rack xl 750 suitable for industrial and commercial use. Meets ISO standards. Compliant with EN, ISO 9001, and OSHA workplace standards. Includes manufacturer warranty and full technical documentation. Suitable for continuous industrial duty cycles and harsh environments."
PRD-001019,Router Pro 180,Tools,355.93,25,100,Stanley Black & Decker,SP-635973,82.18,"Aisle C, Shelf 14","High-quality router pro 180 suitable for industrial and commercial use. Meets ISO standards. Compliant with EN, ISO 9001, and OSHA workplace standards. Includes manufacturer warranty and full technical documentation. Suitable for continuous industrial duty cycles and harsh environments."
PRD-001020,Emergency Light XL 350,Lighting,360.26,100,200,Fastenal Company,SP-154961,45.48,"Aisle C, Shelf 10","High-quality emergency light xl 350 suitable for industrial and commercial use. Meets ISO standards. Compliant with EN, ISO 9001, and OSHA workplace standards. Includes manufacturer warranty and full technical documentation. Suitable for continuous industrial duty cycles and harsh environments."
PRD-001021,Jigsaw Max 150,Tools,2484.22,5,15,Mouser Electronics,SP-878125,41.38,"Aisle A, Shelf 8","High-quality jigsaw max 150 suitable for industrial and commercial use. Meets ISO standards. Compliant with EN, ISO 9001, and OSHA workplace standards. Includes manufacturer warranty and full technical documentation. Suitable for continuous industrial duty cycles and harsh environments."
PRD-001022,Industrial Vacuum Advanced 200,Cleaning,1314.89,25,100,RS Components,SP-346522,27.9,"Aisle E, Shelf 4","High-quality industrial vacuum advanced 200 suitable for industrial and commercial use. Meets ISO standards. Compliant with EN, ISO 9001, and OSHA workplace standards. Includes manufacturer warranty and full technical documentation. Suitable for continuous industrial duty cycles and harsh environments."
PRD-001023,Oil Filter Premium 50,Automotive,1482.61,15,75,Mouser Electronics,SP-403982,11.07,"Aisle C, Shelf 11","High-quality oil filter premium 50 suitable for industrial and commercial use. Meets ISO standards. Compliant with EN, ISO 9001, and OSHA workplace standards. Includes manufacturer warranty and full technical documentation. Suitable for continuous industrial duty cycles and harsh environments."
PRD-001024,Belt Sander Mini 300,Tools,1362.01,5,15,Schneider Electric,SP-737680,49.45,"Aisle D, Shelf 5","High-quality belt sander mini 300 suitable for industrial and commercial use. Meets ISO standards. Compliant with EN, ISO 9001, and OSHA workplace standards. Includes manufacturer warranty and full technical documentation. Suitable for continuous industrial duty cycles and harsh environments."
PRD-001025,Wood Screw Set Industrial 750,Fasteners,270.41,25,75,Hilti AG,SP-128247,61.04,"Aisle H, Shelf 4","High-quality wood screw set industrial 750 suitable for industrial and commercial use. Meets ISO standards. Compliant with EN, ISO 9001, and OSHA workplace standards. Includes manufacturer warranty and full technical documentation. Suitable for continuous industrial duty cycles and harsh environments."
PRD-001026,Paint Roller Set Ultra 250,Paint & Coating,1485.83,25,125,RS Components,SP-210524,40.23,"Aisle A, Shelf 14","High-quality paint roller set ultra 250 suitable for industrial and commercial use. Meets ISO standards. Compliant with EN, ISO 9001, and OSHA workplace standards. Includes manufacturer warranty and full technical documentation. Suitable for continuous industrial duty cycles and harsh environments."
PRD-001027,Tire Inflator Industrial 200,Automotive,2499.48,100,500,Mouser Electronics,SP-857864,1.08,"Aisle C, Shelf 18","High-quality tire inflator industrial 200 suitable for industrial and commercial use. Meets ISO standards. Compliant with EN, ISO 9001, and OSHA workplace standards. Includes manufacturer warranty and full technical documentation. Suitable for continuous industrial duty cycles and harsh environments."
PRD-001028,Ball Bearing Compact 250,Industrial Parts,2251.96,5,15,MSC Industrial,SP-997409,75.71,"Aisle B, Shelf 9","High-quality ball bearing compact 250 suitable for industrial and commercial use. Meets ISO standards. Compliant with EN, ISO 9001, and OSHA workplace standards. Includes manufacturer warranty and full technical documentation. Suitable for continuous industrial duty cycles and harsh environments."
PRD-001029,Soldering Station Compact 250,Electronics,1463.21,25,75,DeWalt Tools,SP-516321,41.05,"Aisle D, Shelf 7","High-quality soldering station compact 250 suitable for industrial and commercial use. Meets ISO standards. Compliant with EN, ISO 9001, and OSHA workplace standards. Includes manufacturer warranty and full technical documentation. Suitable for continuous industrial duty cycles and harsh environments."
PRD-001030,Shredder Industrial 600,Office Supplies,1348.27,20,80,Philips Industries,SP-256030,23.67,"Aisle A, Shelf 9","High-quality shredder industrial 600 suitable for industrial and commercial use. Meets ISO standards. Compliant with EN, ISO 9001, and OSHA workplace standards. Includes manufacturer warranty and full technical documentation. Suitable for continuous industrial duty cycles and harsh environments."
PRD-001031,Wood Screw Set Heavy-Duty 75,Fasteners,807.09,15,45,Arrow Electronics,SP-104057,29.03,"Aisle E, Shelf 11","High-quality wood screw set heavy-duty 75 suitable for industrial and commercial use. Meets ISO standards. Compliant with EN, ISO 9001, and OSHA workplace standards. Includes manufacturer warranty and full technical documentation. Suitable for continuous industrial duty cycles and harsh environments."
PRD-001032,Hard Hat Heavy-Duty 150,Safety Equipment,831.75,15,75,Bosch GmbH,SP-880877,30.49,"Aisle H, Shelf 14","High-quality hard hat heavy-duty 150 suitable for industrial and commercial use. Meets ISO standards. Compliant with EN, ISO 9001, and OSHA workplace standards. Includes manufacturer warranty and full technical documentation. Suitable for continuous industrial duty cycles and harsh environments."
PRD-001033,Wire Spool Heavy-Duty 200,Electrical,1716.1,10,50,Bosch GmbH,SP-130839,78.21,"Aisle H, Shelf 19","High-quality wire spool heavy-duty 200 suitable for industrial and commercial use. Meets ISO standards. Compliant with EN, ISO 9001, and OSHA workplace standards. Includes manufacturer warranty and full technical documentation. Suitable for continuous industrial duty cycles and harsh environments."
PRD-001034,Whiteboard Mini 500,Office Supplies,1139.2,100,500,Hilti AG,SP-877662,6.53,"Aisle G, Shelf 10","High-quality whiteboard mini 500 suitable for industrial and commercial use. Meets ISO standards. Compliant with EN, ISO 9001, and OSHA workplace standards. Includes manufacturer warranty and full technical documentation. Suitable for continuous industrial duty cycles and harsh environments."
PRD-001035,Spark Plug Pack Premium 50,Automotive,59.24,50,200,Fastenal Company,SP-821336,54.54,"Aisle D, Shelf 12","High-quality spark plug pack premium 50 suitable for industrial and commercial use. Meets ISO standards. Compliant with EN, ISO 9001, and OSHA workplace standards. Includes manufacturer warranty and full technical documentation. Suitable for continuous industrial duty cycles and harsh environments."
PRD-001036,Ball Valve Premium 150,Plumbing,2211.62,20,100,Siemens AG,SP-644540,9.24,"Aisle A, Shelf 20","High-quality ball valve premium 150 suitable for industrial and commercial use. Meets ISO standards. Compliant with EN, ISO 9001, and OSHA workplace standards. Includes manufacturer warranty and full technical documentation. Suitable for continuous industrial duty cycles and harsh environments."
PRD-001037,Air Filter Commercial 600,HVAC,266.34,25,75,Honeywell Inc,SP-304326,70.16,"Aisle A, Shelf 7","High-quality air filter commercial 600 suitable for industrial and commercial use. Meets ISO standards. Compliant with EN, ISO 9001, and OSHA workplace standards. Includes manufacturer warranty and full technical documentation. Suitable for continuous industrial duty cycles and harsh environments."
PRD-001038,Projector Mini 350,Office Supplies,1246.1,25,50,Honeywell Inc,SP-132729,78.58,"Aisle D, Shelf 18","High-quality projector mini 350 suitable for industrial and commercial use. Meets ISO standards. Compliant with EN, ISO 9001, and OSHA workplace standards. Includes manufacturer warranty and full technical documentation. Suitable for continuous industrial duty cycles and harsh environments."
PRD-001039,Sump Pump Plus 150,Plumbing,2329.78,15,45,Grainger Inc,SP-937278,61.93,"Aisle F, Shelf 11","High-quality sump pump plus 150 suitable for industrial and commercial use. Meets ISO standards. Compliant with EN, ISO 9001, and OSHA workplace standards. Includes manufacturer warranty and full technical documentation. Suitable for continuous industrial duty cycles and harsh environments."
PRD-001040,Fuse Kit Ultra 150,Electrical,2486.57,10,40,Digi-Key Corp,SP-588583,83.43,"Aisle F, Shelf 2","High-quality fuse kit ultra 150 suitable for industrial and commercial use. Meets ISO standards. Compliant with EN, ISO 9001, and OSHA workplace standards. Includes manufacturer warranty and full technical documentation. Suitable for continuous industrial duty cycles and harsh environments."
PRD-001041,Pressure Washer Plus 400,Cleaning,1215.81,5,25,RS Components,SP-461235,64.05,"Aisle A, Shelf 10","High-quality pressure washer plus 400 suitable for industrial and commercial use. Meets ISO standards. Compliant with EN, ISO 9001, and OSHA workplace standards. Includes manufacturer warranty and full technical documentation. Suitable for continuous industrial duty cycles and harsh environments."
PRD-001042,Rust Converter XL 500,Paint & Coating,440.76,25,100,DeWalt Tools,SP-679284,0.38,"Aisle C, Shelf 1","High-quality rust converter xl 500 suitable for industrial and commercial use. Meets ISO standards. Compliant with EN, ISO 9001, and OSHA workplace standards. Includes manufacturer warranty and full technical documentation. Suitable for continuous industrial duty cycles and harsh environments."
PRD-001043,Impact Wrench Premium 50,Tools,2493.49,5,20,Arrow Electronics,SP-636318,40.04,"Aisle B, Shelf 4","High-quality impact wrench premium 50 suitable for industrial and commercial use. Meets ISO standards. Compliant with EN, ISO 9001, and OSHA workplace standards. Includes manufacturer warranty and full technical documentation. Suitable for continuous industrial duty cycles and harsh environments."
PRD-001044,Locker Unit Max 500,Storage,1328.76,15,45,Schneider Electric,SP-187191,28.37,"Aisle D, Shelf 10","High-quality locker unit max 500 suitable for industrial and commercial use. Meets ISO standards. Compliant with EN, ISO 9001, and OSHA workplace standards. Includes manufacturer warranty and full technical documentation. Suitable for continuous industrial duty cycles and harsh environments."
PRD-001045,Angle Grinder Basic 600,Tools,1922.73,50,200,Arrow Electronics,SP-127939,28.93,"Aisle G, Shelf 4","High-quality angle grinder basic 600 suitable for industrial and commercial use. Meets ISO standards. Compliant with EN, ISO 9001, and OSHA workplace standards. Includes manufacturer warranty and full technical documentation. Suitable for continuous industrial duty cycles and harsh environments."
PRD-001046,Whiteboard Elite 400,Office Supplies,329.61,5,25,Allied Electronics,SP-924951,31.25,"Aisle F, Shelf 18","High-quality whiteboard elite 400 suitable for industrial and commercial use. Meets ISO standards. Compliant with EN, ISO 9001, and OSHA workplace standards. Includes manufacturer warranty and full technical documentation. Suitable for continuous industrial duty cycles and harsh environments."
PRD-001047,Tire Inflator Heavy-Duty 600,Automotive,1968.03,25,75,Mouser Electronics,SP-632245,50.17,"Aisle E, Shelf 13","High-quality tire inflator heavy-duty 600 suitable for industrial and commercial use. Meets ISO standards. Compliant with EN, ISO 9001, and OSHA workplace standards. Includes manufacturer warranty and full technical documentation. Suitable for continuous industrial duty cycles and harsh environments."
PRD-001048,Jack Stand Set Ultra 75,Automotive,738.58,25,50,Arrow Electronics,SP-447975,10.29,"Aisle H, Shelf 18","High-quality jack stand set ultra 75 suitable